brand,menu,category,calories,protein,fat,carbs,sodium,allergens,source_url,source_date,verified,allergen_known,image_url,description,media_source_url,media_checked_at,allergy_source_url,price,price_note,price_source_url,price_checked_at
맥도날드,에그 맥머핀,단품,306.0,19.0,5.0,3.0,712.0,계란|우유|대두|밀|돼지고기,https://www.mcdonalds.co.kr/kor/menu/information/nutrition,2026.08.11,True,True,https://www.mcdonalds.co.kr/uploadFolder/product/prov_201901290308474630.png,"캐나디안 스타일 베이컨과 계란의 클래식한 만남, 맥도날드의 아침을 탄생하게 한 바로 그 메뉴.",https://www.mcdonalds.co.kr/kor/menu/burger,2026-08-11,,,매장별 확인,,
맥도날드,베이컨 에그 맥머핀,단품,327.0,19.0,6.0,3.0,687.0,계란|우유|대두|밀|돼지고기,https://www.mcdonalds.co.kr/kor/menu/information/nutrition,2026.08.11,True,True,https://www.mcdonalds.co.kr/uploadFolder/product/prov_201901290309065310.png,"부드러운 계란, 바삭바삭한 베이컨과 고소한 치즈가 갓 구워진 따뜻한 맥머핀",https://www.mcdonalds.co.kr/kor/menu/burger,2026-08-11,,,매장별 확인,,
맥도날드,베이컨 토마토 에그 머핀,단품,341.0,17.0,3.6,5.0,666.0,계란|대두|밀|돼지고기|토마토,https://www.mcdonalds.co.kr/kor/menu/information/nutrition,2026.08.11,True,True,https://www.mcdonalds.co.kr/upload/product/pcfile/1742427076140.png,100% 아라비카로 내린 드립 커피와 갓 구워내 따뜻하고 신선한 베이컨 토마토 에그 머핀 세트,https://www.mcdonalds.co.kr/kor/menu/burger,2026-08-11,,,매장별 확인,,
맥도날드,소시지 에그 맥머핀,단품,432.0,23.0,9.0,3.0,835.0,계란|우유|대두|밀|돼지고기,https://www.mcdonalds.co.kr/kor/menu/information/nutrition,2026.08.11,True,True,https://www.mcdonalds.co.kr/uploadFolder/product/prov_201903190244458360.png,"잉글리쉬 머핀 위에 먹음직스럽게 올려진 치즈와 계란, 그리고 촉촉한 소시지 패티의 맛있는 조화!",https://www.mcdonalds.co.kr/kor/menu/burger,2026-08-11,,,매장별 확인,,
맥도날드,디럭스 브렉퍼스트,단품,768.0,29.0,9.0,11.0,1365.0,계란|우유|대두|밀|돼지고기,https://www.mcdonalds.co.kr/kor/menu/information/nutrition,2026.08.11,True,True,https://www.mcdonalds.co.kr/upload/product/pcfile/1677678243866.png,100% 아라비카로 내린 드립 커피와 함께 즐기는 디럭스 브런치 세트!,https://www.mcdonalds.co.kr/kor/menu/burger,2026-08-11,,,매장별 확인,,
맥도날드,핫케익 2조각,단품,223.0,6.0,1.1,8.0,342.0,계란|우유|대두|밀,https://www.mcdonalds.co.kr/kor/menu/information/nutrition,2026.08.11,True,True,https://www.mcdonalds.co.kr/uploadFolder/product/prov_201902111059484930.png,부드럽게 구워낸 핫케이크에 향긋한 버터와 달콤한 시럽을 살며시 부어 오늘 하루도 기분 좋게 시작하세요.,https://www.mcdonalds.co.kr/kor/menu/burger,2026-08-11,,,매장별 확인,,
맥도날드,핫케익 3조각,단품,335.0,9.0,1.7,12.0,513.0,계란|우유|대두|밀,https://www.mcdonalds.co.kr/kor/menu/information/nutrition,2026.08.11,True,True,https://www.mcdonalds.co.kr/upload/product/pcfile/1677678180571.png,100% 아라비카로 내린 드립 커피와 함께 즐기는 핫케익 3조각 세트!,https://www.mcdonalds.co.kr/kor/menu/burger,2026-08-11,,,매장별 확인,,
맥도날드,치킨 치즈 머핀,단품,498.0,23.0,6.0,3.0,1277.0,계란|우유|대두|밀|닭고기,https://www.mcdonalds.co.kr/kor/menu/information/nutrition,2026.08.11,True,True,https://www.mcdonalds.co.kr/upload/product/pcfile/1742427704912.png,100% 아라비카로 내린 드립 커피와 바삭한 치킨 패티와 고소한 치즈로 아침에도 든든하게!,https://www.mcdonalds.co.kr/kor/menu/burger,2026-08-11,,,매장별 확인,,
맥도날드,그릴드 치킨 모닝 버거,단품,358.0,19.0,4.4,9.0,913.0,계란|우유|대두|밀|쇠고기|닭고기|토마토,https://www.mcdonalds.co.kr/kor/menu/information/nutrition,2026.08.11,True,True,https://www.mcdonalds.co.kr/upload/2026/06/Corp_PC_VIEW_772x530_그릴드치킨모닝버거_EVB_1.png,100% 국내산 닭가슴살을 구워 담백한 그릴드 치킨 패티에 홀그레인 타르타르 소스를 더하고 부드러운 소프트 번으로 완성한 건강한 맥모닝!,https://www.mcdonalds.co.kr/kor/menu/burger,2026-08-11,,,매장별 확인,,
맥도날드,더블 그릴드 치킨 모닝 버거,단품,414.0,30.0,4.6,9.0,1262.0,계란|우유|대두|밀|쇠고기|닭고기|토마토,https://www.mcdonalds.co.kr/kor/menu/information/nutrition,2026.08.11,True,True,https://www.mcdonalds.co.kr/upload/2026/06/Corp_PC_VIEW_772x530_더블그릴드치킨모닝버거_EVB_1.png,100% 국내산 닭가슴살을 구워 담백한 그릴드 치킨 패티 2장에 홀그레인 타르타르 소스를 더하고 부드러운 소프트 번으로 완성한 건강한 맥모닝!,https://www.mcdonalds.co.kr/kor/menu/burger,2026-08-11,,,매장별 확인,,
맥도날드,진주 고추 크림치즈 머핀,단품,523.0,23.0,7.0,5.0,1394.0,계란|우유|대두|밀|닭고기|토마토,https://www.mcdonalds.co.kr/kor/menu/information/nutrition,2026.08.11,True,True,https://www.mcdonalds.co.kr/upload/2026/07/Corp_PC_VIEW_772x530_고추크림치즈머핀_EVB.png,빠삭한 맥치킨 패티에 진주 고추 크림치즈를 더해 완성한 매콤 든든한 아침!,https://www.mcdonalds.co.kr/kor/menu/burger,2026-08-11,,,매장별 확인,,
맥도날드,해쉬 브라운,스낵 & 사이드,162.0,2.0,0.8,0.0,345.0,대두,https://www.mcdonalds.co.kr/kor/menu/information/nutrition,2026.08.11,True,True,https://www.mcdonalds.co.kr/upload/product/pcfile/1742426888535.png,"씹으면 바삭바삭, 속은 부드러운 감자의 고소함.",https://www.mcdonalds.co.kr/kor/menu/burger,2026-08-11,,,매장별 확인,,
맥도날드,빅맥®,버거,582.0,27.0,11.0,8.0,902.0,계란|우유|대두|밀|쇠고기,https://www.mcdonalds.co.kr/kor/menu/information/nutrition,2026.08.11,True,True,https://www.mcdonalds.co.kr/upload/2025/08/빅맥®_세트.png,"100% 순 쇠고기 패티 두 장에 빅맥 ® 만의 특별한 소스. 입안에서 살살 녹는 치즈와 신선한 양상추, 양파, 그리고 피클까지. 50년 넘게 전 세계인의 입맛을 사로 잡은 버거의 대명사.",https://www.mcdonalds.co.kr/kor/menu/burger,2026-08-11,,,매장별 확인,,
맥도날드,맥스파이시® 상하이버거,버거,528.0,22.0,3.2,9.0,952.0,계란|대두|밀|닭고기|토마토,https://www.mcdonalds.co.kr/kor/menu/information/nutrition,2026.08.11,True,True,https://www.mcdonalds.co.kr/upload/product/pcfile/1723562660091.png,쌀가루가 더해져 더 바삭해진 100% 닭가슴살 패티에 아삭아삭한 양상추와 신선한 토마토까지! 더 바삭하고 맛있어진 NEW 맥스파이시 상하이 버거로 입맛도 기분도 화끈하게!,https://www.mcdonalds.co.kr/kor/menu/burger,2026-08-11,,,매장별 확인,,
맥도날드,1955® 버거,버거,572.0,29.0,10.0,15.0,930.0,계란|우유|대두|밀|돼지고기|쇠고기|토마토,https://www.mcdonalds.co.kr/kor/menu/information/nutrition,2026.08.11,True,True,https://www.mcdonalds.co.kr/upload/product/pcfile/1723564262197.png,"113g 두툼한 순 쇠고기 패티, 특별한 1955 소스에 깊은 풍미의 그릴드 어니언까지! 맥도날드가 처음 생긴 1955년의 맛을 담은 영원한 오리지널 1955 버거",https://www.mcdonalds.co.kr/kor/menu/burger,2026-08-11,,,매장별 확인,,
맥도날드,맥치킨® 모짜렐라,버거,735.0,29.0,7.0,18.0,1807.0,계란|우유|대두|밀|닭고기|토마토,https://www.mcdonalds.co.kr/kor/menu/information/nutrition,2026.08.11,True,True,https://www.mcdonalds.co.kr/upload/product/pcfile/1723563301214.png,든든한 맥치킨에 골든 모짜렐라 치즈 스틱 2개와매콤한 아라비아따 소스를 더해강렬하게 재탄생한 맥치킨 모짜렐라!,https://www.mcdonalds.co.kr/kor/menu/burger,2026-08-11,,,매장별 확인,,
맥도날드,맥치킨®,버거,515.0,19.0,3.6,7.0,1148.0,계란|대두|밀|닭고기,https://www.mcdonalds.co.kr/kor/menu/information/nutrition,2026.08.11,True,True,https://www.mcdonalds.co.kr/upload/product/pcfile/1723563415066.png,"바삭한 치킨 패티, 고소한 화이트 마요 소스와아삭한 양상추가 함께!더 업그레이드된 맛으로 돌아온 맥치킨",https://www.mcdonalds.co.kr/kor/menu/burger,2026-08-11,,,매장별 확인,,
맥도날드,더블 불고기버거,버거,635.0,26.0,13.0,15.0,997.0,계란|우유|대두|밀|돼지고기,https://www.mcdonalds.co.kr/kor/menu/information/nutrition,2026.08.11,True,True,https://www.mcdonalds.co.kr/upload/product/pcfile/1723563975095.png,"진한 불고기 소스의 패티가 두 장! 여기에 고소한 치즈와 마요네즈, 신선한 양상추를 곁들인 깊고 풍부한 맛.",https://www.mcdonalds.co.kr/kor/menu/burger,2026-08-11,,,매장별 확인,,
맥도날드,불고기버거,버거,408.0,14.0,6.0,14.0,670.0,계란|대두|밀|돼지고기,https://www.mcdonalds.co.kr/kor/menu/information/nutrition,2026.08.11,True,True,https://www.mcdonalds.co.kr/upload/2026/07/불고기.png,"한국인의 입맛에 딱 맞는 불고기 소스에 잘 재운 패티와 고소한 마요네즈, 신선한 양상추의 맛있는 조합.",https://www.mcdonalds.co.kr/kor/menu/burger,2026-08-11,,,매장별 확인,,
맥도날드,슈슈버거,버거,431.0,13.0,1.9,13.0,758.0,계란|우유|대두|밀|새우|쇠고기|토마토,https://www.mcdonalds.co.kr/kor/menu/information/nutrition,2026.08.11,True,True,https://www.mcdonalds.co.kr/upload/product/pcfile/1723563590522.png,탱~글한 통새우살 가득~ 슈슈 버거,https://www.mcdonalds.co.kr/kor/menu/burger,2026-08-11,,,매장별 확인,,
맥도날드,슈비버거,버거,573.0,22.0,6.0,15.0,951.0,계란|우유|대두|밀|새우|쇠고기|토마토,https://www.mcdonalds.co.kr/kor/menu/information/nutrition,2026.08.11,True,True,https://www.mcdonalds.co.kr/upload/product/pcfile/1723564188909.png,탱~글한 통새우살에 비프 패티를 더해 푸짐하게~ 슈비 버거,https://www.mcdonalds.co.kr/kor/menu/burger,2026-08-11,,,매장별 확인,,
맥도날드,더블 쿼터파운더® 치즈,버거,770.0,50.0,20.0,10.0,1151.0,우유|대두|밀|쇠고기|토마토,https://www.mcdonalds.co.kr/kor/menu/information/nutrition,2026.08.11,True,True,https://www.mcdonalds.co.kr/upload/product/pcfile/1723563759418.png,"좋아하는건 더 많이 즐기시라고, 두 배 이상 커진 1/4 파운드 비프 패티가 두 장 (226그램)! 육즙이 풍부한 고기 맛을 그대로 살린 100% 순 쇠고기 패티 두 장과 치즈 두 장이 입안 가득 완벽하게 조화되는 놀라운 맛",https://www.mcdonalds.co.kr/kor/menu/burger,2026-08-11,,,매장별 확인,,
맥도날드,베이컨 토마토 디럭스,버거,570.0,29.0,11.0,14.0,933.0,계란|우유|대두|밀|돼지고기|쇠고기|토마토,https://www.mcdonalds.co.kr/kor/menu/information/nutrition,2026.08.11,True,True,https://www.mcdonalds.co.kr/upload/product/pcfile/1723563896442.png,"두 장의 100% 순 쇠고기 패티에 그릴에 구워 더욱 고소한 1장의 베이컨을 얹고, 신선한 토마토와 양상추, 매콤달콤한 스위트 칠리 소스, 치즈, 마요네즈를 더해 더욱 풍부하고 신선한 맛의 프리미엄 버거",https://www.mcdonalds.co.kr/kor/menu/burger,2026-08-11,,,매장별 확인,,
맥도날드,쿼터파운더®치즈,버거,536.0,31.0,13.0,10.0,966.0,우유|대두|밀|쇠고기|토마토,https://www.mcdonalds.co.kr/kor/menu/information/nutrition,2026.08.11,True,True,https://www.mcdonalds.co.kr/upload/product/pcfile/1723563812629.png,쿼터파운더라는 이름에서 알 수 있듯이 두 배 이상 커진 1/4파운드(113그램) 비프와 부드러운 치즈 두 장의 환상궁합! 두툼한 순 쇠고기 패티와 신선한 치즈의 풍부한 맛으로 세계적으로 사랑받고 있는 맥도날드의 대표적인 프리미엄 버거,https://www.mcdonalds.co.kr/kor/menu/burger,2026-08-11,,,매장별 확인,,
맥도날드,치즈버거,버거,318.0,16.0,6.0,7.0,612.0,우유|대두|밀|쇠고기|토마토,https://www.mcdonalds.co.kr/kor/menu/information/nutrition,2026.08.11,True,True,https://www.mcdonalds.co.kr/upload/2026/07/치즈버거.png,"고소하고 부드러운 치즈와 100% 순 쇠고기 패티, 맥도날드만의 심플한 클래식 치즈버거.",https://www.mcdonalds.co.kr/kor/menu/burger,2026-08-11,,,매장별 확인,,
맥도날드,더블 치즈버거,버거,479.0,27.0,12.0,8.0,896.0,우유|대두|밀|쇠고기|토마토,https://www.mcdonalds.co.kr/kor/menu/information/nutrition,2026.08.11,True,True,https://www.mcdonalds.co.kr/upload/product/pcfile/1723563512104.png,고소하고 부드러운 치즈와 100% 순 쇠고기 패티가 두개 맥도날드만의 더블 치즈버거!!,https://www.mcdonalds.co.kr/kor/menu/burger,2026-08-11,,,매장별 확인,,
맥도날드,햄버거,버거,266.0,13.0,3.5,7.0,450.0,대두|밀|쇠고기|토마토,https://www.mcdonalds.co.kr/kor/menu/information/nutrition,2026.08.11,True,True,https://www.mcdonalds.co.kr/upload/2025/08/햄버거.png,"100% 순 쇠고기 패티에 상큼한 피클과 양파, 기본에 충실한 맥도날드 햄버거.",https://www.mcdonalds.co.kr/kor/menu/burger,2026-08-11,,,매장별 확인,,
맥도날드,트리플 치즈버거,버거,640.0,38.0,18.0,8.0,1152.0,우유|대두|밀|쇠고기|토마토,https://www.mcdonalds.co.kr/kor/menu/information/nutrition,2026.08.11,True,True,https://www.mcdonalds.co.kr/upload/product/pcfile/1744956010637.png,부드러운 치즈와 풍부한 육즙의 패티를 세배 더 진하게 즐길 수 있는 트리플 치즈버거,https://www.mcdonalds.co.kr/kor/menu/burger,2026-08-11,,,매장별 확인,,
맥도날드,토마토 치즈 비프 버거 ,버거,402.0,18.0,7.0,11.0,682.0,계란|우유|대두|밀|쇠고기|토마토,https://www.mcdonalds.co.kr/kor/menu/information/nutrition,2026.08.11,True,True,https://www.mcdonalds.co.kr/upload/product/pcfile/1742426716721.png,신선한 토마토와 고소한 치즈버거의 조화,https://www.mcdonalds.co.kr/kor/menu/burger,2026-08-11,,,매장별 확인,,
맥도날드,더블 맥스파이시® 상하이 버거,버거,867.0,38.0,6.0,10.0,1640.0,계란|대두|밀|닭고기|토마토,https://www.mcdonalds.co.kr/kor/menu/information/nutrition,2026.08.11,True,True,https://www.mcdonalds.co.kr/upload/2026/02/Corp_PC_VIEW_772x530_더블상하이_EVM.png,쌀가루로 더 바삭해진 매콤한 닭가슴살 패티를 하나 더! 두 장으로 꽉 채운 매콤 바삭한 맛,https://www.mcdonalds.co.kr/kor/menu/burger,2026-08-11,,,매장별 확인,,
맥도날드,맥크리스피™ 치킨 디럭스,버거,578.0,23.0,4.7,13.0,1297.0,계란|우유|대두|밀|쇠고기|닭고기|토마토,https://www.mcdonalds.co.kr/kor/menu/information/nutrition,2026.08.11,True,True,https://www.mcdonalds.co.kr/upload/2026/02/Corp_PC_VIEW_맥크리피_치킨_디럭스_772x530_new.png,"100% 통닭다리살 겉바속촉 케이준 치킨 패티, 촉촉한 포테이토 브리오쉬 번, 스페셜 스모키 소스가 선사하는 놀랍도록 새로운 맛의 치킨 버거!",https://www.mcdonalds.co.kr/kor/menu/burger,2026-08-11,,,매장별 확인,,
맥도날드,맥크리스피™ 치킨 클래식,버거,567.0,23.0,4.7,11.0,1295.0,계란|우유|대두|밀|쇠고기|닭고기|토마토,https://www.mcdonalds.co.kr/kor/menu/information/nutrition,2026.08.11,True,True,https://www.mcdonalds.co.kr/upload/2026/02/Corp_PC_VIEW_맥크리피_치킨_클래식_772x530_new.png,100% 통닭다리살 겉바속촉 케이준 치킨 패티! 치킨 버거 본연의 맛에 충실한 클래식 버거,https://www.mcdonalds.co.kr/kor/menu/burger,2026-08-11,,,매장별 확인,,
맥도날드,진주 고추 크림치즈 비프 버거,버거,586.0,28.0,13.0,11.0,1077.0,계란|우유|대두|밀|돼지고기|쇠고기|토마토|아황산류,https://www.mcdonalds.co.kr/kor/menu/information/nutrition,2026.08.11,True,True,https://www.mcdonalds.co.kr/upload/2026/07/Corp_PC_VIEW_772x530_고추크림치즈비프버거_EVM_맥런치.png,매콤 새콤한 진주 고추 피클이 부드럽고 고소한 크림치즈 소스에 쏙! 두 장의 비프 패티와 만나 한층 더 풍성하게!,https://www.mcdonalds.co.kr/kor/menu/burger,2026-08-11,,,매장별 확인,,
맥도날드,진주 고추 크림치즈 치킨 버거,버거,590.0,24.0,7.0,11.0,1325.0,계란|우유|대두|밀|닭고기|토마토|아황산류,https://www.mcdonalds.co.kr/kor/menu/information/nutrition,2026.08.11,True,True,https://www.mcdonalds.co.kr/upload/2026/07/Corp_PC_VIEW_772x530_고추크림치즈치킨버거_EVM_맥런치.png,진주 고추 크림치즈를 매콤 바삭한 상하이 패티에 더해 한층 더 매콤 바삭하게!,https://www.mcdonalds.co.kr/kor/menu/burger,2026-08-11,,,매장별 확인,,
맥도날드,상하이 치킨 스낵랩,스낵 & 사이드,300.0,11.0,3.9,3.0,823.0,계란|대두|밀|돼지고기|닭고기,https://www.mcdonalds.co.kr/kor/menu/information/nutrition,2026.08.11,True,True,https://www.mcdonalds.co.kr/uploadFolder/product/prov_201902080435011620.png,"매콤한 치킨에 달콤한 화이트 마요 소스로 매콤달콤하게! 베이컨에 양상추, 또띠아까지 어우러져 씹는 맛까지 즐겁다!",https://www.mcdonalds.co.kr/kor/menu/burger,2026-08-11,,,매장별 확인,,
맥도날드,골든 모짜렐라 치즈스틱 2조각,스낵 & 사이드,165.0,8.0,4.2,1.0,288.0,우유|대두|밀,https://www.mcdonalds.co.kr/kor/menu/information/nutrition,2026.08.11,True,True,https://www.mcdonalds.co.kr/uploadFolder/product/prov_201902080435496530.png,속이 꽉 찬 황금빛 바삭함! 자연 모짜렐라 치즈로 빈틈 없이 고소한 맥도날드 치즈스틱을 다양하게 즐겨보세요!,https://www.mcdonalds.co.kr/kor/menu/burger,2026-08-11,,,매장별 확인,,
맥도날드,골든 모짜렐라 치즈스틱 4조각,스낵 & 사이드,330.0,16.0,8.4,2.0,577.0,우유|대두|밀,https://www.mcdonalds.co.kr/kor/menu/information/nutrition,2026.08.11,True,True,https://www.mcdonalds.co.kr/upload/2025/08/골든_모짜렐라_치즈스틱_4조각.png,속이 꽉 찬 황금빛 바삭함! 자연 모짜렐라 치즈로 빈틈 없이 고소한 맥도날드 치즈스틱을 다양하게 즐겨보세요!,https://www.mcdonalds.co.kr/kor/menu/burger,2026-08-11,,,매장별 확인,,
맥도날드,맥너겟® 4조각,스낵 & 사이드,163.0,10.0,1.1,0.0,369.0,계란|대두|밀|닭고기|토마토|아황산류,https://www.mcdonalds.co.kr/kor/menu/information/nutrition,2026.08.11,True,True,https://www.mcdonalds.co.kr/upload/product/pcfile/1612402436174.png,바삭하고 촉촉한 치킨이 한 입에 쏙! 다양한 소스로 입맛에 맞게 즐겨보세요!,https://www.mcdonalds.co.kr/kor/menu/burger,2026-08-11,,,매장별 확인,,
맥도날드,맥너겟® 6조각,스낵 & 사이드,244.0,15.0,1.6,0.0,553.0,계란|대두|밀|닭고기|토마토|아황산류,https://www.mcdonalds.co.kr/kor/menu/information/nutrition,2026.08.11,True,True,https://www.mcdonalds.co.kr/upload/2025/08/맥너겟®6조각.png,바삭하고 촉촉한 치킨이 한 입에 쏙! 다양한 소스로 입맛에 맞게 즐겨보세요!,https://www.mcdonalds.co.kr/kor/menu/burger,2026-08-11,,,매장별 확인,,
맥도날드,맥스파이시® 치킨텐더 2조각,스낵 & 사이드,190.0,14.0,1.2,0.0,763.0,계란|대두|밀|닭고기|토마토|아황산류,https://www.mcdonalds.co.kr/kor/menu/information/nutrition,2026.08.11,True,True,,,,,,,매장별 확인,,
맥도날드,후렌치 후라이 스몰,스낵 & 사이드,210.0,4.0,0.7,0.0,183.0,대두|토마토,https://www.mcdonalds.co.kr/kor/menu/information/nutrition,2026.08.11,True,True,,,,,,,매장별 확인,,
맥도날드,후렌치 후라이 미디엄,스낵 & 사이드,324.0,5.0,1.0,0.0,282.0,대두|토마토,https://www.mcdonalds.co.kr/kor/menu/information/nutrition,2026.08.11,True,True,,,,,,,매장별 확인,,
맥도날드,후렌치 후라이 라지,스낵 & 사이드,397.0,7.0,1.3,0.0,346.0,대두|토마토,https://www.mcdonalds.co.kr/kor/menu/information/nutrition,2026.08.11,True,True,,,,,,,매장별 확인,,
맥도날드,디핑 소스 스위트 앤 사워,스낵 & 사이드,40.0,0.0,0.0,8.0,138.0,대두|밀|아황산류,https://www.mcdonalds.co.kr/kor/menu/information/nutrition,2026.08.11,True,True,,,,,,,매장별 확인,,
맥도날드,디핑 소스 스위트 칠리,스낵 & 사이드,52.0,0.0,0.0,9.0,204.0,토마토,https://www.mcdonalds.co.kr/kor/menu/information/nutrition,2026.08.11,True,True,,,,,,,매장별 확인,,
맥도날드,디핑 소스 케이준,스낵 & 사이드,79.0,0.0,1.1,2.0,124.0,계란|대두,https://www.mcdonalds.co.kr/kor/menu/information/nutrition,2026.08.11,True,True,,,,,,,매장별 확인,,
맥도날드,코울슬로,스낵 & 사이드,179.0,1.0,1.0,18.0,307.0,계란|대두,https://www.mcdonalds.co.kr/kor/menu/information/nutrition,2026.08.11,True,True,https://www.mcdonalds.co.kr/upload/product/pcfile/1680761626050.png,"양배추, 당근, 양파가 상큼하고 크리미한 마요 드레싱과 어우러져 아삭하게 씹히는 샐러드",https://www.mcdonalds.co.kr/kor/menu/burger,2026-08-11,,,매장별 확인,,
맥도날드,맥윙 2조각,스낵 & 사이드,228.0,14.0,3.0,0.0,602.0,계란|대두|밀|닭고기|토마토|아황산류,https://www.mcdonalds.co.kr/kor/menu/information/nutrition,2026.08.11,True,True,https://www.mcdonalds.co.kr/upload/2026/03/Corp_PC_view_772x530_맥윙-2pc.png,"짭조롬하게 시즈닝 된 바삭한 껍질과 쫄깃한 속살의 조화로운 맛, 맥윙",https://www.mcdonalds.co.kr/kor/menu/burger,2026-08-11,,,매장별 확인,,
맥도날드,맥윙 4조각,스낵 & 사이드,455.0,28.0,6.0,1.0,1204.0,계란|대두|밀|닭고기|토마토|아황산류,https://www.mcdonalds.co.kr/kor/menu/information/nutrition,2026.08.11,True,True,https://www.mcdonalds.co.kr/upload/2026/03/Corp_PC_view_772x530_맥윙-4pc.png,"짭조롬하게 시즈닝 된 바삭한 껍질과 쫄깃한 속살의 조화로운 맛, 맥윙",https://www.mcdonalds.co.kr/kor/menu/burger,2026-08-11,,,매장별 확인,,
맥도날드,맥윙 8조각,스낵 & 사이드,910.0,56.0,12.0,1.0,2408.0,계란|대두|밀|닭고기|토마토|아황산류,https://www.mcdonalds.co.kr/kor/menu/information/nutrition,2026.08.11,True,True,https://www.mcdonalds.co.kr/upload/2026/03/Corp_PC_view_772x530_맥윙-8pc.png,"짭조롬하게 시즈닝 된 바삭한 껍질과 쫄깃한 속살의 조화로운 맛, 맥윙",https://www.mcdonalds.co.kr/kor/menu/burger,2026-08-11,,,매장별 확인,,
맥도날드,게살 크림 크로켓 스낵랩,스낵 & 사이드,285.0,7.0,3.8,6.0,640.0,계란|우유|대두|밀|땅콩|게,https://www.mcdonalds.co.kr/kor/menu/information/nutrition,2026.08.11,True,True,https://www.mcdonalds.co.kr/upload/2026/05/Corp_PC_View_772x530_게살크림스낵랩.png,"겉은 바삭, 속은 크리미한 게살 크림 크로켓과 산뜻한 홀그레인 타르타르 소스의 조화! 입안 가득 만족감을 주는 새로운 스낵랩!",https://www.mcdonalds.co.kr/kor/menu/burger,2026-08-11,,,매장별 확인,,
맥도날드,진주 고추 매콤 소스,스낵 & 사이드,72.0,0.0,1.2,2.46,215.0,계란|우유|대두,https://www.mcdonalds.co.kr/kor/menu/information/nutrition,2026.08.11,True,True,,,,,,,매장별 확인,,
맥도날드,오레오 맥플러리,디저트,334.0,6.0,6.0,36.0,179.0,우유|대두|밀,https://www.mcdonalds.co.kr/kor/menu/information/nutrition,2026.08.11,True,True,https://www.mcdonalds.co.kr/upload/product/pcfile/1615378578396.png,우유 듬뿍 신선한 아이스크림에 아삭아삭 오레오 쿠키가 가득!,https://www.mcdonalds.co.kr/kor/menu/burger,2026-08-11,,,매장별 확인,,
맥도날드,딸기 오레오 맥플러리,디저트,305.0,5.0,4.7,38.0,138.0,우유|대두|밀,https://www.mcdonalds.co.kr/kor/menu/information/nutrition,2026.08.11,True,True,https://www.mcdonalds.co.kr/upload/product/pcfile/1615378509519.png,상큼한 딸기와 달콤한 오레오 쿠키가 신선한 우유 아이스크림에 퐁당!,https://www.mcdonalds.co.kr/kor/menu/burger,2026-08-11,,,매장별 확인,,
맥도날드,초코 오레오 맥플러리,디저트,390.0,7.0,8.0,45.0,218.0,우유|대두|밀,https://www.mcdonalds.co.kr/kor/menu/information/nutrition,2026.08.11,True,True,https://www.mcdonalds.co.kr/upload/product/pcfile/1615378451271.png,초콜릿 퍼지와 오레오 쿠키까지! 달달함이 두 배로!,https://www.mcdonalds.co.kr/kor/menu/burger,2026-08-11,,,매장별 확인,,
맥도날드,베리 스트로베리 맥플러리,디저트,327.0,5.0,6.0,38.0,228.0,우유|대두|밀,https://www.mcdonalds.co.kr/kor/menu/information/nutrition,2026.08.11,True,True,https://www.mcdonalds.co.kr/upload/product/pcfile/1617837982953.png,신선한 1등급 원유에 국내산 딸기 과즙이 들어간 스트로베리 아이스크림에 오레오가 블랜드 되어 있는 맥플러리,https://www.mcdonalds.co.kr/kor/menu/burger,2026-08-11,,,매장별 확인,,
맥도날드,스트로베리콘,디저트,142.0,3.0,2.5,16.0,96.0,우유|밀,https://www.mcdonalds.co.kr/kor/menu/information/nutrition,2026.08.11,True,True,https://www.mcdonalds.co.kr/upload/2026/02/Corp_PC_VIEW_772x530_스트로베리콘.png,신선한 1등급 원유와 딸기과즙으로 만든 아이스크림,https://www.mcdonalds.co.kr/kor/menu/burger,2026-08-11,,,매장별 확인,,
맥도날드,아이스크림콘,디저트,146.0,3.0,2.5,15.0,67.0,우유|밀,https://www.mcdonalds.co.kr/kor/menu/information/nutrition,2026.08.11,True,True,https://www.mcdonalds.co.kr/upload/2026/02/Corp_PC_VIEW_772x530_아이스크림콘.png,신선한 우유로 만든 부드러운 아이스크림 콘.,https://www.mcdonalds.co.kr/kor/menu/burger,2026-08-11,,,매장별 확인,,
맥도날드,초코 선데이 아이스크림,디저트,323.0,6.0,8.0,39.0,170.0,우유|대두,https://www.mcdonalds.co.kr/kor/menu/information/nutrition,2026.08.11,True,True,https://www.mcdonalds.co.kr/uploadFolder/product/prov_201901290248295110.png,신선한 우유로 만든 아이스크림에 달콤한 초콜렛 시럽이 입안 가득.,https://www.mcdonalds.co.kr/kor/menu/burger,2026-08-11,,,매장별 확인,,
맥도날드,딸기 선데이 아이스크림,디저트,277.0,5.0,3.9,41.0,96.0,우유,https://www.mcdonalds.co.kr/kor/menu/information/nutrition,2026.08.11,True,True,https://www.mcdonalds.co.kr/uploadFolder/product/prov_201901290248522410.png,신선한 우유와 딸기가 아이스크림으로 만났다!,https://www.mcdonalds.co.kr/kor/menu/burger,2026-08-11,,,매장별 확인,,
맥도날드,바닐라 선데이 아이스크림,디저트,201.0,4.0,3.9,24.0,83.0,우유,https://www.mcdonalds.co.kr/kor/menu/information/nutrition,2026.08.11,True,True,https://www.mcdonalds.co.kr/upload/product/pcfile/1657246845162.png,신선한 우유로 만든 부드럽고 달콤한 아이스크림,https://www.mcdonalds.co.kr/kor/menu/burger,2026-08-11,,,매장별 확인,,
맥도날드,카라멜 팝콘 맥플러리,디저트,361.0,5.0,6.0,44.0,278.0,우유|대두,https://www.mcdonalds.co.kr/kor/menu/information/nutrition,2026.08.11,True,True,https://www.mcdonalds.co.kr/upload/2026/04/Corp_PC_VIEW_772x530_카라멜핌콘맥플_크기수정_1.png,달콤바삭 카라멜 팝콘과 진한 카라멜 시럽이 우유 듬뿍 신선한 아이스크림에 쏙!,https://www.mcdonalds.co.kr/kor/menu/burger,2026-08-11,,,매장별 확인,,
맥도날드,스트로베리 카라멜 팝콘 맥플러리,디저트,355.0,5.0,6.0,46.0,327.0,우유|대두,https://www.mcdonalds.co.kr/kor/menu/information/nutrition,2026.08.11,True,True,https://www.mcdonalds.co.kr/upload/2026/04/Corp_PC_VIEW_772x530_스트로베리카라멜팝콘맥플_2.png,달콤바삭 카라멜 팝콘과 진한 카라멜 시럽이 국내산 딸기 과즙이 들어간 스트로베리 아이스크림에 쏙!,https://www.mcdonalds.co.kr/kor/menu/burger,2026-08-11,,,매장별 확인,,
맥도날드,후룻볼 파인애플,해피밀(옵션),75.0,1.0,0.0,14.0,0.0,,https://www.mcdonalds.co.kr/kor/menu/information/nutrition,2026.08.11,True,True,https://www.mcdonalds.co.kr/upload/product/pcfile/1720153394293.png,달콤하고 신선한 파인애플을 간편하게 즐길 수 있는 과일 간식,https://www.mcdonalds.co.kr/kor/menu/burger,2026-08-11,,,매장별 확인,,
맥도날드,오렌지 주스 캔,해피밀(옵션),56.0,0.9,0.0,11.0,47.0,,https://www.mcdonalds.co.kr/kor/menu/information/nutrition,2026.08.11,True,True,,,,,,,매장별 확인,,
맥도날드,코카 콜라® 미디엄,음료,133.0,0.0,0.0,33.0,9.0,,https://www.mcdonalds.co.kr/kor/menu/information/nutrition,2026.08.11,True,True,,,,,,,매장별 확인,,
맥도날드,코카 콜라® 라지,음료,185.0,0.0,0.0,46.0,13.0,,https://www.mcdonalds.co.kr/kor/menu/information/nutrition,2026.08.11,True,True,,,,,,,매장별 확인,,
맥도날드,코카 콜라® 제로 미디엄,음료,0.0,0.0,0.0,0.0,34.0,,https://www.mcdonalds.co.kr/kor/menu/information/nutrition,2026.08.11,True,True,,,,,,,매장별 확인,,
맥도날드,코카 콜라® 제로 라지,음료,0.0,0.0,0.0,0.0,47.0,,https://www.mcdonalds.co.kr/kor/menu/information/nutrition,2026.08.11,True,True,,,,,,,매장별 확인,,
맥도날드,환타® 미디엄,음료,62.0,0.0,0.0,16.0,16.0,,https://www.mcdonalds.co.kr/kor/menu/information/nutrition,2026.08.11,True,True,,,,,,,매장별 확인,,
맥도날드,환타® 라지,음료,86.0,0.0,0.0,22.0,22.0,,https://www.mcdonalds.co.kr/kor/menu/information/nutrition,2026.08.11,True,True,,,,,,,매장별 확인,,
맥도날드,스프라이트® 미디엄,음료,140.0,0.0,0.0,35.0,28.0,,https://www.mcdonalds.co.kr/kor/menu/information/nutrition,2026.08.11,True,True,,,,,,,매장별 확인,,
맥도날드,스프라이트® 라지,음료,194.0,0.0,0.0,49.0,39.0,,https://www.mcdonalds.co.kr/kor/menu/information/nutrition,2026.08.11,True,True,,,,,,,매장별 확인,,
맥도날드,스프라이트® 제로 미디엄,음료,0.0,0.0,0.0,0.0,16.0,,https://www.mcdonalds.co.kr/kor/menu/information/nutrition,2026.08.11,True,True,,,,,,,매장별 확인,,
맥도날드,스프라이트® 제로 라지,음료,0.0,0.0,0.0,0.0,22.0,,https://www.mcdonalds.co.kr/kor/menu/information/nutrition,2026.08.11,True,True,,,,,,,매장별 확인,,
맥도날드,카페라떼 미디엄,음료,149.0,8.0,4.6,10.0,79.0,우유,https://www.mcdonalds.co.kr/kor/menu/information/nutrition,2026.08.11,True,True,,,,,,,매장별 확인,,
맥도날드,카페라떼 라지,음료,194.0,10.0,6.0,14.0,105.0,우유,https://www.mcdonalds.co.kr/kor/menu/information/nutrition,2026.08.11,True,True,,,,,,,매장별 확인,,
맥도날드,카푸치노 미디엄,음료,93.0,5.0,2.9,6.0,49.0,우유,https://www.mcdonalds.co.kr/kor/menu/information/nutrition,2026.08.11,True,True,,,,,,,매장별 확인,,
맥도날드,카푸치노 라지,음료,120.0,7.0,3.5,8.0,62.0,우유,https://www.mcdonalds.co.kr/kor/menu/information/nutrition,2026.08.11,True,True,,,,,,,매장별 확인,,
맥도날드,아메리카노 미디엄,음료,12.0,1.0,0.0,0.0,0.0,,https://www.mcdonalds.co.kr/kor/menu/information/nutrition,2026.08.11,True,True,,,,,,,매장별 확인,,
맥도날드,아메리카노 라지,음료,15.0,1.0,0.0,0.0,0.0,,https://www.mcdonalds.co.kr/kor/menu/information/nutrition,2026.08.11,True,True,,,,,,,매장별 확인,,
맥도날드,드립 커피 미디엄,음료,10.0,1.0,0.0,0.0,0.0,,https://www.mcdonalds.co.kr/kor/menu/information/nutrition,2026.08.11,True,True,,,,,,,매장별 확인,,
맥도날드,드립 커피 라지,음료,12.0,1.0,0.0,0.0,0.0,,https://www.mcdonalds.co.kr/kor/menu/information/nutrition,2026.08.11,True,True,,,,,,,매장별 확인,,
맥도날드,아이스 드립 커피 (시럽없음) 미디엄,음료,10.0,1.0,0.0,0.0,0.0,,https://www.mcdonalds.co.kr/kor/menu/information/nutrition,2026.08.11,True,True,,,,,,,매장별 확인,,
맥도날드,아이스 드립 커피 (시럽없음) 라지,음료,14.0,1.0,0.0,0.0,0.0,,https://www.mcdonalds.co.kr/kor/menu/information/nutrition,2026.08.11,True,True,,,,,,,매장별 확인,,
맥도날드,아이스 아메리카노(시럽없음) 미디엄,음료,9.0,1.0,0.0,0.0,0.0,,https://www.mcdonalds.co.kr/kor/menu/information/nutrition,2026.08.11,True,True,,,,,,,매장별 확인,,
맥도날드,아이스 아메리카노(시럽없음) 라지,음료,10.0,0.0,0.0,0.0,0.0,,https://www.mcdonalds.co.kr/kor/menu/information/nutrition,2026.08.11,True,True,,,,,,,매장별 확인,,
맥도날드,아이스 카페라떼(시럽없음) 미디엄,음료,109.0,6.0,3.2,7.0,50.0,우유,https://www.mcdonalds.co.kr/kor/menu/information/nutrition,2026.08.11,True,True,,,,,,,매장별 확인,,
맥도날드,아이스 카페라떼(시럽없음) 라지,음료,134.0,6.0,3.9,8.0,63.0,우유,https://www.mcdonalds.co.kr/kor/menu/information/nutrition,2026.08.11,True,True,,,,,,,매장별 확인,,
맥도날드,딸기 쉐이크 미디엄,음료,367.0,9.0,5.0,56.0,180.0,우유,https://www.mcdonalds.co.kr/kor/menu/information/nutrition,2026.08.11,True,True,,,,,,,매장별 확인,,
맥도날드,초코 쉐이크 미디엄,음료,375.0,9.0,6.0,55.0,236.0,우유|대두,https://www.mcdonalds.co.kr/kor/menu/information/nutrition,2026.08.11,True,True,,,,,,,매장별 확인,,
맥도날드,바닐라 쉐이크 미디엄,음료,366.0,9.0,5.0,55.0,206.0,우유,https://www.mcdonalds.co.kr/kor/menu/information/nutrition,2026.08.11,True,True,,,,,,,매장별 확인,,
맥도날드,바닐라 라떼 미디엄,음료,227.0,8.0,4.6,28.0,79.0,우유,https://www.mcdonalds.co.kr/kor/menu/information/nutrition,2026.08.11,True,True,,,,,,,매장별 확인,,
맥도날드,바닐라 라떼 라지,음료,323.0,10.0,6.0,45.0,105.0,우유,https://www.mcdonalds.co.kr/kor/menu/information/nutrition,2026.08.11,True,True,,,,,,,매장별 확인,,
맥도날드,아이스 바닐라 라떼 미디엄,음료,186.0,6.0,3.2,25.0,50.0,우유,https://www.mcdonalds.co.kr/kor/menu/information/nutrition,2026.08.11,True,True,,,,,,,매장별 확인,,
맥도날드,아이스 바닐라 라떼 라지,음료,263.0,6.0,3.9,39.0,63.0,우유,https://www.mcdonalds.co.kr/kor/menu/information/nutrition,2026.08.11,True,True,,,,,,,매장별 확인,,
맥도날드,피치 아이스티 미디엄,음료,162.0,0.0,0.0,34.0,8.0,복숭아,https://www.mcdonalds.co.kr/kor/menu/information/nutrition,2026.08.11,True,True,,,,,,,매장별 확인,,
맥도날드,피치 아이스티 라지,음료,229.0,1.0,0.0,48.0,11.0,복숭아,https://www.mcdonalds.co.kr/kor/menu/information/nutrition,2026.08.11,True,True,,,,,,,매장별 확인,,
맥도날드,망고 피치 아이스티 미디엄,음료,216.0,0.0,0.0,46.0,23.0,복숭아,https://www.mcdonalds.co.kr/kor/menu/information/nutrition,2026.08.11,True,True,,,,,,,매장별 확인,,
맥도날드,망고 피치 아이스티 라지,음료,342.0,1.0,0.0,74.0,43.0,복숭아,https://www.mcdonalds.co.kr/kor/menu/information/nutrition,2026.08.11,True,True,,,,,,,매장별 확인,,
맥도날드,디카페인 아메리카노 미디움,음료,12.0,1.0,0.0,0.0,0.0,,https://www.mcdonalds.co.kr/kor/menu/information/nutrition,2026.08.11,True,True,,,,,,,매장별 확인,,
맥도날드,디카페인 아메리카노 라지,음료,12.0,1.0,0.0,0.0,4.0,,https://www.mcdonalds.co.kr/kor/menu/information/nutrition,2026.08.11,True,True,,,,,,,매장별 확인,,
맥도날드,디카페인 아이스 아메리카노 미디움,음료,8.0,1.0,0.0,0.0,0.0,,https://www.mcdonalds.co.kr/kor/menu/information/nutrition,2026.08.11,True,True,,,,,,,매장별 확인,,
맥도날드,디카페인 아이스 아메리카노 라지,음료,10.0,1.0,0.0,0.0,0.0,,https://www.mcdonalds.co.kr/kor/menu/information/nutrition,2026.08.11,True,True,,,,,,,매장별 확인,,
맥도날드,디카페인 카페 라떼 미디움,음료,150.0,8.0,4.4,10.0,85.0,우유,https://www.mcdonalds.co.kr/kor/menu/information/nutrition,2026.08.11,True,True,,,,,,,매장별 확인,,
맥도날드,디카페인 카페 라떼 라지,음료,190.0,10.0,6.0,13.0,107.0,우유,https://www.mcdonalds.co.kr/kor/menu/information/nutrition,2026.08.11,True,True,,,,,,,매장별 확인,,
맥도날드,디카페인 아이스 카페 라떼 미디움,음료,114.0,6.0,3.2,7.0,54.0,우유,https://www.mcdonalds.co.kr/kor/menu/information/nutrition,2026.08.11,True,True,,,,,,,매장별 확인,,
맥도날드,디카페인 아이스 카페 라떼 라지,음료,133.0,7.0,3.9,8.0,65.0,우유,https://www.mcdonalds.co.kr/kor/menu/information/nutrition,2026.08.11,True,True,,,,,,,매장별 확인,,
맥도날드,디카페인 카푸치노 미디움,음료,89.0,5.0,2.5,6.0,49.0,우유,https://www.mcdonalds.co.kr/kor/menu/information/nutrition,2026.08.11,True,True,,,,,,,매장별 확인,,
맥도날드,디카페인 카푸치노 라지,음료,120.0,6.0,3.5,7.0,65.0,우유,https://www.mcdonalds.co.kr/kor/menu/information/nutrition,2026.08.11,True,True,,,,,,,매장별 확인,,
맥도날드,디카페인 바닐라 라떼 M,음료,227.0,8.0,4.4,29.0,85.0,우유,https://www.mcdonalds.co.kr/kor/menu/information/nutrition,2026.08.11,True,True,,,,,,,매장별 확인,,
맥도날드,디카페인 바닐라 라떼 L,음료,319.0,10.0,6.0,43.0,107.0,우유,https://www.mcdonalds.co.kr/kor/menu/information/nutrition,2026.08.11,True,True,,,,,,,매장별 확인,,
맥도날드,디카페인 아이스 바닐라 라떼 M,음료,191.0,6.0,3.2,26.0,54.0,우유,https://www.mcdonalds.co.kr/kor/menu/information/nutrition,2026.08.11,True,True,,,,,,,매장별 확인,,
맥도날드,디카페인 아이스 바닐라 라떼 L,음료,263.0,7.0,3.9,39.0,65.0,우유,https://www.mcdonalds.co.kr/kor/menu/information/nutrition,2026.08.11,True,True,,,,,,,매장별 확인,,
맥도날드,망고 맥피즈 - 스프라이트 M,음료,165.0,0.0,0.0,40.0,36.0,,https://www.mcdonalds.co.kr/kor/menu/information/nutrition,2026.08.11,True,True,,,,,,,매장별 확인,,
맥도날드,망고 맥피즈 - 스프라이트 L,음료,271.0,0.0,0.0,65.0,61.0,,https://www.mcdonalds.co.kr/kor/menu/information/nutrition,2026.08.11,True,True,,,,,,,매장별 확인,,
맥도날드,그리머스 쉐이크,음료,366.0,9.0,5.0,57.0,180.0,우유,https://www.mcdonalds.co.kr/kor/menu/information/nutrition,2026.08.11,True,True,https://www.mcdonalds.co.kr/upload/2026/05/Corp_PC_View_772x530_그리머스쉐이크.png,"달콤한 블루베리의 맛을 담은 시원한 쉐이크! 여름 시즌 한정 간식, 해피 스낵으로 만나보세요!",https://www.mcdonalds.co.kr/kor/menu/burger,2026-08-11,,,매장별 확인,,
롯데리아,리아 두툼새우,버거메뉴,549.0,18.0,3.2,11.0,1300.0,계란|우유|대두|밀|새우|토마토,https://www.lotteeatz.com/upload/etc/ria/items.html,2026-06-08,True,True,https://img.lotteeatz.com/upload/product/2026/07/15/20260715141202435_8.png/dims/resize/x214/optimize,,https://www.lotteeatz.com/brand/ria,2026-08-11,,7900.0,롯데잇츠 표시가,,
롯데리아,리아 두툼새우 스파이시토마토,버거메뉴,516.0,18.0,4.0,10.0,1310.0,계란|우유|대두|밀|새우|토마토,https://www.lotteeatz.com/upload/etc/ria/items.html,2026-06-08,True,True,https://img.lotteeatz.com/upload/product/2026/07/15/20260715141146741_5.png/dims/resize/x214/optimize,,https://www.lotteeatz.com/brand/ria,2026-08-11,,7900.0,롯데잇츠 표시가,,
롯데리아,한우불고기버거,버거메뉴,572.0,23.0,12.0,15.0,800.0,계란|우유|대두|밀|쇠고기|토마토,https://www.lotteeatz.com/upload/etc/ria/items.html,2026-06-08,True,True,https://img.lotteeatz.com/upload/product/2023/02/10/20230210102118259_1.png/dims/resize/x214/optimize,,https://www.lotteeatz.com/brand/ria,2026-08-11,,9200.0,롯데잇츠 표시가,,
롯데리아,더블한우불고기버거,버거메뉴,802.0,39.0,20.0,18.0,1150.0,계란|우유|대두|밀|쇠고기|토마토,https://www.lotteeatz.com/upload/etc/ria/items.html,2026-06-08,True,True,https://img.lotteeatz.com/upload/product/2022/06/22/202206221401250_4.png/dims/resize/x214/optimize,,https://www.lotteeatz.com/brand/ria,2026-08-11,,13200.0,롯데잇츠 표시가,,
롯데리아,리아 불고기,버거메뉴,462.0,21.0,11.0,11.0,880.0,계란|우유|대두|밀|돼지고기|쇠고기|닭고기|토마토,https://www.lotteeatz.com/upload/etc/ria/items.html,2026-06-08,True,True,https://img.lotteeatz.com/upload/product/2021/07/23/20210723103917912_2.png/dims/resize/x214/optimize,,https://www.lotteeatz.com/brand/ria,2026-08-11,,5100.0,롯데잇츠 표시가,,
롯데리아,리아 불고기 베이컨,버거메뉴,508.0,23.0,13.0,11.0,940.0,계란|우유|대두|밀|돼지고기|쇠고기|닭고기|토마토,https://www.lotteeatz.com/upload/etc/ria/items.html,2026-06-08,True,True,https://img.lotteeatz.com/upload/product/2023/07/12/20230712163805886_0.png/dims/resize/x214/optimize,,https://www.lotteeatz.com/brand/ria,2026-08-11,,6200.0,롯데잇츠 표시가,,
롯데리아,리아 불고기 더블 (빅불),버거메뉴,721.0,38.0,24.0,12.0,1480.0,계란|우유|대두|밀|돼지고기|쇠고기|닭고기|토마토,https://www.lotteeatz.com/upload/etc/ria/items.html,2026-06-08,True,True,https://img.lotteeatz.com/upload/product/2019/12/20/20191220163556949_8.png/dims/resize/x214/optimize,,https://www.lotteeatz.com/brand/ria,2026-08-11,,7700.0,롯데잇츠 표시가,,
롯데리아,리아 새우,버거메뉴,473.0,15.0,3.8,5.0,900.0,계란|우유|대두|밀|새우|토마토,https://www.lotteeatz.com/upload/etc/ria/items.html,2026-06-08,True,True,https://img.lotteeatz.com/upload/product/2019/12/20/20191220163836176_9.png/dims/resize/x214/optimize,,https://www.lotteeatz.com/brand/ria,2026-08-11,,5100.0,롯데잇츠 표시가,,
롯데리아,리아 새우 베이컨,버거메뉴,519.0,18.0,5.0,6.0,960.0,계란|우유|대두|밀|새우|돼지고기|토마토,https://www.lotteeatz.com/upload/etc/ria/items.html,2026-06-08,True,True,https://img.lotteeatz.com/upload/product/2023/08/11/20230811165041889_8.png/dims/resize/x214/optimize,,https://www.lotteeatz.com/brand/ria,2026-08-11,,6200.0,롯데잇츠 표시가,,
롯데리아,리아 사각새우 더블,버거메뉴,534.0,18.0,4.2,6.0,1050.0,계란|우유|대두|밀|새우|토마토,https://www.lotteeatz.com/upload/etc/ria/items.html,2026-06-08,True,True,https://img.lotteeatz.com/upload/product/2020/12/31/20201231115111151_3.png/dims/resize/x214/optimize,,https://www.lotteeatz.com/brand/ria,2026-08-11,,6200.0,롯데잇츠 표시가,,
롯데리아,모짜렐라 인 더 버거 베이컨,버거메뉴,696.0,30.0,16.0,6.0,1000.0,계란|우유|대두|밀|돼지고기|쇠고기,https://www.lotteeatz.com/upload/etc/ria/items.html,2026-06-08,True,True,https://img.lotteeatz.com/upload/product/2023/03/08/20230308094308298_4.png/dims/resize/x214/optimize,,https://www.lotteeatz.com/brand/ria,2026-08-11,,8200.0,롯데잇츠 표시가,,
롯데리아,전주비빔라이스버거,버거메뉴,574.0,14.0,7.0,8.0,1290.0,계란|대두|밀|쇠고기,https://www.lotteeatz.com/upload/etc/ria/items.html,2026-06-08,True,True,https://img.lotteeatz.com/upload/product/2023/02/03/20230203180810686_7.png/dims/resize/x214/optimize,,https://www.lotteeatz.com/brand/ria,2026-08-11,,7500.0,롯데잇츠 표시가,,
롯데리아,더블엑스투버거,버거메뉴,703.0,26.0,23.0,6.0,1040.0,계란|우유|대두|밀|쇠고기|토마토,https://www.lotteeatz.com/upload/etc/ria/items.html,2026-06-08,True,True,https://img.lotteeatz.com/upload/product/2020/08/03/20200803175039962_2.png/dims/resize/x214/optimize,,https://www.lotteeatz.com/brand/ria,2026-08-11,,7400.0,롯데잇츠 표시가,,
롯데리아,핫크리스피치킨버거,버거메뉴,454.0,22.0,5.0,4.0,900.0,계란|대두|밀|닭고기|토마토,https://www.lotteeatz.com/upload/etc/ria/items.html,2026-06-08,True,True,https://img.lotteeatz.com/upload/product/2023/06/21/20230621174724947_5.png/dims/resize/x214/optimize,,https://www.lotteeatz.com/brand/ria,2026-08-11,,6400.0,롯데잇츠 표시가,,
롯데리아,미라클버거,버거메뉴,382.0,15.0,4.6,7.0,600.0,대두|밀|토마토,https://www.lotteeatz.com/upload/etc/ria/items.html,2026-06-08,True,True,https://img.lotteeatz.com/upload/product/2025/10/16/20251016134637371_3.png/dims/resize/x214/optimize,,https://www.lotteeatz.com/brand/ria,2026-08-11,,5900.0,롯데잇츠 표시가,,
롯데리아,더블 미라클버거,버거메뉴,551.0,25.0,7.0,10.0,920.0,대두|밀|토마토,https://www.lotteeatz.com/upload/etc/ria/items.html,2026-06-08,True,True,https://img.lotteeatz.com/upload/product/2025/10/16/20251016134709789_6.png/dims/resize/x214/optimize,,https://www.lotteeatz.com/brand/ria,2026-08-11,,7400.0,롯데잇츠 표시가,,
롯데리아,클래식치즈버거,버거메뉴,482.0,16.0,13.0,5.0,710.0,계란|우유|대두|밀|쇠고기,https://www.lotteeatz.com/upload/etc/ria/items.html,2026-06-08,True,True,https://img.lotteeatz.com/upload/product/2022/05/19/20220519092203878_5.png/dims/resize/x214/optimize,,https://www.lotteeatz.com/brand/ria,2026-08-11,,5700.0,롯데잇츠 표시가,,
롯데리아,더블 클래식치즈버거,버거메뉴,717.0,26.0,23.0,6.0,1030.0,계란|우유|대두|밀|쇠고기,https://www.lotteeatz.com/upload/etc/ria/items.html,2026-06-08,True,True,https://img.lotteeatz.com/upload/product/2023/03/21/20230321152358223_1.png/dims/resize/x214/optimize,,https://www.lotteeatz.com/brand/ria,2026-08-11,,7400.0,롯데잇츠 표시가,,
롯데리아,치킨버거,버거메뉴,355.0,15.0,3.8,8.0,620.0,계란|우유|대두|밀|땅콩|닭고기|조개류,https://www.lotteeatz.com/upload/etc/ria/items.html,2026-06-08,True,True,https://img.lotteeatz.com/upload/product/2025/12/03/20251203084852773_5.png/dims/resize/x214/optimize,,https://www.lotteeatz.com/brand/ria,2026-08-11,,4500.0,롯데잇츠 표시가,,
롯데리아,더블 치킨버거,버거메뉴,478.0,24.0,5.0,11.0,950.0,계란|우유|대두|밀|땅콩|닭고기|조개류,https://www.lotteeatz.com/upload/etc/ria/items.html,2026-06-08,True,True,https://img.lotteeatz.com/upload/product/2025/12/03/20251203084906466_7.png/dims/resize/x214/optimize,,https://www.lotteeatz.com/brand/ria,2026-08-11,,6000.0,롯데잇츠 표시가,,
롯데리아,데리버거,버거메뉴,348.0,12.0,4.9,10.0,590.0,계란|우유|대두|밀|쇠고기|닭고기|조개류,https://www.lotteeatz.com/upload/etc/ria/items.html,2026-06-08,True,True,https://img.lotteeatz.com/upload/product/2020/01/02/20200102234537645_5.png/dims/resize/x214/optimize,,https://www.lotteeatz.com/brand/ria,2026-08-11,,3800.0,롯데잇츠 표시가,,
롯데리아,더블 데리버거,버거메뉴,446.0,19.0,7.0,10.0,740.0,계란|우유|대두|밀|쇠고기|닭고기|조개류,https://www.lotteeatz.com/upload/etc/ria/items.html,2026-06-08,True,True,https://img.lotteeatz.com/upload/product/2023/03/21/20230321151944859_2.png/dims/resize/x214/optimize,,https://www.lotteeatz.com/brand/ria,2026-08-11,,5200.0,롯데잇츠 표시가,,
롯데리아,나폴리 모짜렐라버거 토마토바질,버거메뉴,733.0,27.0,18.0,10.0,1080.0,계란|우유|대두|밀|쇠고기|닭고기|토마토,https://www.lotteeatz.com/upload/etc/ria/items.html,2026-06-08,True,True,https://img.lotteeatz.com/upload/product/2025/01/15/20250115162931395_8.png/dims/resize/x214/optimize,,https://www.lotteeatz.com/brand/ria,2026-08-11,,9300.0,롯데잇츠 표시가,,
롯데리아,나폴리 모짜렐라버거 발사믹바질,버거메뉴,733.0,27.0,18.0,10.0,1040.0,계란|우유|대두|밀|쇠고기|토마토|아황산류,https://www.lotteeatz.com/upload/etc/ria/items.html,2026-06-08,True,True,https://img.lotteeatz.com/upload/product/2025/01/15/20250115163300416_3.png/dims/resize/x214/optimize,,https://www.lotteeatz.com/brand/ria,2026-08-11,,9300.0,롯데잇츠 표시가,,
롯데리아,통다리 크리스피치킨버거(그릭랜치),버거메뉴,618.0,25.0,5.0,8.0,1050.0,계란|우유|대두|밀|쇠고기|닭고기|조개류,https://www.lotteeatz.com/upload/etc/ria/items.html,2026-06-08,True,True,https://img.lotteeatz.com/upload/product/2026/01/06/20260106083745809_0.png/dims/resize/x214/optimize,,https://www.lotteeatz.com/brand/ria,2026-08-11,,6900.0,롯데잇츠 표시가,,
롯데리아,통다리 크리스피치킨버거(파이어핫),버거메뉴,594.0,25.0,4.4,10.0,1040.0,계란|우유|대두|밀|쇠고기|닭고기|조개류,https://www.lotteeatz.com/upload/etc/ria/items.html,2026-06-08,True,True,https://img.lotteeatz.com/upload/product/2026/01/06/20260106083759930_0.png/dims/resize/x214/optimize,,https://www.lotteeatz.com/brand/ria,2026-08-11,,6900.0,롯데잇츠 표시가,,
롯데리아,번트비프버거,버거메뉴,602.0,26.0,17.0,17.0,1070.0,계란|우유|대두|밀|돼지고기|쇠고기|아황산류|오징어,https://www.lotteeatz.com/upload/etc/ria/items.html,2026-06-08,True,True,https://img.lotteeatz.com/upload/product/2026/07/08/202607081417064_9.png/dims/resize/x214/optimize,,https://www.lotteeatz.com/brand/ria,2026-08-11,,8800.0,롯데잇츠 표시가,,
롯데리아,하와이안 모짜렐라버거,버거메뉴,773.0,26.0,18.0,14.0,1146.0,계란|우유|대두|밀|돼지고기|쇠고기|닭고기|토마토|조개류,https://www.lotteeatz.com/upload/etc/ria/items.html,2026-06-08,True,True,https://img.lotteeatz.com/upload/product/2026/06/17/20260617080434865_4.jpg/dims/resize/x214/optimize,,https://www.lotteeatz.com/brand/ria,2026-08-11,,8800.0,롯데잇츠 표시가,,
롯데리아,치즈토핑,토핑메뉴,64.0,3.0,3.9,0.0,160.0,우유,https://www.lotteeatz.com/upload/etc/ria/items.html,2026-06-08,True,True,,,,,,,매장별 확인,,
롯데리아,토마토토핑,토핑메뉴,4.0,0.0,0.0,1.0,0.0,토마토,https://www.lotteeatz.com/upload/etc/ria/items.html,2026-06-08,True,True,,,,,,,매장별 확인,,
롯데리아,베이컨토핑,토핑메뉴,42.0,2.0,1.7,0.0,60.0,돼지고기,https://www.lotteeatz.com/upload/etc/ria/items.html,2026-06-08,True,True,,,,,,,매장별 확인,,
롯데리아,비프패티토핑,토핑메뉴,172.0,7.0,7.0,0.0,160.0,쇠고기,https://www.lotteeatz.com/upload/etc/ria/items.html,2026-06-08,True,True,,,,,,,매장별 확인,,
롯데리아,반숙계란 토핑,토핑메뉴,43.0,1.0,0.0,0.0,35.0,계란|대두,https://www.lotteeatz.com/upload/etc/ria/items.html,2026-06-08,True,True,,,,,,,매장별 확인,,
롯데리아,화이어윙2조각,토핑메뉴,178.0,9.0,2.5,0.0,270.0,계란|대두|밀|땅콩|닭고기,https://www.lotteeatz.com/upload/etc/ria/items.html,2026-06-08,True,True,,,,,,,매장별 확인,,
롯데리아,화이어윙4조각,토핑메뉴,357.0,17.0,5.0,0.0,550.0,계란|대두|밀|땅콩|닭고기,https://www.lotteeatz.com/upload/etc/ria/items.html,2026-06-08,True,True,,,,,,,매장별 확인,,
롯데리아,치킨다리 1조각,토핑메뉴,151.0,11.0,1.8,0.0,330.0,계란|대두|밀|땅콩|닭고기,https://www.lotteeatz.com/upload/etc/ria/items.html,2026-06-08,True,True,,,,,,,매장별 확인,,
롯데리아,치킨다리 하프팩(코울슬로) (소스미포함),토핑메뉴,717.0,45.0,8.0,13.0,1460.0,계란|우유|대두|밀|땅콩|닭고기,https://www.lotteeatz.com/upload/etc/ria/items.html,2026-06-08,True,True,,,,,,,매장별 확인,,
롯데리아,치킨다리 하프팩(포테이토) (소스미포함),토핑메뉴,888.0,48.0,10.0,3.0,1830.0,계란|대두|밀|땅콩|닭고기|토마토,https://www.lotteeatz.com/upload/etc/ria/items.html,2026-06-08,True,True,,,,,,,매장별 확인,,
롯데리아,순살치킨 하프팩 (소스 미포함),토핑메뉴,659.0,39.0,6.0,2.0,1170.0,계란|대두|밀|쇠고기|닭고기,https://www.lotteeatz.com/upload/etc/ria/items.html,2026-06-08,True,True,,,,,,,매장별 확인,,
롯데리아,순살치킨 풀팩 (소스 미포함),토핑메뉴,1319.0,77.0,12.0,4.0,2350.0,계란|대두|밀|쇠고기|닭고기,https://www.lotteeatz.com/upload/etc/ria/items.html,2026-06-08,True,True,,,,,,,매장별 확인,,
롯데리아,후라이드 순살치킨 (R) (소스 미포함),토핑메뉴,862.0,49.0,10.0,1.0,1520.0,계란|대두|밀|쇠고기|닭고기|조개류,https://www.lotteeatz.com/upload/etc/ria/items.html,2026-06-08,True,True,,,,,,,매장별 확인,,
롯데리아,후라이드 순살치킨 (L) (소스 미포함),토핑메뉴,1725.0,197.0,19.0,1.0,3040.0,계란|대두|밀|쇠고기|닭고기|조개류,https://www.lotteeatz.com/upload/etc/ria/items.html,2026-06-08,True,True,,,,,,,매장별 확인,,
롯데리아,후라이드 순살치킨 N (R) (소스 미포함),토핑메뉴,906.0,48.0,11.0,1.0,1554.0,계란|대두|밀|쇠고기|닭고기|조개류,https://www.lotteeatz.com/upload/etc/ria/items.html,2026-06-08,True,True,,,,,,,매장별 확인,,
롯데리아,후라이드 순살치킨 N (L) (소스 미포함),토핑메뉴,1812.0,97.0,21.0,1.0,3109.0,계란|대두|밀|쇠고기|닭고기|조개류,https://www.lotteeatz.com/upload/etc/ria/items.html,2026-06-08,True,True,,,,,,,매장별 확인,,
롯데리아,치킨휠레2조각 (소스미포함),토핑메뉴,183.0,15.0,1.9,0.0,370.0,계란|우유|대두|밀|땅콩|새우|닭고기|조개류,https://www.lotteeatz.com/upload/etc/ria/items.html,2026-06-08,True,True,,,,,,,매장별 확인,,
롯데리아,치킨휠레4조각 (소스미포함),토핑메뉴,366.0,29.0,3.8,0.0,740.0,계란|우유|대두|밀|땅콩|새우|닭고기|조개류,https://www.lotteeatz.com/upload/etc/ria/items.html,2026-06-08,True,True,,,,,,,매장별 확인,,
롯데리아,말차라뗴,드링크 메뉴,282.0,8.0,6.0,37.0,120.0,우유,https://www.lotteeatz.com/upload/etc/ria/items.html,2026-06-08,True,True,,,,,,,매장별 확인,,
롯데리아,아메리카노,드링크 메뉴,8.0,0.0,0.0,0.0,5.0,,https://www.lotteeatz.com/upload/etc/ria/items.html,2026-06-08,True,True,https://img.lotteeatz.com/upload/product/2025/01/24/20250124101000339_9.png/dims/resize/x214/optimize,,https://www.lotteeatz.com/brand/ria,2026-08-11,,2600.0,롯데잇츠 표시가,,
롯데리아,아이스아메리카노,드링크 메뉴,5.0,0.0,0.0,0.0,0.0,,https://www.lotteeatz.com/upload/etc/ria/items.html,2026-06-08,True,True,https://img.lotteeatz.com/upload/product/2025/01/24/20250124102006301_3.png/dims/resize/x214/optimize,,https://www.lotteeatz.com/brand/ria,2026-08-11,,2600.0,롯데잇츠 표시가,,
롯데리아,아이스아메리카노(L),드링크 메뉴,9.0,0.0,0.0,0.0,0.0,,https://www.lotteeatz.com/upload/etc/ria/items.html,2026-06-08,True,True,,,,,,,매장별 확인,,
롯데리아,카페라떼(살균우유),드링크 메뉴,145.0,7.0,4.5,7.0,80.0,우유,https://www.lotteeatz.com/upload/etc/ria/items.html,2026-06-08,True,True,https://img.lotteeatz.com/upload/product/2025/01/24/20250124100825669_5.png/dims/resize/x214/optimize,,https://www.lotteeatz.com/brand/ria,2026-08-11,,3400.0,롯데잇츠 표시가,,
롯데리아,아이스카페라떼(살균우유),드링크 메뉴,60.0,3.0,1.7,3.0,30.0,우유,https://www.lotteeatz.com/upload/etc/ria/items.html,2026-06-08,True,True,https://img.lotteeatz.com/upload/product/2025/01/24/20250124101201439_7.png/dims/resize/x214/optimize,,https://www.lotteeatz.com/brand/ria,2026-08-11,,3400.0,롯데잇츠 표시가,,
롯데리아,레몬에이드(R),드링크 메뉴,180.0,0.0,0.0,41.0,10.0,,https://www.lotteeatz.com/upload/etc/ria/items.html,2026-06-08,True,True,,,,,,,매장별 확인,,
롯데리아,레몬에이드(L),드링크 메뉴,246.0,0.0,0.0,56.0,11.0,,https://www.lotteeatz.com/upload/etc/ria/items.html,2026-06-08,True,True,,,,,,,매장별 확인,,
롯데리아,아이스티(R),드링크 메뉴,191.0,0.0,0.0,47.0,0.0,복숭아,https://www.lotteeatz.com/upload/etc/ria/items.html,2026-06-08,True,True,,,,,,,매장별 확인,,
롯데리아,아이스티(L),드링크 메뉴,263.0,0.0,0.0,64.0,0.0,복숭아,https://www.lotteeatz.com/upload/etc/ria/items.html,2026-06-08,True,True,,,,,,,매장별 확인,,
롯데리아,제로슈거콜라(R),드링크 메뉴,0.0,0.0,0.0,0.0,55.0,,https://www.lotteeatz.com/upload/etc/ria/items.html,2026-06-08,True,True,,,,,,,매장별 확인,,
롯데리아,제로슈거콜라(L),드링크 메뉴,0.0,0.0,0.0,0.0,75.0,,https://www.lotteeatz.com/upload/etc/ria/items.html,2026-06-08,True,True,,,,,,,매장별 확인,,
롯데리아,펩시콜라(R),드링크 메뉴,128.0,0.0,0.0,31.0,15.0,,https://www.lotteeatz.com/upload/etc/ria/items.html,2026-06-08,True,True,,,,,,,매장별 확인,,
롯데리아,펩시콜라(L),드링크 메뉴,174.0,0.0,0.0,42.0,20.0,,https://www.lotteeatz.com/upload/etc/ria/items.html,2026-06-08,True,True,,,,,,,매장별 확인,,
롯데리아,사이다(R),드링크 메뉴,133.0,0.0,0.0,31.0,5.0,,https://www.lotteeatz.com/upload/etc/ria/items.html,2026-06-08,True,True,,,,,,,매장별 확인,,
롯데리아,사이다(L),드링크 메뉴,182.0,0.0,0.0,42.0,10.0,,https://www.lotteeatz.com/upload/etc/ria/items.html,2026-06-08,True,True,,,,,,,매장별 확인,,
롯데리아,캐모마일 티,드링크 메뉴,2.0,0.0,0.0,0.0,0.0,,https://www.lotteeatz.com/upload/etc/ria/items.html,2026-06-08,True,True,,,,,,,매장별 확인,,
롯데리아,말차빙수(보냉백 포함),아이스샷,634.0,9.0,3.0,82.0,220.0,우유,https://www.lotteeatz.com/upload/etc/ria/items.html,2026-06-08,True,True,https://img.lotteeatz.com/upload/product/2026/05/14/2026051409490161_4.png/dims/resize/x214/optimize,,https://www.lotteeatz.com/brand/ria,2026-08-11,,6600.0,롯데잇츠 표시가,,
롯데리아,말차빙수(보냉백 미포함),아이스샷,634.0,9.0,3.0,82.0,220.0,우유,https://www.lotteeatz.com/upload/etc/ria/items.html,2026-06-08,True,True,,,,,,,매장별 확인,,
롯데리아,팥빙수(보냉백 포함),아이스샷,601.0,10.0,3.0,99.0,140.0,우유,https://www.lotteeatz.com/upload/etc/ria/items.html,2026-06-08,True,True,https://img.lotteeatz.com/upload/product/2026/05/14/20260514094834508_4.png/dims/resize/x214/optimize,,https://www.lotteeatz.com/brand/ria,2026-08-11,,6600.0,롯데잇츠 표시가,,
롯데리아,팥빙수(보냉백 미포함),아이스샷,601.0,10.0,3.0,99.0,140.0,우유,https://www.lotteeatz.com/upload/etc/ria/items.html,2026-06-08,True,True,,,,,,,매장별 확인,,
롯데리아,토네이도 말차쿠키,아이스샷,341.0,5.0,7.0,40.0,160.0,우유|대두|밀,https://www.lotteeatz.com/upload/etc/ria/items.html,2026-06-08,True,True,https://img.lotteeatz.com/upload/product/2026/05/14/20260514094959144_2.png/dims/resize/x214/optimize,,https://www.lotteeatz.com/brand/ria,2026-08-11,,3500.0,롯데잇츠 표시가,,
롯데리아,토네이도 스트로베리,아이스샷,263.0,4.0,6.0,36.0,65.0,우유,https://www.lotteeatz.com/upload/etc/ria/items.html,2026-06-08,True,True,https://img.lotteeatz.com/upload/product/2025/05/22/20250522132336418_0.png/dims/resize/x214/optimize,,https://www.lotteeatz.com/brand/ria,2026-08-11,,3300.0,롯데잇츠 표시가,,
롯데리아,토네이도 망고젤리,아이스샷,280.0,4.0,6.0,40.0,75.0,우유,https://www.lotteeatz.com/upload/etc/ria/items.html,2026-06-08,True,True,https://img.lotteeatz.com/upload/product/2025/05/22/20250522132239130_5.png/dims/resize/x214/optimize,,https://www.lotteeatz.com/brand/ria,2026-08-11,,3300.0,롯데잇츠 표시가,,
롯데리아,토네이도 초코쿠키,아이스샷,300.0,5.0,7.0,32.0,160.0,우유|대두|밀,https://www.lotteeatz.com/upload/etc/ria/items.html,2026-06-08,True,True,https://img.lotteeatz.com/upload/product/2025/05/22/20250522132322744_9.png/dims/resize/x214/optimize,,https://www.lotteeatz.com/brand/ria,2026-08-11,,3300.0,롯데잇츠 표시가,,
롯데리아,토네이도 더블초코,아이스샷,338.0,5.0,7.0,39.0,160.0,우유|대두|밀,https://www.lotteeatz.com/upload/etc/ria/items.html,2026-06-08,True,True,https://img.lotteeatz.com/upload/product/2025/05/22/20250522132309707_2.png/dims/resize/x214/optimize,,https://www.lotteeatz.com/brand/ria,2026-08-11,,3300.0,롯데잇츠 표시가,,
롯데리아,롯데리아케첩(9g),소스& 시즈닝,10.0,0.0,0.0,2.0,115.0,토마토,https://www.lotteeatz.com/upload/etc/ria/items.html,2026-06-08,True,True,,,,,,,매장별 확인,,
롯데리아,허니머스타드,소스& 시즈닝,25.0,0.0,0.0,2.0,70.0,계란|대두,https://www.lotteeatz.com/upload/etc/ria/items.html,2026-06-08,True,True,,,,,,,매장별 확인,,
롯데리아,스위트앤사워,소스& 시즈닝,20.0,0.0,0.0,5.0,60.0,대두|밀|조개류,https://www.lotteeatz.com/upload/etc/ria/items.html,2026-06-08,True,True,,,,,,,매장별 확인,,
롯데리아,크리미양념소스,소스& 시즈닝,99.0,0.0,0.7,9.0,360.0,계란|대두|토마토,https://www.lotteeatz.com/upload/etc/ria/items.html,2026-06-08,True,True,,,,,,,매장별 확인,,
롯데리아,롯데리아 잠발라야소스,소스& 시즈닝,33.0,0.0,0.0,7.0,120.0,토마토,https://www.lotteeatz.com/upload/etc/ria/items.html,2026-06-08,True,True,,,,,,,매장별 확인,,
롯데리아,어니언 시즈닝,소스& 시즈닝,18.0,0.0,0.0,1.0,125.0,우유|대두,https://www.lotteeatz.com/upload/etc/ria/items.html,2026-06-08,True,True,,,,,,,매장별 확인,,
롯데리아,치즈시즈닝,소스& 시즈닝,15.0,0.0,0.0,2.0,130.0,우유|대두,https://www.lotteeatz.com/upload/etc/ria/items.html,2026-06-08,True,True,,,,,,,매장별 확인,,
롯데리아,칠리 시즈닝,소스& 시즈닝,9.0,0.0,0.0,1.0,160.0,우유|대두|밀|쇠고기|토마토,https://www.lotteeatz.com/upload/etc/ria/items.html,2026-06-08,True,True,,,,,,,매장별 확인,,
롯데리아,양념치킨소스,소스& 시즈닝,92.0,1.0,0.0,14.0,200.0,계란|대두|밀|토마토,https://www.lotteeatz.com/upload/etc/ria/items.html,2026-06-08,True,True,,,,,,,매장별 확인,,
롯데리아,소이허니소스,소스& 시즈닝,85.0,1.0,0.0,16.0,340.0,대두|밀,https://www.lotteeatz.com/upload/etc/ria/items.html,2026-06-08,True,True,,,,,,,매장별 확인,,
롯데리아,포테이토,디저트 메뉴,284.0,3.0,2.8,2.0,500.0,대두|토마토,https://www.lotteeatz.com/upload/etc/ria/items.html,2026-06-08,True,True,https://img.lotteeatz.com/upload/product/2024/11/20/20241120200342965_4.png/dims/resize/x214/optimize,,https://www.lotteeatz.com/brand/ria,2026-08-11,,2100.0,롯데잇츠 표시가,,
롯데리아,포테이토(L),디저트 메뉴,420.0,5.0,4.1,5.0,800.0,대두|토마토,https://www.lotteeatz.com/upload/etc/ria/items.html,2026-06-08,True,True,https://img.lotteeatz.com/upload/product/2024/11/20/20241120200401294_9.png/dims/resize/x214/optimize,,https://www.lotteeatz.com/brand/ria,2026-08-11,,2600.0,롯데잇츠 표시가,,
롯데리아,치즈스틱,디저트 메뉴,158.0,8.0,3.7,1.0,270.0,계란|우유|대두|밀,https://www.lotteeatz.com/upload/etc/ria/items.html,2026-06-08,True,True,https://img.lotteeatz.com/upload/product/2024/11/20/20241120200451610_3.png/dims/resize/x214/optimize,,https://www.lotteeatz.com/brand/ria,2026-08-11,,2900.0,롯데잇츠 표시가,,
롯데리아,롱치즈스틱,디저트 메뉴,158.0,8.0,4.0,0.0,230.0,계란|우유|대두|밀,https://www.lotteeatz.com/upload/etc/ria/items.html,2026-06-08,True,True,https://img.lotteeatz.com/upload/product/2019/12/20/20191220164604550_2.png/dims/resize/x214/optimize,,https://www.lotteeatz.com/brand/ria,2026-08-11,,2500.0,롯데잇츠 표시가,,
롯데리아,통오징어링,디저트 메뉴,166.0,8.0,0.5,8.0,420.0,계란|대두|밀|토마토|오징어,https://www.lotteeatz.com/upload/etc/ria/items.html,2026-06-08,True,True,https://img.lotteeatz.com/upload/product/2023/02/10/20230210180512639_0.png/dims/resize/x214/optimize,,https://www.lotteeatz.com/brand/ria,2026-08-11,,2900.0,롯데잇츠 표시가,,
롯데리아,지파이 고소한맛(S),디저트 메뉴,397.0,18.0,6.0,1.0,620.0,계란|대두|밀|땅콩|닭고기,https://www.lotteeatz.com/upload/etc/ria/items.html,2026-06-08,True,True,https://img.lotteeatz.com/upload/product/2019/12/20/20191220165208212_3.png/dims/resize/x214/optimize,,https://www.lotteeatz.com/brand/ria,2026-08-11,,4700.0,롯데잇츠 표시가,,
롯데리아,지파이 하바네로(L),디저트 메뉴,566.0,26.0,4.2,1.0,1370.0,계란|대두|밀|닭고기,https://www.lotteeatz.com/upload/etc/ria/items.html,2026-06-08,True,True,https://img.lotteeatz.com/upload/product/2025/10/31/20251031093246521_6.png/dims/resize/x214/optimize,,https://www.lotteeatz.com/brand/ria,2026-08-11,,5800.0,롯데잇츠 표시가,,
롯데리아,양념감자(시즈닝미포함),디저트 메뉴,360.0,4.0,3.7,0.0,510.0,대두,https://www.lotteeatz.com/upload/etc/ria/items.html,2026-06-08,True,True,,,,,,,매장별 확인,,
롯데리아,양념너겟(시즈닝미포함),디저트 메뉴,270.0,19.0,3.3,1.0,490.0,우유|대두|밀|쇠고기|닭고기,https://www.lotteeatz.com/upload/etc/ria/items.html,2026-06-08,True,True,,,,,,,매장별 확인,,
롯데리아,치킨너겟(소스미포함),디저트 메뉴,270.0,19.0,3.3,1.0,490.0,우유|대두|밀|쇠고기|닭고기,https://www.lotteeatz.com/upload/etc/ria/items.html,2026-06-08,True,True,,,,,,,매장별 확인,,
롯데리아,코울슬로,디저트 메뉴,112.0,1.0,1.0,12.0,130.0,계란|우유|대두,https://www.lotteeatz.com/upload/etc/ria/items.html,2026-06-08,True,True,https://img.lotteeatz.com/upload/product/2025/02/19/20250219202403231_5.png/dims/resize/x214/optimize,,https://www.lotteeatz.com/brand/ria,2026-08-11,,2000.0,롯데잇츠 표시가,,
롯데리아,디지게 매운 돈까스(양념맛),디저트 메뉴,290.0,15.0,2.0,15.0,670.0,계란|대두|밀|돼지고기|토마토,https://www.lotteeatz.com/upload/etc/ria/items.html,2026-06-08,True,True,https://img.lotteeatz.com/upload/product/2026/03/11/20260311111029815_9.png/dims/resize/x214/optimize,,https://www.lotteeatz.com/brand/ria,2026-08-11,,3500.0,롯데잇츠 표시가,,
롯데리아,디지게 매운 돈까스(디진다맛),디저트 메뉴,280.0,15.0,2.1,13.0,520.0,계란|우유|대두|밀|돼지고기|쇠고기|닭고기|토마토|조개류,https://www.lotteeatz.com/upload/etc/ria/items.html,2026-06-08,True,True,https://img.lotteeatz.com/upload/product/2026/03/11/20260311110817134_1.png/dims/resize/x214/optimize,,https://www.lotteeatz.com/brand/ria,2026-08-11,,3500.0,롯데잇츠 표시가,,
롯데리아,야채라이스 불고기,디저트 메뉴,520.0,18.0,6.0,5.0,900.0,계란|우유|대두|밀|돼지고기|쇠고기|닭고기|토마토,https://www.lotteeatz.com/upload/etc/ria/items.html,2026-06-08,True,True,,,,,,,매장별 확인,,
롯데리아,야채라이스 새우,디저트 메뉴,434.0,11.0,2.2,3.0,890.0,계란|우유|대두|밀|새우|쇠고기|토마토,https://www.lotteeatz.com/upload/etc/ria/items.html,2026-06-08,True,True,,,,,,,매장별 확인,,
롯데리아,베이컨에그번,디저트 메뉴,386.0,14.0,8.0,5.0,510.0,계란|우유|대두|밀|돼지고기|조개류,https://www.lotteeatz.com/upload/etc/ria/items.html,2026-06-08,True,True,,,,,,,매장별 확인,,
롯데리아,에그샐러드번,디저트 메뉴,446.0,14.0,9.0,6.0,590.0,계란|우유|대두|밀|토마토|조개류,https://www.lotteeatz.com/upload/etc/ria/items.html,2026-06-08,True,True,,,,,,,매장별 확인,,
롯데리아,새우 + 치킨버거,디저트 메뉴,825.0,30.0,8.0,13.0,1520.0,계란|우유|대두|밀|땅콩|새우|닭고기|토마토|조개류,https://www.lotteeatz.com/upload/etc/ria/items.html,2026-06-08,True,True,,,,,,,매장별 확인,,
버거킹,몬스터와퍼,공식 메뉴,1094.0,52.0,21.0,8.0,2146.0,계란|우유|대두|밀|돼지고기|쇠고기|닭고기|토마토,https://www.burgerking.co.kr/menu/main,2026-08-11,True,True,,,,,,,매장별 확인,,
버거킹,통새우와퍼,공식 메뉴,714.0,34.0,12.0,9.0,1258.0,계란|우유|대두|밀|새우|쇠고기|토마토,https://www.burgerking.co.kr/menu/main,2026-08-11,True,True,,,,,,,매장별 확인,,
버거킹,허니머스타드소스,공식 메뉴,30.0,0.0,0.0,2.0,60.0,계란|대두,https://www.burgerking.co.kr/menu/main,2026-08-11,True,True,,,,,,,매장별 확인,,
버거킹,슬라이스치즈,공식 메뉴,43.0,2.0,2.4,0.0,152.0,우유|대두,https://www.burgerking.co.kr/menu/main,2026-08-11,True,True,,,,,,,매장별 확인,,
버거킹,롱베이컨,공식 메뉴,22.0,1.0,0.6,0.0,42.0,돼지고기,https://www.burgerking.co.kr/menu/main,2026-08-11,True,True,,,,,,,매장별 확인,,
버거킹,롱베이컨 2장,공식 메뉴,44.0,3.0,1.3,0.0,83.0,돼지고기,https://www.burgerking.co.kr/menu/main,2026-08-11,True,True,,,,,,,매장별 확인,,
버거킹,와퍼패티,공식 메뉴,227.0,14.0,8.0,0.0,47.0,쇠고기,https://www.burgerking.co.kr/menu/main,2026-08-11,True,True,,,,,,,매장별 확인,,
버거킹,롱치킨버거,공식 메뉴,621.0,23.0,7.0,7.0,1235.0,계란|대두|밀|닭고기,https://www.burgerking.co.kr/menu/main,2026-08-11,True,True,,,,,,,매장별 확인,,
버거킹,치즈프라이,공식 메뉴,376.0,10.0,7.0,1.2,558.0,우유|대두,https://www.burgerking.co.kr/menu/main,2026-08-11,True,True,,,,,,,매장별 확인,,
버거킹,통새우추가2,공식 메뉴,10.0,2.0,0.0,0.0,92.0,대두|새우,https://www.burgerking.co.kr/menu/main,2026-08-11,True,True,,,,,,,매장별 확인,,
버거킹,무료콘샐러드,공식 메뉴,0.0,0.0,0.0,0.0,0.0,,https://www.burgerking.co.kr/menu/main,2026-08-11,True,True,,,,,,,매장별 확인,,
버거킹,와퍼,공식 메뉴,706.0,30.0,12.0,10.0,1098.0,계란|대두|밀|쇠고기|토마토,https://www.burgerking.co.kr/menu/main,2026-08-11,True,True,,,,,,,매장별 확인,,
버거킹,버거패티,공식 메뉴,114.0,8.0,3.7,0.0,199.0,쇠고기,https://www.burgerking.co.kr/menu/main,2026-08-11,True,True,,,,,,,매장별 확인,,
버거킹,너겟킹 4조각,공식 메뉴,147.0,9.0,2.0,0.4,422.0,대두|밀|닭고기,https://www.burgerking.co.kr/menu/main,2026-08-11,True,True,,,,,,,매장별 확인,,
버거킹,머스타드,공식 메뉴,30.0,0.0,0.0,2.0,60.0,계란|대두,https://www.burgerking.co.kr/menu/main,2026-08-11,True,True,,,,,,,매장별 확인,,
버거킹,너겟킹 10조각,공식 메뉴,368.0,22.0,5.0,0.9,1054.0,대두|밀|닭고기,https://www.burgerking.co.kr/menu/main,2026-08-11,True,True,,,,,,,매장별 확인,,
버거킹,햄버거,공식 메뉴,353.0,15.0,5.2,4.0,540.0,계란|대두|밀|쇠고기|토마토,https://www.burgerking.co.kr/menu/main,2026-08-11,True,True,,,,,,,매장별 확인,,
버거킹,코코넛슈림프(3조각)+스위트칠리소스,공식 메뉴,216.0,5.0,4.0,11.0,505.0,계란|대두|밀|새우,https://www.burgerking.co.kr/menu/main,2026-08-11,True,True,,,,,,,매장별 확인,,
버거킹,슬라이스치즈 2장,공식 메뉴,87.0,4.0,4.9,1.0,304.0,우유|대두,https://www.burgerking.co.kr/menu/main,2026-08-11,True,True,,,,,,,매장별 확인,,
버거킹,치즈버거,공식 메뉴,380.0,16.0,7.0,6.0,766.0,계란|우유|대두|밀|쇠고기|토마토,https://www.burgerking.co.kr/menu/main,2026-08-11,True,True,,,,,,,매장별 확인,,
버거킹,불고기버거,공식 메뉴,0.0,0.0,0.0,0.0,0.0,,https://www.burgerking.co.kr/menu/main,2026-08-11,True,True,,,,,,,매장별 확인,,
버거킹,크리미모짜볼(5조각),공식 메뉴,198.0,7.0,1.0,4.0,124.0,계란|우유|대두|밀,https://www.burgerking.co.kr/menu/main,2026-08-11,True,True,,,,,,,매장별 확인,,
버거킹,크리미모짜볼(10조각),공식 메뉴,395.0,14.0,1.0,9.0,248.0,계란|우유|대두|밀,https://www.burgerking.co.kr/menu/main,2026-08-11,True,True,,,,,,,매장별 확인,,
버거킹,코코넛슈림프(9조각)+스위트칠리소스,공식 메뉴,548.0,15.0,11.0,13.0,1104.0,계란|대두|밀|새우,https://www.burgerking.co.kr/menu/main,2026-08-11,True,True,,,,,,,매장별 확인,,
버거킹,콰트로치즈 와퍼주니어,공식 메뉴,470.0,21.0,10.0,4.0,833.0,계란|우유|대두|밀|쇠고기|토마토,https://www.burgerking.co.kr/menu/main,2026-08-11,True,True,,,,,,,매장별 확인,,
버거킹,미닛메이드 오렌지,공식 메뉴,112.0,1.9,0.0,22.0,95.0,,https://www.burgerking.co.kr/menu/main,2026-08-11,True,True,,,,,,,매장별 확인,,
버거킹,더블와퍼,공식 메뉴,0.0,0.0,0.0,0.0,0.0,,https://www.burgerking.co.kr/menu/main,2026-08-11,True,True,,,,,,,매장별 확인,,
버거킹,베이컨치즈와퍼,공식 메뉴,844.0,37.0,19.0,8.0,1654.0,계란|우유|대두|밀|돼지고기|쇠고기|토마토,https://www.burgerking.co.kr/menu/main,2026-08-11,True,True,,,,,,,매장별 확인,,
버거킹,치즈와퍼,공식 메뉴,799.0,35.0,18.0,7.0,1571.0,계란|우유|대두|밀|쇠고기|토마토,https://www.burgerking.co.kr/menu/main,2026-08-11,True,True,,,,,,,매장별 확인,,
버거킹,매콤치즈 시즈닝,공식 메뉴,9.0,0.0,0.0,1.0,250.0,대두,https://www.burgerking.co.kr/menu/main,2026-08-11,True,True,,,,,,,매장별 확인,,
버거킹,할라피뇨4 추가,공식 메뉴,6.0,0.08,0.0,1.0,108.0,,https://www.burgerking.co.kr/menu/main,2026-08-11,True,True,,,,,,,매장별 확인,,
버거킹,스윗사우전소스,공식 메뉴,0.0,0.0,0.0,0.0,0.0,,https://www.burgerking.co.kr/menu/main,2026-08-11,True,True,,,,,,,매장별 확인,,
버거킹,바삭킹2조각,공식 메뉴,272.0,15.0,5.0,1.7,497.0,대두|밀|쇠고기|닭고기,https://www.burgerking.co.kr/menu/main,2026-08-11,True,True,,,,,,,매장별 확인,,
버거킹,콘 아이스크림,공식 메뉴,133.0,3.0,2.1,12.6,74.0,밀,https://www.burgerking.co.kr/menu/main,2026-08-11,True,True,,,,,,,매장별 확인,,
버거킹,쉐이킹프라이 구운갈릭,공식 메뉴,292.0,4.0,3.1,0.5,634.0,우유|대두|밀|토마토,https://www.burgerking.co.kr/menu/main,2026-08-11,True,True,,,,,,,매장별 확인,,
버거킹,무료 캔콜라,공식 메뉴,0.0,0.0,0.0,0.0,0.0,,https://www.burgerking.co.kr/menu/main,2026-08-11,True,True,,,,,,,매장별 확인,,
버거킹,스테이크패티,공식 메뉴,309.0,19.0,11.1,0.7,425.0,밀|쇠고기|조개류,https://www.burgerking.co.kr/menu/main,2026-08-11,True,True,,,,,,,매장별 확인,,
버거킹,바삭킹8조각+디아블로소스,공식 메뉴,1127.0,59.0,20.1,14.1,2279.0,대두|밀|쇠고기|닭고기|토마토,https://www.burgerking.co.kr/menu/main,2026-08-11,True,True,,,,,,,매장별 확인,,
버거킹,밀크 선데,공식 메뉴,165.0,1.0,3.0,27.0,116.0,우유,https://www.burgerking.co.kr/menu/main,2026-08-11,True,True,,,,,,,매장별 확인,,
버거킹,초코 선데,공식 메뉴,232.0,2.0,3.0,38.0,147.0,우유|대두,https://www.burgerking.co.kr/menu/main,2026-08-11,True,True,,,,,,,매장별 확인,,
버거킹,바삭킹8조각,공식 메뉴,1088.0,59.0,20.1,6.7,1986.0,대두|밀|쇠고기|닭고기,https://www.burgerking.co.kr/menu/main,2026-08-11,True,True,,,,,,,매장별 확인,,
버거킹,치즈와퍼주니어,공식 메뉴,422.0,18.0,7.0,4.0,778.0,계란|우유|대두|밀|쇠고기|토마토,https://www.burgerking.co.kr/menu/main,2026-08-11,True,True,,,,,,,매장별 확인,,
버거킹,할라피뇨와퍼,공식 메뉴,625.0,29.0,13.0,11.5,917.0,계란|대두|밀|쇠고기|토마토,https://www.burgerking.co.kr/menu/main,2026-08-11,True,True,,,,,,,매장별 확인,,
버거킹,아메리카노,공식 메뉴,10.0,0.3,0.0,0.0,0.0,,https://www.burgerking.co.kr/menu/main,2026-08-11,True,True,,,,,,,매장별 확인,,
버거킹,아이스아메리카노,공식 메뉴,8.0,0.5,0.0,0.0,0.0,,https://www.burgerking.co.kr/menu/main,2026-08-11,True,True,,,,,,,매장별 확인,,
버거킹,콰트로치즈와퍼,공식 메뉴,887.0,43.0,21.0,6.0,1647.0,계란|우유|대두|밀|쇠고기|토마토,https://www.burgerking.co.kr/menu/main,2026-08-11,True,True,,,,,,,매장별 확인,,
버거킹,통다리치킨버거,공식 메뉴,0.0,0.0,0.0,0.0,0.0,,https://www.burgerking.co.kr/menu/main,2026-08-11,True,True,,,,,,,매장별 확인,,
버거킹,아이스초코,공식 메뉴,305.0,3.0,2.0,40.0,172.0,우유,https://www.burgerking.co.kr/menu/main,2026-08-11,True,True,,,,,,,매장별 확인,,
버거킹,치킨버거,공식 메뉴,532.0,18.0,7.0,4.0,840.0,계란|우유|대두|밀|닭고기,https://www.burgerking.co.kr/menu/main,2026-08-11,True,True,,,,,,,매장별 확인,,
버거킹,쉐이킹프라이 스윗어니언,공식 메뉴,297.0,4.0,3.0,1.29,486.0,우유|대두,https://www.burgerking.co.kr/menu/main,2026-08-11,True,True,,,,,,,매장별 확인,,
버거킹,블랙바비큐콰트로치즈와퍼,공식 메뉴,981.0,46.0,24.0,10.0,1601.0,계란|우유|대두|밀|돼지고기|쇠고기|토마토|오징어,https://www.burgerking.co.kr/menu/main,2026-08-11,True,True,,,,,,,매장별 확인,,
버거킹,코울슬로,공식 메뉴,155.0,1.0,0.9,9.0,210.0,계란|대두,https://www.burgerking.co.kr/menu/main,2026-08-11,True,True,,,,,,,매장별 확인,,
버거킹,할라피뇨2 추가,공식 메뉴,3.0,0.04,0.0,0.5,54.0,,https://www.burgerking.co.kr/menu/main,2026-08-11,True,True,,,,,,,매장별 확인,,
버거킹,스윗어니언 시즈닝,공식 메뉴,8.0,0.0,0.0,2.0,140.0,우유,https://www.burgerking.co.kr/menu/main,2026-08-11,True,True,,,,,,,매장별 확인,,
버거킹,콘샐러드,공식 메뉴,127.0,2.0,1.0,4.0,230.0,계란|대두,https://www.burgerking.co.kr/menu/main,2026-08-11,True,True,,,,,,,매장별 확인,,
버거킹,구운갈릭 시즈닝,공식 메뉴,8.0,0.0,0.0,2.0,150.0,밀,https://www.burgerking.co.kr/menu/main,2026-08-11,True,True,,,,,,,매장별 확인,,
버거킹,할라피뇨와퍼주니어,공식 메뉴,0.0,0.0,0.0,0.0,0.0,,https://www.burgerking.co.kr/menu/main,2026-08-11,True,True,,,,,,,매장별 확인,,
버거킹,바비큐치킨버거,공식 메뉴,479.0,18.0,5.0,7.0,792.0,계란|우유|대두|밀|닭고기|토마토,https://www.burgerking.co.kr/menu/main,2026-08-11,True,True,,,,,,,매장별 확인,,
버거킹,핫페퍼소스,공식 메뉴,0.0,0.0,0.0,0.0,0.0,,https://www.burgerking.co.kr/menu/main,2026-08-11,True,True,,,,,,,매장별 확인,,
버거킹,통새우추가,공식 메뉴,5.0,1.0,0.0,0.0,46.0,대두|새우,https://www.burgerking.co.kr/menu/main,2026-08-11,True,True,,,,,,,매장별 확인,,
버거킹,와퍼주니어,공식 메뉴,376.0,17.0,5.0,4.0,556.0,계란|대두|밀|쇠고기|토마토,https://www.burgerking.co.kr/menu/main,2026-08-11,True,True,,,,,,,매장별 확인,,
버거킹,통새우와퍼주니어,공식 메뉴,414.0,17.0,7.0,5.0,658.0,계란|우유|대두|밀|새우|쇠고기|토마토,https://www.burgerking.co.kr/menu/main,2026-08-11,True,True,,,,,,,매장별 확인,,
버거킹,코카콜라,공식 메뉴,0.0,0.0,0.0,0.0,0.0,,https://www.burgerking.co.kr/menu/main,2026-08-11,True,True,,,,,,,매장별 확인,,
버거킹,블랙바비큐와퍼,공식 메뉴,783.0,39.0,15.0,16.0,1300.0,계란|우유|대두|밀|돼지고기|쇠고기|토마토|오징어,https://www.burgerking.co.kr/menu/main,2026-08-11,True,True,,,,,,,매장별 확인,,
버거킹,몬스터 주니어,공식 메뉴,687.0,30.0,13.0,7.0,1293.0,계란|우유|대두|밀|쇠고기|닭고기|토마토,https://www.burgerking.co.kr/menu/main,2026-08-11,True,True,,,,,,,매장별 확인,,
버거킹,크리미칠리소스,공식 메뉴,0.0,0.0,0.0,0.0,0.0,,https://www.burgerking.co.kr/menu/main,2026-08-11,True,True,,,,,,,매장별 확인,,
버거킹,선데바닐라,공식 메뉴,0.0,0.0,0.0,0.0,0.0,,https://www.burgerking.co.kr/menu/main,2026-08-11,True,True,,,,,,,매장별 확인,,
버거킹,통모짜와퍼주니어,공식 메뉴,791.0,31.0,13.0,7.0,1302.0,계란|우유|대두|밀|쇠고기|토마토,https://www.burgerking.co.kr/menu/main,2026-08-11,True,True,,,,,,,매장별 확인,,
버거킹,불끈버거 맥시멈,공식 메뉴,1023.0,48.0,20.0,12.0,2760.0,계란|우유|대두|밀|새우|쇠고기|토마토,https://www.burgerking.co.kr/menu/main,2026-08-11,True,True,,,,,,,매장별 확인,,
버거킹,앵그리너겟킹 8조각,공식 메뉴,436.0,25.0,6.0,0.8,1119.0,대두|밀|닭고기,https://www.burgerking.co.kr/menu/main,2026-08-11,True,True,,,,,,,매장별 확인,,
버거킹,통모짜와퍼,공식 메뉴,1039.0,46.0,20.0,6.0,2064.0,계란|우유|대두|밀|쇠고기|토마토,https://www.burgerking.co.kr/menu/main,2026-08-11,True,True,,,,,,,매장별 확인,,
버거킹,트러플머쉬룸와퍼,공식 메뉴,735.0,37.0,13.0,13.0,1191.0,계란|우유|대두|밀|돼지고기|쇠고기|토마토,https://www.burgerking.co.kr/menu/main,2026-08-11,True,True,,,,,,,매장별 확인,,
버거킹,망고 선데,공식 메뉴,179.0,2.0,2.0,34.0,61.0,우유|복숭아,https://www.burgerking.co.kr/menu/main,2026-08-11,True,True,,,,,,,매장별 확인,,
버거킹,블루치즈소스 추가,공식 메뉴,0.0,0.0,0.0,0.0,0.0,,https://www.burgerking.co.kr/menu/main,2026-08-11,True,True,,,,,,,매장별 확인,,
버거킹,앵그리 너겟킹 10조각,공식 메뉴,545.0,31.0,7.0,1.0,1398.0,대두|밀|닭고기,https://www.burgerking.co.kr/menu/main,2026-08-11,True,True,,,,,,,매장별 확인,,
버거킹,치킨킹BLT,공식 메뉴,739.0,25.0,11.0,12.0,1065.0,계란|우유|대두|밀|돼지고기|쇠고기|닭고기|토마토,https://www.burgerking.co.kr/menu/main,2026-08-11,True,True,,,,,,,매장별 확인,,
버거킹,불끈버거 맥시멈 더블,공식 메뉴,1278.0,66.0,30.0,13.0,2980.0,계란|우유|대두|밀|새우|쇠고기|토마토,https://www.burgerking.co.kr/menu/main,2026-08-11,True,True,,,,,,,매장별 확인,,
버거킹,스위트 칠리소스,공식 메뉴,22.0,0.0,0.0,0.0,0.0,대두|토마토,https://www.burgerking.co.kr/menu/main,2026-08-11,True,True,,,,,,,매장별 확인,,
버거킹,불고기와퍼,공식 메뉴,738.0,31.0,13.0,10.0,1137.0,계란|대두|밀|쇠고기|토마토,https://www.burgerking.co.kr/menu/main,2026-08-11,True,True,,,,,,,매장별 확인,,
버거킹,더블트러플머쉬룸와퍼,공식 메뉴,960.0,54.0,22.0,15.0,1269.0,계란|우유|대두|밀|돼지고기|쇠고기|토마토,https://www.burgerking.co.kr/menu/main,2026-08-11,True,True,,,,,,,매장별 확인,,
버거킹,해쉬브라운,공식 메뉴,182.0,1.3,2.5,0.2,382.0,대두,https://www.burgerking.co.kr/menu/main,2026-08-11,True,True,,,,,,,매장별 확인,,
버거킹,트러플치즈프라이,공식 메뉴,403.0,8.0,8.0,1.9,608.0,계란|우유|대두|밀,https://www.burgerking.co.kr/menu/main,2026-08-11,True,True,,,,,,,매장별 확인,,
버거킹,통새우맥시멈3,공식 메뉴,1325.0,79.0,32.0,13.0,1864.0,계란|우유|대두|밀|새우|쇠고기|토마토,https://www.burgerking.co.kr/menu/main,2026-08-11,True,True,,,,,,,매장별 확인,,
버거킹,스태커3와퍼,공식 메뉴,1421.0,84.0,42.1,11.4,2559.0,계란|우유|대두|밀|쇠고기|토마토,https://www.burgerking.co.kr/menu/main,2026-08-11,True,True,,,,,,,매장별 확인,,
버거킹,스태커4와퍼,공식 메뉴,1707.0,105.0,51.8,11.9,3067.0,계란|우유|대두|밀|쇠고기|토마토,https://www.burgerking.co.kr/menu/main,2026-08-11,True,True,,,,,,,매장별 확인,,
버거킹,소불고기패티,공식 메뉴,181.0,8.0,5.5,2.1,214.0,계란|대두|밀|쇠고기,https://www.burgerking.co.kr/menu/main,2026-08-11,True,True,,,,,,,매장별 확인,,
버거킹,불맛 더블치즈베이컨버거,공식 메뉴,977.0,59.0,28.0,11.0,2295.0,우유|대두|밀|돼지고기|쇠고기|토마토,https://www.burgerking.co.kr/menu/main,2026-08-11,True,True,,,,,,,매장별 확인,,
버거킹,스파이시소스 추가,공식 메뉴,0.0,0.0,0.0,0.0,0.0,,https://www.burgerking.co.kr/menu/main,2026-08-11,True,True,,,,,,,매장별 확인,,
버거킹,치킨킹,공식 메뉴,673.0,24.0,10.0,8.0,1037.0,계란|우유|대두|밀|쇠고기|닭고기,https://www.burgerking.co.kr/menu/main,2026-08-11,True,True,,,,,,,매장별 확인,,
버거킹,더블비프불고기버거,공식 메뉴,565.0,26.0,12.0,6.0,796.0,계란|우유|대두|밀|쇠고기,https://www.burgerking.co.kr/menu/main,2026-08-11,True,True,,,,,,,매장별 확인,,
버거킹,코코넛슈림프(6조각)+스위트칠리소스,공식 메뉴,382.0,10.0,7.0,12.0,804.0,계란|대두|밀|새우,https://www.burgerking.co.kr/menu/main,2026-08-11,True,True,,,,,,,매장별 확인,,
버거킹,슈림프버거,공식 메뉴,516.0,14.0,6.0,6.0,1080.0,계란|우유|대두|밀|새우,https://www.burgerking.co.kr/menu/main,2026-08-11,True,True,,,,,,,매장별 확인,,
버거킹,더블오리지널치즈버거,공식 메뉴,533.0,27.0,12.0,5.0,728.0,계란|우유|대두|밀|쇠고기|토마토,https://www.burgerking.co.kr/menu/main,2026-08-11,True,True,,,,,,,매장별 확인,,
버거킹,오믈렛킹모닝,공식 메뉴,496.0,15.0,8.0,5.0,952.0,계란|우유|대두|밀,https://www.burgerking.co.kr/menu/main,2026-08-11,True,True,,,,,,,매장별 확인,,
버거킹,비프&슈림프버거,공식 메뉴,640.0,24.0,9.0,6.0,1122.0,계란|우유|대두|밀|새우|쇠고기|토마토,https://www.burgerking.co.kr/menu/main,2026-08-11,True,True,,,,,,,매장별 확인,,
버거킹,어니언링,공식 메뉴,306.0,5.0,3.0,6.0,333.0,대두|밀,https://www.burgerking.co.kr/menu/main,2026-08-11,True,True,,,,,,,매장별 확인,,
버거킹,풀드비프 와퍼,공식 메뉴,837.0,38.0,14.0,17.0,1362.0,계란|우유|대두|밀|쇠고기|토마토,https://www.burgerking.co.kr/menu/main,2026-08-11,True,True,,,,,,,매장별 확인,,
버거킹,콰트로치즈 풀드비프 와퍼,공식 메뉴,904.0,40.0,22.0,9.0,1794.0,계란|우유|대두|밀|쇠고기|토마토|오징어,https://www.burgerking.co.kr/menu/main,2026-08-11,True,True,,,,,,,매장별 확인,,
버거킹,바삭킹4조각,공식 메뉴,544.0,29.0,10.0,3.4,993.0,대두|밀|쇠고기|닭고기,https://www.burgerking.co.kr/menu/main,2026-08-11,True,True,,,,,,,매장별 확인,,
버거킹,베이컨 치폴레 랜치소스,공식 메뉴,0.0,0.0,0.0,0.0,0.0,,https://www.burgerking.co.kr/menu/main,2026-08-11,True,True,,,,,,,매장별 확인,,
버거킹,스모키마요롱치킨버거,공식 메뉴,0.0,0.0,0.0,0.0,0.0,,https://www.burgerking.co.kr/menu/main,2026-08-11,True,True,,,,,,,매장별 확인,,
버거킹,통새우맥시멈2,공식 메뉴,1093.0,62.0,26.0,10.0,1551.0,계란|우유|대두|밀|새우|쇠고기|토마토,https://www.burgerking.co.kr/menu/main,2026-08-11,True,True,,,,,,,매장별 확인,,
버거킹,스파이시사우전소스추가,공식 메뉴,0.0,0.0,0.0,0.0,0.0,,https://www.burgerking.co.kr/menu/main,2026-08-11,True,True,,,,,,,매장별 확인,,
버거킹,스태커2와퍼,공식 메뉴,1080.0,58.0,29.3,8.9,1828.0,계란|우유|대두|밀|쇠고기|토마토,https://www.burgerking.co.kr/menu/main,2026-08-11,True,True,,,,,,,매장별 확인,,
버거킹,콰트로치즈X,공식 메뉴,820.0,35.0,21.1,9.4,1625.0,계란|우유|대두|밀|쇠고기|닭고기|토마토|조개류,https://www.burgerking.co.kr/menu/main,2026-08-11,True,True,,,,,,,매장별 확인,,
버거킹,스파이시크랩버거,공식 메뉴,0.0,0.0,0.0,0.0,0.0,,https://www.burgerking.co.kr/menu/main,2026-08-11,True,True,,,,,,,매장별 확인,,
버거킹,더블통모짜와퍼,공식 메뉴,1277.0,65.0,26.0,7.0,1740.0,계란|우유|대두|밀|쇠고기|토마토,https://www.burgerking.co.kr/menu/main,2026-08-11,True,True,,,,,,,매장별 확인,,
버거킹,몬스터X,공식 메뉴,1010.0,47.0,20.0,16.0,1906.0,계란|우유|대두|밀|돼지고기|쇠고기|닭고기|토마토|조개류,https://www.burgerking.co.kr/menu/main,2026-08-11,True,True,,,,,,,매장별 확인,,
버거킹,불고기몬스터,공식 메뉴,661.0,29.0,11.0,12.0,1260.0,계란|우유|대두|밀|쇠고기|닭고기|토마토,https://www.burgerking.co.kr/menu/main,2026-08-11,True,True,,,,,,,매장별 확인,,
버거킹,통새우슈림프버거,공식 메뉴,512.0,16.0,5.0,8.0,1077.0,계란|우유|대두|밀|새우,https://www.burgerking.co.kr/menu/main,2026-08-11,True,True,,,,,,,매장별 확인,,
버거킹,불고기와퍼주니어,공식 메뉴,413.0,16.0,6.0,5.0,617.0,계란|대두|밀|쇠고기|토마토,https://www.burgerking.co.kr/menu/main,2026-08-11,True,True,,,,,,,매장별 확인,,
버거킹,타바스코 소스,공식 메뉴,0.0,0.0,0.0,0.0,0.0,,https://www.burgerking.co.kr/menu/main,2026-08-11,True,True,,,,,,,매장별 확인,,
버거킹,불맛 더블치즈버거,공식 메뉴,940.0,59.0,29.0,10.0,2140.0,우유|대두|밀|쇠고기|토마토,https://www.burgerking.co.kr/menu/main,2026-08-11,True,True,,,,,,,매장별 확인,,
버거킹,통새우맥시멈4,공식 메뉴,1555.0,98.0,41.0,11.0,1877.0,계란|우유|대두|밀|새우|쇠고기|토마토,https://www.burgerking.co.kr/menu/main,2026-08-11,True,True,,,,,,,매장별 확인,,
버거킹,트러플머쉬룸와퍼주니어,공식 메뉴,399.0,18.0,6.0,8.0,711.0,계란|우유|대두|밀|돼지고기|쇠고기|토마토,https://www.burgerking.co.kr/menu/main,2026-08-11,True,True,,,,,,,매장별 확인,,
버거킹,쉐이킹프라이 매콤치즈,공식 메뉴,287.0,4.0,3.1,0.6,687.0,우유|대두,https://www.burgerking.co.kr/menu/main,2026-08-11,True,True,,,,,,,매장별 확인,,
버거킹,스파이시 풀드비프 와퍼,공식 메뉴,781.0,39.0,13.0,21.0,1594.0,계란|대두|밀|쇠고기|토마토,https://www.burgerking.co.kr/menu/main,2026-08-11,True,True,,,,,,,매장별 확인,,
버거킹,두툼버거,공식 메뉴,986.0,52.0,18.0,14.0,1923.0,계란|우유|대두|밀|돼지고기|쇠고기|닭고기|토마토|오징어,https://www.burgerking.co.kr/menu/main,2026-08-11,True,True,,,,,,,매장별 확인,,
버거킹,딥 트러플 머쉬룸 더블,공식 메뉴,996.0,52.0,24.0,5.0,1258.0,계란|우유|대두|밀|쇠고기,https://www.burgerking.co.kr/menu/main,2026-08-11,True,True,,,,,,,매장별 확인,,
버거킹,딥 트러플 프라이,공식 메뉴,384.0,4.0,6.0,2.0,529.0,계란|우유|대두|밀,https://www.burgerking.co.kr/menu/main,2026-08-11,True,True,,,,,,,매장별 확인,,
버거킹,초코 망고 선데,공식 메뉴,246.0,3.0,2.0,45.0,92.0,우유|대두|복숭아,https://www.burgerking.co.kr/menu/main,2026-08-11,True,True,,,,,,,매장별 확인,,
버거킹,갈릭불고기와퍼,공식 메뉴,768.0,31.0,12.0,9.0,1007.0,계란|대두|밀|쇠고기|토마토,https://www.burgerking.co.kr/menu/main,2026-08-11,True,True,,,,,,,매장별 확인,,
버거킹,앵그리 너겟킹 4조각,공식 메뉴,218.0,12.0,3.0,0.4,559.0,대두|밀|닭고기,https://www.burgerking.co.kr/menu/main,2026-08-11,True,True,,,,,,,매장별 확인,,
버거킹,핫초코,공식 메뉴,214.0,3.0,1.0,38.0,161.0,우유,https://www.burgerking.co.kr/menu/main,2026-08-11,True,True,,,,,,,매장별 확인,,
버거킹,바비큐소스 추가,공식 메뉴,0.0,0.0,0.0,0.0,0.0,,https://www.burgerking.co.kr/menu/main,2026-08-11,True,True,,,,,,,매장별 확인,,
버거킹,불끈버거,공식 메뉴,0.0,0.0,0.0,0.0,0.0,계란|우유|대두|밀|새우|쇠고기|토마토,https://www.burgerking.co.kr/menu/main,2026-08-11,True,True,,,,,,,매장별 확인,,
버거킹,두툼버거 더블,공식 메뉴,1269.0,73.0,24.0,14.0,2157.0,계란|우유|대두|밀|돼지고기|쇠고기|닭고기|토마토|오징어,https://www.burgerking.co.kr/menu/main,2026-08-11,True,True,,,,,,,매장별 확인,,
버거킹,리치브라운소스,공식 메뉴,39.0,0.0,0.0,0.0,0.0,계란|우유|대두|토마토,https://www.burgerking.co.kr/menu/main,2026-08-11,True,True,,,,,,,매장별 확인,,
버거킹,비프불고기버거,공식 메뉴,384.0,15.0,5.0,5.0,492.0,계란|우유|대두|밀|쇠고기,https://www.burgerking.co.kr/menu/main,2026-08-11,True,True,,,,,,,매장별 확인,,
버거킹,더오치 맥시멈3,공식 메뉴,1499.0,81.0,44.0,11.0,3094.0,계란|우유|대두|밀|쇠고기|토마토,https://www.burgerking.co.kr/menu/main,2026-08-11,True,True,,,,,,,매장별 확인,,
버거킹,펜타치즈와퍼,공식 메뉴,857.0,43.0,24.0,8.0,1520.0,계란|우유|대두|밀|쇠고기|토마토,https://www.burgerking.co.kr/menu/main,2026-08-11,True,True,,,,,,,매장별 확인,,
버거킹,스모크 비프립 와퍼,공식 메뉴,811.0,37.0,14.0,17.0,1417.0,계란|대두|밀|쇠고기|토마토,https://www.burgerking.co.kr/menu/main,2026-08-11,True,True,,,,,,,매장별 확인,,
버거킹,트러플소스,공식 메뉴,35.0,0.2,1.2,1.2,80.0,계란|우유|대두|밀,https://www.burgerking.co.kr/menu/main,2026-08-11,True,True,,,,,,,매장별 확인,,
버거킹,크리스퍼 텐더,공식 메뉴,176.0,11.0,1.0,1.0,361.0,대두|밀|닭고기,https://www.burgerking.co.kr/menu/main,2026-08-11,True,True,,,,,,,매장별 확인,,
버거킹,베이비 콰트로치즈,공식 메뉴,406.0,19.0,11.0,4.0,621.0,계란|우유|대두|밀|쇠고기|토마토,https://www.burgerking.co.kr/menu/main,2026-08-11,True,True,,,,,,,매장별 확인,,
버거킹,블랙페퍼 치즈 소스,공식 메뉴,61.0,0.1,1.0,0.7,103.0,계란|우유|대두,https://www.burgerking.co.kr/menu/main,2026-08-11,True,True,,,,,,,매장별 확인,,
버거킹,브라운 페퍼콘 소스,공식 메뉴,40.0,0.2,0.6,1.2,103.0,계란|대두|밀|쇠고기|토마토,https://www.burgerking.co.kr/menu/main,2026-08-11,True,True,,,,,,,매장별 확인,,
버거킹,잠봉햄&치즈 크루아상위치 세트,공식 메뉴,689.0,17.0,16.0,7.0,1212.0,계란|우유|대두|밀|돼지고기,https://www.burgerking.co.kr/menu/main,2026-08-11,True,True,,,,,,,매장별 확인,,
버거킹,핫트러플소스,공식 메뉴,57.0,0.0,0.9,1.0,113.0,계란|대두|쇠고기|토마토,https://www.burgerking.co.kr/menu/main,2026-08-11,True,True,,,,,,,매장별 확인,,
버거킹,엘파소 치폴레 소스,공식 메뉴,24.0,0.0,0.3,1.0,142.0,계란|우유|대두|밀|돼지고기|토마토,https://www.burgerking.co.kr/menu/main,2026-08-11,True,True,,,,,,,매장별 확인,,
버거킹,베이비 불고기,공식 메뉴,333.0,14.0,5.0,5.0,368.0,계란|대두|밀|쇠고기|토마토,https://www.burgerking.co.kr/menu/main,2026-08-11,True,True,,,,,,,매장별 확인,,
버거킹,베이비 통새우,공식 메뉴,332.0,15.0,6.0,3.0,497.0,계란|우유|대두|밀|새우|쇠고기|토마토,https://www.burgerking.co.kr/menu/main,2026-08-11,True,True,,,,,,,매장별 확인,,
버거킹,콰트로페퍼 큐브스테이크 와퍼,공식 메뉴,773.0,43.0,15.0,9.0,1714.0,계란|우유|대두|밀|쇠고기|토마토,https://www.burgerking.co.kr/menu/main,2026-08-11,True,True,,,,,,,매장별 확인,,
버거킹,펜타치즈와퍼 라지세트,공식 메뉴,1442.0,48.0,28.0,64.0,1984.0,계란|우유|대두|밀|쇠고기|토마토,https://www.burgerking.co.kr/menu/main,2026-08-11,True,True,,,,,,,매장별 확인,,
버거킹,치킨 치즈 마요 버거,공식 메뉴,640.0,20.0,10.0,4.0,1122.0,계란|우유|대두|밀|닭고기,https://www.burgerking.co.kr/menu/main,2026-08-11,True,True,,,,,,,매장별 확인,,
버거킹,BLT 오믈렛 크루아상위치,공식 메뉴,547.0,15.0,14.0,8.0,768.0,계란|우유|대두|밀|돼지고기|토마토,https://www.burgerking.co.kr/menu/main,2026-08-11,True,True,,,,,,,매장별 확인,,
버거킹,불고기 롱치킨버거,공식 메뉴,691.0,23.0,7.0,7.0,1434.0,계란|대두|밀|닭고기,https://www.burgerking.co.kr/menu/main,2026-08-11,True,True,,,,,,,매장별 확인,,
버거킹,크리스퍼 불닭 치킨,공식 메뉴,494.0,25.0,6.0,7.0,1442.0,계란|우유|대두|밀|쇠고기|닭고기,https://www.burgerking.co.kr/menu/main,2026-08-11,True,True,,,,,,,매장별 확인,,
버거킹,크리스퍼 클래식,공식 메뉴,569.0,25.0,6.0,9.0,1390.0,계란|우유|대두|밀|쇠고기|닭고기,https://www.burgerking.co.kr/menu/main,2026-08-11,True,True,,,,,,,매장별 확인,,
버거킹,더오치 맥시멈 원파운더,공식 메뉴,1789.0,106.0,58.0,17.0,3351.0,계란|우유|대두|밀|쇠고기|토마토,https://www.burgerking.co.kr/menu/main,2026-08-11,True,True,,,,,,,매장별 확인,,
버거킹,크리스퍼 랩,공식 메뉴,359.0,12.0,3.0,4.0,651.0,계란|우유|대두|밀|닭고기,https://www.burgerking.co.kr/menu/main,2026-08-11,True,True,,,,,,,매장별 확인,,
버거킹,크리스퍼 마요 소스,공식 메뉴,51.0,0.1,0.7,1.3,89.0,계란|대두|닭고기,https://www.burgerking.co.kr/menu/main,2026-08-11,True,True,,,,,,,매장별 확인,,
버거킹,더 크리스퍼 베이컨&치즈,공식 메뉴,727.0,28.0,10.0,6.0,1553.0,계란|우유|대두|밀|돼지고기|쇠고기|닭고기|토마토,https://www.burgerking.co.kr/menu/main,2026-08-11,True,True,,,,,,,매장별 확인,,
버거킹,BLT 오믈렛 크루아상위치 콤보,공식 메뉴,557.0,15.0,14.0,8.0,768.0,계란|우유|대두|밀|돼지고기|토마토,https://www.burgerking.co.kr/menu/main,2026-08-11,True,True,,,,,,,매장별 확인,,
버거킹,비프 킹 랩,공식 메뉴,357.0,15.0,7.0,5.0,741.0,계란|우유|대두|밀|쇠고기|토마토,https://www.burgerking.co.kr/menu/main,2026-08-11,True,True,,,,,,,매장별 확인,,
버거킹,더 크리스퍼,공식 메뉴,696.0,26.0,9.0,5.0,1392.0,계란|대두|밀|쇠고기|닭고기|토마토,https://www.burgerking.co.kr/menu/main,2026-08-11,True,True,,,,,,,매장별 확인,,
버거킹,펜타치즈와퍼 세트,공식 메뉴,1285.0,47.0,27.0,47.0,1869.0,계란|우유|대두|밀|쇠고기|토마토,https://www.burgerking.co.kr/menu/main,2026-08-11,True,True,,,,,,,매장별 확인,,
버거킹,더오치 맥시멈2,공식 메뉴,1018.0,53.0,29.0,9.0,2045.0,계란|우유|대두|밀|쇠고기|토마토,https://www.burgerking.co.kr/menu/main,2026-08-11,True,True,,,,,,,매장별 확인,,
버거킹,버드와이저 캔(330ml),공식 메뉴,0.0,0.0,0.0,0.0,0.0,,https://www.burgerking.co.kr/menu/main,2026-08-11,True,True,,,,,,,매장별 확인,,
버거킹,브라우니큐브,공식 메뉴,64.0,0.5,2.8,5.8,17.0,계란|밀,https://www.burgerking.co.kr/menu/main,2026-08-11,True,True,,,,,,,매장별 확인,,
버거킹,터프페퍼 치즈프라이,공식 메뉴,414.0,8.0,5.0,3.0,482.0,계란|우유|대두|밀|쇠고기|토마토,https://www.burgerking.co.kr/menu/main,2026-08-11,True,True,,,,,,,매장별 확인,,
버거킹,치폴레 할라피뇨 파퍼,공식 메뉴,895.0,32.0,19.0,15.0,1316.0,계란|우유|대두|밀|돼지고기|쇠고기|토마토,https://www.burgerking.co.kr/menu/main,2026-08-11,True,True,,,,,,,매장별 확인,,
버거킹,스모크 바베큐 소스,공식 메뉴,17.5,0.2,0.0,3.1,81.0,대두|밀|토마토,https://www.burgerking.co.kr/menu/main,2026-08-11,True,True,,,,,,,매장별 확인,,
버거킹,갈릭불고기 맥시멈2,공식 메뉴,1076.0,54.0,24.0,7.0,1710.0,계란|우유|대두|밀|쇠고기,https://www.burgerking.co.kr/menu/main,2026-08-11,True,True,,,,,,,매장별 확인,,
버거킹,말차 킹퓨전,공식 메뉴,394.0,7.0,4.0,41.0,139.0,우유|대두|밀,https://www.burgerking.co.kr/menu/main,2026-08-11,True,True,,,,,,,매장별 확인,,
버거킹,애플 파이 로얄,공식 메뉴,188.0,2.0,2.5,6.0,120.0,대두|밀,https://www.burgerking.co.kr/menu/main,2026-08-11,True,True,,,,,,,매장별 확인,,
버거킹,킹플로트 소다,공식 메뉴,261.0,3.0,2.4,50.0,93.0,우유,https://www.burgerking.co.kr/menu/main,2026-08-11,True,True,,,,,,,매장별 확인,,
버거킹,오믈렛 크루아상위치 세트,공식 메뉴,667.0,12.0,14.0,7.0,861.0,계란|우유|대두|밀,https://www.burgerking.co.kr/menu/main,2026-08-11,True,True,,,,,,,매장별 확인,,
버거킹,오리지널스 메이플 갈릭,공식 메뉴,873.0,42.0,21.0,17.0,1081.0,계란|우유|대두|밀|돼지고기|쇠고기|토마토,https://www.burgerking.co.kr/menu/main,2026-08-11,True,True,,,,,,,매장별 확인,,
버거킹,잠봉햄&치즈 크루아상위치 콤보,공식 메뉴,517.0,15.0,13.0,7.0,917.0,계란|우유|대두|밀|돼지고기,https://www.burgerking.co.kr/menu/main,2026-08-11,True,True,,,,,,,매장별 확인,,
버거킹,터프페퍼 큐브스테이크,공식 메뉴,680.0,40.0,12.0,11.0,1154.0,계란|우유|대두|밀|돼지고기|쇠고기|토마토,https://www.burgerking.co.kr/menu/main,2026-08-11,True,True,,,,,,,매장별 확인,,
버거킹,스모크 비프립 샌드위치 버거,공식 메뉴,595.0,25.0,7.0,24.0,1192.0,계란|우유|대두|밀|쇠고기|토마토,https://www.burgerking.co.kr/menu/main,2026-08-11,True,True,,,,,,,매장별 확인,,
버거킹,고구마 크림치즈 파이 로얄,공식 메뉴,240.0,3.0,7.0,8.0,94.0,우유|대두|밀,https://www.burgerking.co.kr/menu/main,2026-08-11,True,True,,,,,,,매장별 확인,,
버거킹,킹플로트 메론,공식 메뉴,266.0,3.0,2.1,50.0,88.0,우유|대두,https://www.burgerking.co.kr/menu/main,2026-08-11,True,True,,,,,,,매장별 확인,,
버거킹,보일링 씨푸드 버거 디아블로,공식 메뉴,602.0,24.0,9.0,9.0,1348.0,계란|대두|밀|새우|게|쇠고기|토마토,https://www.burgerking.co.kr/menu/main,2026-08-11,True,True,,,,,,,매장별 확인,,
버거킹,아이스 카페라떼,공식 메뉴,73.0,4.0,2.2,3.0,34.0,우유,https://www.burgerking.co.kr/menu/main,2026-08-11,True,True,,,,,,,매장별 확인,,
버거킹,BLT 오믈렛 크루아상위치 세트,공식 메뉴,729.0,17.0,17.0,8.0,1063.0,계란|우유|대두|밀|돼지고기|토마토,https://www.burgerking.co.kr/menu/main,2026-08-11,True,True,,,,,,,매장별 확인,,
버거킹,미닛메이드 포도,공식 메뉴,126.0,1.0,0.0,28.0,16.0,,https://www.burgerking.co.kr/menu/main,2026-08-11,True,True,,,,,,,매장별 확인,,
버거킹,크리스퍼 치폴레,공식 메뉴,529.0,26.0,4.0,6.0,1611.0,계란|우유|대두|밀|돼지고기|쇠고기|닭고기|토마토,https://www.burgerking.co.kr/menu/main,2026-08-11,True,True,,,,,,,매장별 확인,,
버거킹,대~호 버거,공식 메뉴,788.0,36.0,19.0,10.0,1129.0,계란|우유|대두|밀|쇠고기,https://www.burgerking.co.kr/menu/main,2026-08-11,True,True,,,,,,,매장별 확인,,
버거킹,오리지널스 엘파소 치폴레,공식 메뉴,911.0,44.0,25.0,9.0,1338.0,계란|우유|대두|밀|돼지고기|쇠고기|토마토,https://www.burgerking.co.kr/menu/main,2026-08-11,True,True,,,,,,,매장별 확인,,
버거킹,치폴레 소스,공식 메뉴,21.0,0.2,0.0,3.2,138.0,대두|돼지고기|토마토,https://www.burgerking.co.kr/menu/main,2026-08-11,True,True,,,,,,,매장별 확인,,
버거킹,갈릭불고기 맥시멈3,공식 메뉴,1347.0,77.0,28.0,15.0,1902.0,계란|우유|대두|밀|쇠고기,https://www.burgerking.co.kr/menu/main,2026-08-11,True,True,,,,,,,매장별 확인,,
버거킹,스모크 베이컨 와퍼,공식 메뉴,870.0,40.0,15.0,15.0,1287.0,계란|대두|밀|돼지고기|쇠고기|토마토,https://www.burgerking.co.kr/menu/main,2026-08-11,True,True,,,,,,,매장별 확인,,
버거킹,불닭소스,공식 메뉴,31.0,0.4,0.6,2.5,124.0,계란|우유|대두|밀|쇠고기|닭고기,https://www.burgerking.co.kr/menu/main,2026-08-11,True,True,,,,,,,매장별 확인,,
버거킹,오믈렛 크루아상위치 콤보,공식 메뉴,495.0,10.0,11.0,7.0,566.0,계란|우유|대두|밀,https://www.burgerking.co.kr/menu/main,2026-08-11,True,True,,,,,,,매장별 확인,,
버거킹,초코 브라우니 킹퓨전,공식 메뉴,325.0,6.0,7.0,45.0,195.0,계란|우유|대두|밀,https://www.burgerking.co.kr/menu/main,2026-08-11,True,True,,,,,,,매장별 확인,,
버거킹,크리스퍼 랩 불닭 치킨,공식 메뉴,299.0,13.0,3.0,4.0,775.0,계란|우유|대두|밀|쇠고기|닭고기,https://www.burgerking.co.kr/menu/main,2026-08-11,True,True,,,,,,,매장별 확인,,
버거킹,크리스퍼 랩 양념 치킨,공식 메뉴,342.0,12.0,3.0,6.0,682.0,계란|우유|대두|밀|닭고기|토마토,https://www.burgerking.co.kr/menu/main,2026-08-11,True,True,,,,,,,매장별 확인,,
버거킹,오믈렛 크루아상위치,공식 메뉴,485.0,10.0,11.0,7.0,566.0,계란|우유|대두|밀,https://www.burgerking.co.kr/menu/main,2026-08-11,True,True,,,,,,,매장별 확인,,
버거킹,할라피뇨 파퍼 몬스터,공식 메뉴,1009.0,44.0,18.0,10.0,1644.0,계란|우유|대두|밀|돼지고기|쇠고기|닭고기|토마토,https://www.burgerking.co.kr/menu/main,2026-08-11,True,True,,,,,,,매장별 확인,,
버거킹,핫 트러플 머쉬룸 와퍼,공식 메뉴,724.0,35.0,14.0,7.0,1278.0,계란|우유|대두|밀|돼지고기|쇠고기|토마토,https://www.burgerking.co.kr/menu/main,2026-08-11,True,True,,,,,,,매장별 확인,,
버거킹,피스타치오 베이컨잼,공식 메뉴,31.0,0.2,0.0,5.4,56.0,대두|돼지고기|토마토,https://www.burgerking.co.kr/menu/main,2026-08-11,True,True,,,,,,,매장별 확인,,
버거킹,크리스퍼 클래식 BLT,공식 메뉴,591.0,28.0,6.0,7.0,1568.0,계란|우유|대두|밀|돼지고기|쇠고기|닭고기|토마토,https://www.burgerking.co.kr/menu/main,2026-08-11,True,True,,,,,,,매장별 확인,,
버거킹,크리스퍼 양념 치킨,공식 메뉴,662.0,27.0,7.0,16.0,1611.0,계란|우유|대두|밀|쇠고기|닭고기|토마토,https://www.burgerking.co.kr/menu/main,2026-08-11,True,True,,,,,,,매장별 확인,,
버거킹,갈릭불고기 맥시멈 원파운더,공식 메뉴,1694.0,93.0,45.0,18.0,2262.0,계란|우유|대두|밀|쇠고기,https://www.burgerking.co.kr/menu/main,2026-08-11,True,True,,,,,,,매장별 확인,,
버거킹,카라멜 버터쿠키 킹퓨전,공식 메뉴,299.0,6.0,5.0,42.0,321.0,우유|밀,https://www.burgerking.co.kr/menu/main,2026-08-11,True,True,,,,,,,매장별 확인,,
버거킹,오리지널스 뉴욕 스테이크,공식 메뉴,826.0,51.0,22.0,10.0,1762.0,계란|우유|대두|밀|돼지고기|쇠고기|토마토|조개류,https://www.burgerking.co.kr/menu/main,2026-08-11,True,True,,,,,,,매장별 확인,,
버거킹,너겟킹 8조각,공식 메뉴,294.0,17.0,4.0,0.7,843.0,대두|밀|닭고기,https://www.burgerking.co.kr/menu/main,2026-08-11,True,True,,,,,,,매장별 확인,,
버거킹,보일링 씨푸드 버거 버터갈릭,공식 메뉴,641.0,23.0,9.0,9.0,1345.0,계란|우유|대두|밀|새우|게|쇠고기,https://www.burgerking.co.kr/menu/main,2026-08-11,True,True,,,,,,,매장별 확인,,
버거킹,크리미 할라피뇨 파퍼,공식 메뉴,884.0,30.0,18.0,17.0,1125.0,계란|우유|대두|밀|돼지고기|쇠고기,https://www.burgerking.co.kr/menu/main,2026-08-11,True,True,,,,,,,매장별 확인,,
버거킹,갈릭메이플소스,공식 메뉴,30.0,0.1,0.0,6.1,40.3,대두|돼지고기|토마토,https://www.burgerking.co.kr/menu/main,2026-08-11,True,True,,,,,,,매장별 확인,,
버거킹,랠리쉬 소스,공식 메뉴,21.0,0.2,0.0,3.4,46.0,,https://www.burgerking.co.kr/menu/main,2026-08-11,True,True,,,,,,,매장별 확인,,
버거킹,딥 크런치 아포가토,공식 메뉴,182.0,5.0,3.0,29.0,150.0,우유,https://www.burgerking.co.kr/menu/main,2026-08-11,True,True,,,,,,,매장별 확인,,
버거킹,양념소스,공식 메뉴,42.0,0.2,0.0,7.0,101.0,대두|밀|토마토,https://www.burgerking.co.kr/menu/main,2026-08-11,True,True,,,,,,,매장별 확인,,
버거킹,콰트로X콰트로 큐브스테이크,공식 메뉴,833.0,42.0,18.0,9.0,1540.0,계란|우유|대두|밀|쇠고기|토마토,https://www.burgerking.co.kr/menu/main,2026-08-11,True,True,,,,,,,매장별 확인,,
버거킹,흑임자 킹퓨전,공식 메뉴,400.0,8.0,5.0,40.0,166.0,우유|대두|밀,https://www.burgerking.co.kr/menu/main,2026-08-11,True,True,,,,,,,매장별 확인,,
버거킹,잠봉햄&치즈오믈렛 크루아상위치,공식 메뉴,507.0,15.0,13.0,7.0,917.0,계란|우유|대두|밀|돼지고기,https://www.burgerking.co.kr/menu/main,2026-08-11,True,True,,,,,,,매장별 확인,,
버거킹,카페라떼,공식 메뉴,117.0,6.0,4.0,6.0,67.0,우유,https://www.burgerking.co.kr/menu/main,2026-08-11,True,True,,,,,,,매장별 확인,,
버거킹,크리스퍼 마늘 치킨,공식 메뉴,661.0,25.0,7.0,12.0,1579.0,계란|우유|대두|밀|돼지고기|쇠고기|닭고기|토마토,https://www.burgerking.co.kr/menu/main,2026-08-11,True,True,,,,,,,매장별 확인,,
스타벅스,씨솔트 카라멜 콜드 브루,콜드 브루,145.0,1.0,4.2,15.0,95.0,우유,https://www.starbucks.co.kr/menu/drink_view.do?product_cd=9200000004544,2026-08-11,True,True,https://www.istarbucks.co.kr/upload/store/skuimg/2026/07/[9200000004544]_20260724080957146.jpg,구름 처럼 부드러운 씨솔트 폼과 번트 카라멜의 중독성 강한 단짠단짠 조합의 콜드 브루 한번 맛보면 자꾸 생각나는 매력적인 콜드 브루 음료를 만나보세요.,https://www.starbucks.co.kr/menu/drink_view.do?product_cd=9200000004544,2026-08-11,,,매장별 확인,,
스타벅스,코코 콜드 브루,콜드 브루,75.0,0.0,0.0,18.0,30.0,,https://www.starbucks.co.kr/menu/drink_view.do?product_cd=9200000007100,2026-08-11,True,True,https://www.istarbucks.co.kr/upload/store/skuimg/2026/07/[9200000007100]_20260715084451181.jpg,여름철 즐기기 좋은 깔끔한 타입의 신규 콜드 브루 전해질이 풍부해 수분 보충에 좋은 코코넛 워터와 콜드 브루의 조화로움을 즐겨보세요,https://www.starbucks.co.kr/menu/drink_view.do?product_cd=9200000007100,2026-08-11,,,매장별 확인,,
스타벅스,나이트로 바닐라 크림,콜드 브루,80.0,1.0,2.0,10.0,40.0,우유,https://www.starbucks.co.kr/menu/drink_view.do?product_cd=9200000002487,2026-08-11,True,True,https://www.istarbucks.co.kr/upload/store/skuimg/2025/06/[9200000002487]_20250626171201110.jpg,부드러운 목넘김의 나이트로 커피와 바닐라 크림의 매력을 한번에 느껴보세요!,https://www.starbucks.co.kr/menu/drink_view.do?product_cd=9200000002487,2026-08-11,,,매장별 확인,,
스타벅스,나이트로 콜드 브루,콜드 브루,5.0,0.0,0.0,0.0,5.0,,https://www.starbucks.co.kr/menu/drink_view.do?product_cd=9200000000479,2026-08-11,True,True,https://www.istarbucks.co.kr/upload/store/skuimg/2025/06/[9200000000479]_20250626095418324.jpg,(나이트로 콜드 브루 매장 한정) 나이트로 커피 정통의 캐스케이딩과 부드러운 콜드 크레마! 부드러운 목 넘김과 완벽한 밸런스에 커피 본연의 단맛을 경험할 수 있습니다.,https://www.starbucks.co.kr/menu/drink_view.do?product_cd=9200000000479,2026-08-11,,,매장별 확인,,
스타벅스,돌체 콜드 브루,콜드 브루,170.0,4.0,6.0,17.0,65.0,우유,https://www.starbucks.co.kr/menu/drink_view.do?product_cd=9200000002081,2026-08-11,True,True,https://www.istarbucks.co.kr/upload/store/skuimg/2025/06/[9200000002081]_20250626100020135.jpg,"무더운 여름철, 동남아 휴가지에서 즐기는 커피를 떠오르게 하는 스타벅스 음료의 베스트 x 베스트 조합인 돌체 콜드 브루를 만나보세요!",https://www.starbucks.co.kr/menu/drink_view.do?product_cd=9200000002081,2026-08-11,,,매장별 확인,,
스타벅스,리저브 나이트로,콜드 브루,5.0,0.0,0.0,0.0,0.0,,https://www.starbucks.co.kr/menu/drink_view.do?product_cd=9200000002407,2026-08-11,True,True,https://www.istarbucks.co.kr/upload/store/skuimg/2021/02/[9200000002407]_20210225095106743.jpg,나이트로 커피 정통의 캐스케이딩과 부드러운 콜드 크레마! 부드러운 목 넘김과 완벽한 밸런스에 커피 본연의 단맛을 경험할 수 있습니다.,https://www.starbucks.co.kr/menu/drink_view.do?product_cd=9200000002407,2026-08-11,,,매장별 확인,,
스타벅스,리저브 콜드 브루,콜드 브루,5.0,0.0,0.0,0.0,0.0,,https://www.starbucks.co.kr/menu/drink_view.do?product_cd=9200000002093,2026-08-11,True,True,https://www.istarbucks.co.kr/upload/store/skuimg/2024/03/[9200000002093]_20240318144604476.jpg,리저브 커피 마스터의 정성으로 차갑게 추출한 깊고 부드러운 풍미의 커피,https://www.starbucks.co.kr/menu/drink_view.do?product_cd=9200000002093,2026-08-11,,,매장별 확인,,
스타벅스,막걸리향 크림 콜드 브루,콜드 브루,300.0,3.0,13.0,32.0,65.0,우유,https://www.starbucks.co.kr/menu/drink_view.do?product_cd=9200000005282,2026-08-11,True,True,https://www.istarbucks.co.kr/upload/store/skuimg/2024/05/[9200000005282]_20240509131200017.jpg,"산에서 만날 수 있는 특별한 경험을 모티브로해 달콤, 향긋한 비알코올 막걸리 향 크림과 고소한 쌀 토핑으로 즐길 수 있는 콜드 브루",https://www.starbucks.co.kr/menu/drink_view.do?product_cd=9200000005282,2026-08-11,,,매장별 확인,,
스타벅스,민트 콜드 브루,콜드 브루,100.0,0.0,0.0,23.0,0.0,,https://www.starbucks.co.kr/menu/drink_view.do?product_cd=9200000004312,2026-08-11,True,True,https://www.istarbucks.co.kr/upload/store/skuimg/2022/10/[9200000004312]_20221005145029134.jpg,상쾌한 민트향 시럽과 잘게 갈린 얼음이 어우러져 시원함이 강렬하게 느껴지는 리저브만의 콜드 브루 음료,https://www.starbucks.co.kr/menu/drink_view.do?product_cd=9200000004312,2026-08-11,,,매장별 확인,,
스타벅스,바닐라 아인슈페너 콜드 브루,콜드 브루,115.0,1.0,6.0,7.0,20.0,우유,https://www.starbucks.co.kr/menu/drink_view.do?product_cd=9200000006945,2026-08-11,True,True,https://www.istarbucks.co.kr/upload/store/skuimg/2026/04/[9200000006945]_20260415131227200.jpg,폭신한 바닐라 콜드 폼과 깊은 초콜릿 풍미의 콜드 브루가 만난 스타벅스의 아인슈페너. 음료와 잘 어울리는 스타벅스만의 콜드 폼으로 깔끔한 커피를 색다르게 즐겨보세요. ※ 해당 음료는 '콜드 폼'이 기본으로 포함되어 제공됩니다.,https://www.starbucks.co.kr/menu/drink_view.do?product_cd=9200000006945,2026-08-11,,,매장별 확인,,
스타벅스,바닐라 크림 콜드 브루,콜드 브루,120.0,3.0,5.0,10.0,35.0,우유,https://www.starbucks.co.kr/menu/drink_view.do?product_cd=9200000000487,2026-08-11,True,True,https://www.istarbucks.co.kr/upload/store/skuimg/2025/06/[9200000000487]_20250626095703208.jpg,콜드 브루에 더해진 바닐라 크림으로 깔끔하면서 달콤한 콜드 브루를 새롭게 즐길 수 있는 음료입니다.,https://www.starbucks.co.kr/menu/drink_view.do?product_cd=9200000000487,2026-08-11,,,매장별 확인,,
스타벅스,베르가못 콜드 브루,콜드 브루,125.0,3.0,1.7,22.0,45.0,우유,https://www.starbucks.co.kr/menu/drink_view.do?product_cd=9200000005991,2026-08-11,True,True,https://www.istarbucks.co.kr/upload/store/skuimg/2025/11/[9200000005991]_20251125104417629.jpg,은은하게 퍼지는 플로럴 향과 베르가못의 화사하고 우아한 시트러스 맛이 느껴지는 부드러운 콜드 브루,https://www.starbucks.co.kr/menu/drink_view.do?product_cd=9200000005991,2026-08-11,,,매장별 확인,,
스타벅스,블랙&화이트 콜드 브루,콜드 브루,175.0,1.0,12.0,12.0,70.0,우유,https://www.starbucks.co.kr/menu/drink_view.do?product_cd=9200000006301,2026-08-11,True,True,https://www.istarbucks.co.kr/upload/store/skuimg/2025/07/[9200000006301]_20250703090404091.jpg,리저브 콜드 브루와 하우스 메이드 바닐라 빈 크림이 어우러진 아인슈페너 음료,https://www.starbucks.co.kr/menu/drink_view.do?product_cd=9200000006301,2026-08-11,,,매장별 확인,,
스타벅스,서울 막걸리향 콜드 브루,콜드 브루,205.0,3.0,2.1,38.0,55.0,우유,https://www.starbucks.co.kr/menu/drink_view.do?product_cd=9200000006938,2026-08-11,True,True,https://www.istarbucks.co.kr/upload/store/skuimg/2026/03/[9200000006938]_20260304125135451.jpg,"한국 전통주 '막걸리’의 향미에서 영감을 받은 비알코올 쌀 베이스에, 스타벅스 콜드 브루의 깊고 부드러운 풍미가 조화를 이루는 새로운 스타일의 서울 특화 콜드 브루",https://www.starbucks.co.kr/menu/drink_view.do?product_cd=9200000006938,2026-08-11,,,매장별 확인,,
스타벅스,스모크드 콜드 패션드,콜드 브루,30.0,0.0,0.0,6.0,0.0,,https://www.starbucks.co.kr/menu/drink_view.do?product_cd=9200000006056,2026-08-11,True,True,https://www.istarbucks.co.kr/upload/store/skuimg/2025/04/[9200000006056]_20250424105540077.jpg,스모키한 위스키의 풍미와 초콜릿 풍미의 리저브 커피가 어우러진 칵테일처럼 즐기는 콜드 브루 음료,https://www.starbucks.co.kr/menu/drink_view.do?product_cd=9200000006056,2026-08-11,,,매장별 확인,,
스타벅스,시그니처 더 블랙 콜드 브루,콜드 브루,25.0,0.0,0.0,0.0,50.0,,https://www.starbucks.co.kr/menu/drink_view.do?product_cd=9200000003661,2026-08-11,True,True,https://www.istarbucks.co.kr/upload/store/skuimg/2025/06/[9200000003661]_20250626093642415.jpg,콜드 브루 전용 원두를 차가운 물로 매장에서 직접 추출하여 부드럽고 진한 풍미의 콜드브루를 언제 어디서나 편하게 즐겨보세요 (전용 보틀 /500ml),https://www.starbucks.co.kr/menu/drink_view.do?product_cd=9200000003661,2026-08-11,,,매장별 확인,,
스타벅스,여수 윤슬 헤이즐넛 콜드 브루,콜드 브루,240.0,5.0,9.0,27.0,80.0,우유,https://www.starbucks.co.kr/menu/drink_view.do?product_cd=9200000004750,2026-08-11,True,True,https://www.istarbucks.co.kr/upload/store/skuimg/2025/06/[9200000004750]_20250626093847094.jpg,"햇빛이나 달빛에 비치어 반짝이는 잔물결이라는 ""윤슬""을 형상화한 헤이즐넛 콜드브루",https://www.starbucks.co.kr/menu/drink_view.do?product_cd=9200000004750,2026-08-11,,,매장별 확인,,
스타벅스,오트 콜드 브루,콜드 브루,110.0,1.0,3.0,14.0,85.0,,https://www.starbucks.co.kr/menu/drink_view.do?product_cd=9200000003285,2026-08-11,True,True,https://www.istarbucks.co.kr/upload/store/skuimg/2025/06/[9200000003285]_20250626095600441.jpg,콜드 브루의 풍미와 깔끔한 오트음료(식물성 대체유)가 어우러진 달콤 고소한 라떼. 식물성 대체유를 사용해 모든 고객이 부담없이 즐길 수 있는 콜드 브루 음료,https://www.starbucks.co.kr/menu/drink_view.do?product_cd=9200000003285,2026-08-11,,,매장별 확인,,
스타벅스,제주 비자림 리저브 콜드 브루,콜드 브루,205.0,8.0,4.1,26.0,100.0,우유,https://www.starbucks.co.kr/menu/drink_view.do?product_cd=9200000005616,2026-08-11,True,True,https://www.istarbucks.co.kr/upload/store/skuimg/2024/10/[9200000005616]_20241014134021881.jpg,리저브 콜드브루에 말차 돌체 베이스를 추가하여 제주 천년의 숲 비자림을 표현한 음료,https://www.starbucks.co.kr/menu/drink_view.do?product_cd=9200000005616,2026-08-11,,,매장별 확인,,
스타벅스,콜드 브루,콜드 브루,5.0,0.0,0.0,0.0,11.0,,https://www.starbucks.co.kr/menu/drink_view.do?product_cd=9200000004770,2026-08-11,True,True,https://www.istarbucks.co.kr/upload/store/skuimg/2025/06/[9200000000038]_20250626095744182.jpg,스타벅스 바리스타의 정성으로 만들어진 콜드브루! 콜드브루 전용 원료로 정교하게 완성된 부드러운 산미와 깊은 바디감의 초콜릿 풍미 커피,https://www.starbucks.co.kr/menu/drink_view.do?product_cd=9200000004770,2026-08-11,,,매장별 확인,,
스타벅스,콜드 브루 몰트,콜드 브루,505.0,7.0,20.0,41.0,150.0,우유|대두,https://www.starbucks.co.kr/menu/drink_view.do?product_cd=9200000001636,2026-08-11,True,True,https://www.istarbucks.co.kr/upload/store/skuimg/2021/02/[9200000001636]_20210225093600536.jpg,"[리저브 전용음료] 리저브 콜드 브루, 바닐라 아이스크림, 몰트가 블렌딩된 리저브만의 쉐이크",https://www.starbucks.co.kr/menu/drink_view.do?product_cd=9200000001636,2026-08-11,,,매장별 확인,,
스타벅스,콜드 브루 플로트,콜드 브루,225.0,3.0,10.0,18.0,70.0,우유,https://www.starbucks.co.kr/menu/drink_view.do?product_cd=9200000001635,2026-08-11,True,True,https://www.istarbucks.co.kr/upload/store/skuimg/2021/02/[9200000001635]_20210225092236748.jpg,[리저브 전용음료] 리저브 콜드 브루 위에 녹아 내리는 한 스쿱의 바닐라 아이스크림,https://www.starbucks.co.kr/menu/drink_view.do?product_cd=9200000001635,2026-08-11,,,매장별 확인,,
스타벅스,프렌치 바닐라 콜드 브루,콜드 브루,165.0,4.0,2.7,26.0,150.0,우유,https://www.starbucks.co.kr/menu/drink_view.do?product_cd=9200000006948,2026-08-11,True,True,https://www.istarbucks.co.kr/upload/store/skuimg/2026/04/[9200000006948]_20260415131310868.jpg,깊고 부드러운 프렌치 바닐라 풍미와 깔끔한 콜드 브루가 어우러진 음료. 대비되는 옐로우&브라운의 레이어 속에서 달콤한 프렌치 감성을 즐겨보세요.,https://www.starbucks.co.kr/menu/drink_view.do?product_cd=9200000006948,2026-08-11,,,매장별 확인,,
스타벅스,브루드 커피,브루드 커피,5.0,0.0,0.0,0.0,15.0,,https://www.starbucks.co.kr/menu/drink_view.do?product_cd=2,2026-08-11,True,True,https://www.istarbucks.co.kr/upload/store/skuimg/2021/04/[2]_20210430111934117.jpg,"시즌에 어울리는 원두 종류를 선정하여 신선하게 브루드(Brewed)되어 제공되는 드립커피로, 원두 커피의 풍부한 맛과 향을 따뜻하게 즐기실 수 있습니다.",https://www.starbucks.co.kr/menu/drink_view.do?product_cd=2,2026-08-11,,,매장별 확인,,
스타벅스,스위트 밀크 커피,브루드 커피,185.0,4.0,4.1,24.0,75.0,우유,https://www.starbucks.co.kr/menu/drink_view.do?product_cd=9200000006852,2026-08-11,True,True,https://www.istarbucks.co.kr/upload/store/skuimg/2026/02/[9200000006852]_20260205135209835.jpg,매장에서 추출한 아이스 커피와 화이트 초콜릿이 어우러진 커피 우유 스타일의 가벼운 드립 커피 라떼 주기적으로 달라지는 브루드 커피 원두와 함께 드립 라떼의 새로운 매력을 느껴보세요,https://www.starbucks.co.kr/menu/drink_view.do?product_cd=9200000006852,2026-08-11,,,매장별 확인,,
스타벅스,아이스 브루드 커피,브루드 커피,5.0,0.0,0.0,0.0,10.0,,https://www.starbucks.co.kr/menu/drink_view.do?product_cd=106509,2026-08-11,True,True,https://www.istarbucks.co.kr/upload/store/skuimg/2025/06/[106509]_20250626092521116.jpg,"시즌에 어울리는 원두 종류를 선정하여 드립 방식으로 추출한 후 얼음과 함께 제공하는 커피로, 원두 커피의 풍부하고 깔끔한 맛을 느끼실 수 있습니다.",https://www.starbucks.co.kr/menu/drink_view.do?product_cd=106509,2026-08-11,,,매장별 확인,,
스타벅스,스타벅스 에어로카노,에스프레소,10.0,1.0,0.0,0.0,0.0,,https://www.starbucks.co.kr/menu/drink_view.do?product_cd=9200000006840,2026-08-11,True,True,https://www.istarbucks.co.kr/upload/store/skuimg/2026/02/[9200000006840]_20260205135245242.jpg,아메리카노에 바리스타의 기술을 더해 벨벳 같은 미세한 거품층과 부드러운 목넘김을 즐길 수 있는 새로운 스타일의 음료 한층 풍부한 커피 풍미와 물결처럼 흘러내리는 캐스케이딩 비주얼의 에어로카노를 경험해보세요!,https://www.starbucks.co.kr/menu/drink_view.do?product_cd=9200000006840,2026-08-11,,,매장별 확인,,
스타벅스,스타벅스 자몽 허니 에어로카노,에스프레소,105.0,1.0,0.0,22.0,5.0,,https://www.starbucks.co.kr/menu/drink_view.do?product_cd=9200000007131,2026-08-11,True,True,https://www.istarbucks.co.kr/upload/store/skuimg/2026/07/[9200000007131]_20260729082321315.jpg,상큼한 자몽의 풍미와 벨벳같은 미세한 거품으로 부드러운 목넘김이 조화롭게 어우러져 밝고 산뜻하면서도 균형 잡힌 맛을 선사하는 에어로카노,https://www.starbucks.co.kr/menu/drink_view.do?product_cd=9200000007131,2026-08-11,,,매장별 확인,,
스타벅스,아이스 우베 코코넛 마키아또,에스프레소,245.0,4.0,5.0,20.0,85.0,우유,https://www.starbucks.co.kr/menu/drink_view.do?product_cd=9200000007089,2026-08-11,True,True,https://www.istarbucks.co.kr/upload/store/skuimg/2026/05/[9200000007089]_20260518094337907.jpg,코코넛 베이스에 진한 에스프레소와 부드러운 우베 폼을 더한 음료 크런치한 코코넛칩과 함께 즐길 수 있는 리저브 마키아또,https://www.starbucks.co.kr/menu/drink_view.do?product_cd=9200000007089,2026-08-11,,,매장별 확인,,
스타벅스,피넛 크림 쿠키 아인슈페너,에스프레소,345.0,7.0,6.0,24.0,140.0,계란|우유|밀|땅콩,https://www.starbucks.co.kr/menu/drink_view.do?product_cd=9200000006976,2026-08-11,True,True,https://www.istarbucks.co.kr/upload/store/skuimg/2026/04/[9200000006976]_20260421123846098.jpg,"제주의 고소함을 가득 담은 시그니처 피넛 아인슈페너의 등장! 진한 땅콩 풍미에 에스프레소를 더하고, 땅콩 크림과 너티 쿠키로 완성한 제주 특화 음료",https://www.starbucks.co.kr/menu/drink_view.do?product_cd=9200000006976,2026-08-11,,,매장별 확인,,
스타벅스,에스프레소 콘 파나,에스프레소,30.0,1.0,2.0,0.0,5.0,우유,https://www.starbucks.co.kr/menu/drink_view.do?product_cd=30,2026-08-11,True,True,https://www.istarbucks.co.kr/upload/store/skuimg/2021/04/[30]_20210415144252244.jpg,"신선한 에스프레소 샷에 풍부한 휘핑크림을 얹은 커피 음료로서, 뜨거운 커피의 맛과 차갑고 달콤한 생크림의 맛을 같이 즐길 수 있는 커피 음료",https://www.starbucks.co.kr/menu/drink_view.do?product_cd=30,2026-08-11,,,매장별 확인,,
스타벅스,에스프레소 마키아또,에스프레소,10.0,0.0,0.0,0.0,0.0,우유,https://www.starbucks.co.kr/menu/drink_view.do?product_cd=25,2026-08-11,True,True,https://www.istarbucks.co.kr/upload/store/skuimg/2021/04/[25]_20210415144211211.jpg,"신선한 에스프레소 샷에 우유 거품을 살짝 얹은 커피 음료로써, 강렬한 에스프레소의 맛과 우유의 부드러움을 같이 즐길 수 있는 커피 음료",https://www.starbucks.co.kr/menu/drink_view.do?product_cd=25,2026-08-11,,,매장별 확인,,
스타벅스,스타벅스 1호점 카페 아메리카노,에스프레소,10.0,1.0,0.0,0.0,0.0,,https://www.starbucks.co.kr/menu/drink_view.do?product_cd=9200000005514,2026-08-11,True,True,https://www.istarbucks.co.kr/upload/store/skuimg/2024/09/[9200000005514]_20240919154516844.jpg,풍부하고 부드러운 바디감의 별다방 블렌드 원두로 내린 에스프레소와 뜨거운 물을 섞어 깔끔하게 즐길 수 있는 스타벅스 이대점만의 블랙 커피 음료,https://www.starbucks.co.kr/menu/drink_view.do?product_cd=9200000005514,2026-08-11,,,매장별 확인,,
스타벅스,아이스 스타벅스 1호점 카페 아메리카노,에스프레소,10.0,1.0,0.0,0.0,0.0,,https://www.starbucks.co.kr/menu/drink_view.do?product_cd=9200000005516,2026-08-11,True,True,https://www.istarbucks.co.kr/upload/store/skuimg/2024/09/[9200000005516]_20240919154833807.jpg,풍부하고 부드러운 바디감의 별다방 블렌드 원두로 내린 에스프레소와 얼음과 물을 섞어 시원하고 깔끔하게 즐길 수 있는 스타벅스 이대점만의 블랙 커피 음료,https://www.starbucks.co.kr/menu/drink_view.do?product_cd=9200000005516,2026-08-11,,,매장별 확인,,
스타벅스,아이스 카페 아메리카노,에스프레소,10.0,1.0,0.0,0.0,5.0,,https://www.starbucks.co.kr/menu/drink_view.do?product_cd=110563,2026-08-11,True,True,https://www.istarbucks.co.kr/upload/store/skuimg/2025/06/[110563]_20250626094353711.jpg,진한 에스프레소에 시원한 정수물과 얼음을 더한 깊이와 풍미가 살아있는 커피,https://www.starbucks.co.kr/menu/drink_view.do?product_cd=110563,2026-08-11,,,매장별 확인,,
스타벅스,카페 아메리카노,에스프레소,10.0,1.0,0.0,0.0,5.0,,https://www.starbucks.co.kr/menu/drink_view.do?product_cd=94,2026-08-11,True,True,https://www.istarbucks.co.kr/upload/store/skuimg/2021/04/[94]_20210430103337006.jpg,진한 에스프레소에 뜨거운 물을 더한 깊이와 풍미가 살아있는 커피,https://www.starbucks.co.kr/menu/drink_view.do?product_cd=94,2026-08-11,,,매장별 확인,,
스타벅스,아이스 카라멜 마키아또,에스프레소,190.0,6.0,4.6,22.0,110.0,우유|대두,https://www.starbucks.co.kr/menu/drink_view.do?product_cd=110582,2026-08-11,True,True,https://www.istarbucks.co.kr/upload/store/skuimg/2025/06/[110582]_20250626095111658.jpg,향긋한 바닐라 시럽과 시원한 우유에 얼음을 넣고 점을 찍듯이 에스프레소를 부은 후 벌집 모양으로 카라멜 드리즐을 올린 달콤한 커피 음료,https://www.starbucks.co.kr/menu/drink_view.do?product_cd=110582,2026-08-11,,,매장별 확인,,
스타벅스,카라멜 마키아또,에스프레소,200.0,8.0,5.0,22.0,130.0,우유|대두,https://www.starbucks.co.kr/menu/drink_view.do?product_cd=126197,2026-08-11,True,True,https://www.istarbucks.co.kr/upload/store/skuimg/2021/04/[126197]_20210415154609863.jpg,향긋한 바닐라 시럽과 따뜻한 스팀 밀크 위에 풍성한 우유 거품을 얹고 점을 찍듯이 에스프레소를 부은 후 벌집 모양으로 카라멜 드리즐을 올린 달콤한 커피 음료,https://www.starbucks.co.kr/menu/drink_view.do?product_cd=126197,2026-08-11,,,매장별 확인,,
스타벅스,아이스 카푸치노,에스프레소,110.0,6.0,3.5,9.0,90.0,우유,https://www.starbucks.co.kr/menu/drink_view.do?product_cd=110601,2026-08-11,True,True,https://www.istarbucks.co.kr/upload/store/skuimg/2025/06/[110601]_20250626095213930.jpg,풍부하고 진한 에스프레소에 신선한 우유와 우유 거품이 얼음과 함께 들어간 시원하고 부드러운 커피 음료,https://www.starbucks.co.kr/menu/drink_view.do?product_cd=110601,2026-08-11,,,매장별 확인,,
스타벅스,카푸치노,에스프레소,110.0,6.0,3.0,8.0,70.0,우유,https://www.starbucks.co.kr/menu/drink_view.do?product_cd=38,2026-08-11,True,True,https://www.istarbucks.co.kr/upload/store/skuimg/2021/04/[38]_20210415154821846.jpg,풍부하고 진한 에스프레소에 따뜻한 우유와 벨벳 같은 우유 거품이 1:1 비율로 어우러져 마무리된 커피 음료,https://www.starbucks.co.kr/menu/drink_view.do?product_cd=38,2026-08-11,,,매장별 확인,,
스타벅스,라벤더 카페 브레베,에스프레소,400.0,8.0,22.0,30.0,140.0,우유,https://www.starbucks.co.kr/menu/drink_view.do?product_cd=9200000004119,2026-08-11,True,True,https://www.istarbucks.co.kr/upload/store/skuimg/2022/04/[9200000004119]_20220412083025862.png,진한 리저브 에스프레소 샷과 은은한 라벤더향이 고급스럽게 어우러진 부드럽고 세련된 풍미의 라벤더 카페 브레베,https://www.starbucks.co.kr/menu/drink_view.do?product_cd=9200000004119,2026-08-11,,,매장별 확인,,
스타벅스,밀크카라멜 라떼,에스프레소,310.0,8.0,13.0,22.0,280.0,우유,https://www.starbucks.co.kr/menu/drink_view.do?product_cd=9200000006235,2026-08-11,True,True,https://www.istarbucks.co.kr/upload/store/skuimg/2025/06/[9200000006235]_20250604124942828.jpg,부드럽고 달콤한 밀크카라멜의 은은한 풍미와 풍부한 질감을 느낄 수 있는 특별한 우유가 만나 언제나 편안하게 즐길 수 있는 라떼입니다.,https://www.starbucks.co.kr/menu/drink_view.do?product_cd=9200000006235,2026-08-11,,,매장별 확인,,
스타벅스,바닐라 라떼,에스프레소,210.0,8.0,5.0,24.0,130.0,우유,https://www.starbucks.co.kr/menu/drink_view.do?product_cd=9200000006343,2026-08-11,True,True,https://www.istarbucks.co.kr/upload/store/skuimg/2025/10/[9200000006343]_20251029141705796.jpg,"달콤한 바닐라의 향을 풍부하고 진한 에스프레소, 부드러운 우유와 함께 즐길 수 있는 라떼입니다.",https://www.starbucks.co.kr/menu/drink_view.do?product_cd=9200000006343,2026-08-11,,,매장별 확인,,
스타벅스,바닐라 빈 라떼,에스프레소,245.0,9.0,6.0,27.0,150.0,우유,https://www.starbucks.co.kr/menu/drink_view.do?product_cd=9200000001939,2026-08-11,True,True,https://www.istarbucks.co.kr/upload/store/skuimg/2021/02/[9200000001939]_20210225094313315.jpg,리저브만을 위한 바닐라 빈 시럽이 부드럽게 어우러진 카페 라떼,https://www.starbucks.co.kr/menu/drink_view.do?product_cd=9200000001939,2026-08-11,,,매장별 확인,,
스타벅스,번트 카라멜 라떼,에스프레소,380.0,12.0,13.0,30.0,250.0,우유,https://www.starbucks.co.kr/menu/drink_view.do?product_cd=9200000006054,2026-08-11,True,True,https://www.istarbucks.co.kr/upload/store/skuimg/2025/05/[9200000006054]_20250514142846184.jpg,리저브 에스프레소 커피와 번트 카라멜의 깊고 달콤한 풍미가 어우러진 라떼 음료,https://www.starbucks.co.kr/menu/drink_view.do?product_cd=9200000006054,2026-08-11,,,매장별 확인,,
스타벅스,사케라또 비안코 오버 아이스,에스프레소,270.0,3.0,18.0,14.0,45.0,우유,https://www.starbucks.co.kr/menu/drink_view.do?product_cd=9200000002095,2026-08-11,True,True,https://www.istarbucks.co.kr/upload/store/skuimg/2024/03/[9200000002095]_20240318144701881.jpg,얼음과 같이 쉐이킹하여 차가워진 진한 리저브 에스프레소와 하우스 메이드 크림이 어우러진 달콤한 음료,https://www.starbucks.co.kr/menu/drink_view.do?product_cd=9200000002095,2026-08-11,,,매장별 확인,,
스타벅스,스타벅스 1호점 카페 라떼,에스프레소,200.0,10.0,6.0,15.0,150.0,우유,https://www.starbucks.co.kr/menu/drink_view.do?product_cd=9200000005518,2026-08-11,True,True,https://www.istarbucks.co.kr/upload/store/skuimg/2024/09/[9200000005518]_20240919154933695.jpg,풍부하고 부드러운 바디감의 별다방 블렌드 원두로 내린 에스프레소와 신선한 우유를 스팀하여 커피 위에 우유 거품을 살짝 얹은 스타벅스 이대점만의 카페 라떼 음료,https://www.starbucks.co.kr/menu/drink_view.do?product_cd=9200000005518,2026-08-11,,,매장별 확인,,
스타벅스,스타벅스 1호점 크림 라떼,에스프레소,215.0,2.0,12.0,19.0,25.0,우유,https://www.starbucks.co.kr/menu/drink_view.do?product_cd=9200000005522,2026-08-11,True,True,https://www.istarbucks.co.kr/upload/store/skuimg/2024/09/[9200000005522]_20240919155344866.jpg,"""Coffee & Tea & Spice""스타벅스 첫번째 로고에서 착안한 음료로 스파이시한 향의 달콤하고 부드러운 커피 차이 크림폼, 풍부한 바디감의 별다방 블렌드 원두를 사용한 깊고 부드러운 크림 라떼 음료",https://www.starbucks.co.kr/menu/drink_view.do?product_cd=9200000005522,2026-08-11,,,매장별 확인,,
스타벅스,스타벅스 꿀 호떡 라떼,에스프레소,360.0,10.0,11.0,23.0,150.0,우유|땅콩,https://www.starbucks.co.kr/menu/drink_view.do?product_cd=9200000006164,2026-08-11,True,True,https://www.istarbucks.co.kr/upload/store/skuimg/2025/05/[9200000006164]_20250513101130306.jpg,한국의 대표 길거리 음식의 친근하고 익숙한 호떡을 형상화한 음료로 어린시절 추억이 느껴지는 커피 음료 시나몬향과 고소한 견과류가 느껴지는 음료,https://www.starbucks.co.kr/menu/drink_view.do?product_cd=9200000006164,2026-08-11,,,매장별 확인,,
스타벅스,스타벅스 돌체 라떼,에스프레소,215.0,12.0,2.0,32.0,190.0,우유,https://www.starbucks.co.kr/menu/drink_view.do?product_cd=128692,2026-08-11,True,True,https://www.istarbucks.co.kr/upload/store/skuimg/2021/04/[128692]_20210426091933665.jpg,스타벅스의 다른 커피 음료보다 더욱 깊은 커피의 맛과 향에 깔끔한 무지방 우유와 부드러운 돌체 시럽이 들어간 음료로 달콤하고 진한 커피 라떼,https://www.starbucks.co.kr/menu/drink_view.do?product_cd=128692,2026-08-11,,,매장별 확인,,
스타벅스,아이스 라벤더 카페 브레베,에스프레소,335.0,6.0,18.0,27.0,110.0,우유,https://www.starbucks.co.kr/menu/drink_view.do?product_cd=9200000004120,2026-08-11,True,True,https://www.istarbucks.co.kr/upload/store/skuimg/2022/04/[9200000004120]_20220412082952150.png,진한 리저브 에스프레소 샷과 은은한 라벤더향이 고급스럽게 어우러진 부드럽고 세련된 풍미의 라벤더 카페 브레베,https://www.starbucks.co.kr/menu/drink_view.do?product_cd=9200000004120,2026-08-11,,,매장별 확인,,
스타벅스,아이스 밀크카라멜 라떼,에스프레소,240.0,5.0,10.0,17.0,220.0,우유,https://www.starbucks.co.kr/menu/drink_view.do?product_cd=9200000006238,2026-08-11,True,True,https://www.istarbucks.co.kr/upload/store/skuimg/2025/06/[9200000006238]_20250613084659816.jpg,부드럽고 달콤한 밀크카라멜의 은은한 풍미와 풍부한 질감을 느낄 수 있는 특별한 우유가 만나 언제나 편안하게 즐길 수 있는 라떼입니다.,https://www.starbucks.co.kr/menu/drink_view.do?product_cd=9200000006238,2026-08-11,,,매장별 확인,,
스타벅스,아이스 바닐라 라떼,에스프레소,150.0,5.0,3.2,19.0,80.0,우유,https://www.starbucks.co.kr/menu/drink_view.do?product_cd=9200000006346,2026-08-11,True,True,https://www.istarbucks.co.kr/upload/store/skuimg/2025/10/[9200000006346]_20251029141759604.jpg,"달콤한 바닐라의 향을 풍부하고 진한 에스프레소, 부드러운 우유와 함께 즐길 수 있는 라떼입니다.",https://www.starbucks.co.kr/menu/drink_view.do?product_cd=9200000006346,2026-08-11,,,매장별 확인,,
스타벅스,아이스 바닐라 빈 라떼,에스프레소,155.0,5.0,2.9,20.0,75.0,우유,https://www.starbucks.co.kr/menu/drink_view.do?product_cd=9200000001941,2026-08-11,True,True,https://www.istarbucks.co.kr/upload/store/skuimg/2021/02/[9200000001941]_20210225094346653.jpg,리저브만을 위한 바닐라 빈 시럽이 부드럽게 어우러진 카페 라떼,https://www.starbucks.co.kr/menu/drink_view.do?product_cd=9200000001941,2026-08-11,,,매장별 확인,,
스타벅스,아이스 스타벅스 1호점 카페 라떼,에스프레소,110.0,6.0,3.2,8.0,80.0,우유,https://www.starbucks.co.kr/menu/drink_view.do?product_cd=9200000005520,2026-08-11,True,True,https://www.istarbucks.co.kr/upload/store/skuimg/2024/09/[9200000005520]_20240919155241283.jpg,풍부하고 부드러운 바디감의 별다방 블렌드 원두로 내린 에스프레소와 신선한 우유와 얼음이 만나 고소함과 시원함을 즐길 수 있는 스타벅스 이대점만의 카페 라떼 음료,https://www.starbucks.co.kr/menu/drink_view.do?product_cd=9200000005520,2026-08-11,,,매장별 확인,,
스타벅스,아이스 스타벅스 1호점 크림 라떼,에스프레소,215.0,2.0,12.0,19.0,25.0,우유,https://www.starbucks.co.kr/menu/drink_view.do?product_cd=9200000005523,2026-08-11,True,True,https://www.istarbucks.co.kr/upload/store/skuimg/2024/09/[9200000005523]_20240919155443058.jpg,"""Coffee & Tea & Spice""스타벅스 첫번째 로고에서 착안한 음료로 스파이시한 향의 달콤하고 부드러운 커피 차이 크림폼, 풍부한 바디감의 별다방 블렌드 원두를 사용한 깊고 부드러운 크림 라떼 음료",https://www.starbucks.co.kr/menu/drink_view.do?product_cd=9200000005523,2026-08-11,,,매장별 확인,,
스타벅스,아이스 스타벅스 꿀 호떡 라떼,에스프레소,290.0,6.0,10.0,16.0,80.0,우유|땅콩,https://www.starbucks.co.kr/menu/drink_view.do?product_cd=9200000006165,2026-08-11,True,True,https://www.istarbucks.co.kr/upload/store/skuimg/2025/05/[9200000006165]_20250513101211857.jpg,한국의 대표 길거리 음식의 친근하고 익숙한 호떡을 형상화한 음료로 어린시절 추억이 느껴지는 커피 음료 시나몬향과 고소한 견과류가 느껴지는 음료,https://www.starbucks.co.kr/menu/drink_view.do?product_cd=9200000006165,2026-08-11,,,매장별 확인,,
스타벅스,아이스 스타벅스 돌체 라떼,에스프레소,190.0,10.0,2.0,28.0,140.0,우유,https://www.starbucks.co.kr/menu/drink_view.do?product_cd=128695,2026-08-11,True,True,https://www.istarbucks.co.kr/upload/store/skuimg/2025/06/[128695]_20250626095651684.jpg,스타벅스의 다른 커피 음료보다 더욱 깊은 커피의 맛과 향에 깔끔한 무지방 우유와 부드러운 돌체 시럽이 들어간 음료로 달콤하고 진한 커피 라떼,https://www.starbucks.co.kr/menu/drink_view.do?product_cd=128695,2026-08-11,,,매장별 확인,,
스타벅스,아이스 인절미 크림 라떼,에스프레소,455.0,9.0,16.0,43.0,180.0,우유|대두|밀|땅콩,https://www.starbucks.co.kr/menu/drink_view.do?product_cd=9200000005285,2026-08-11,True,True,https://www.istarbucks.co.kr/upload/store/skuimg/2024/05/[9200000005285]_20240509131125335.jpg,고소하고 쌉싸름한 맛의 콩고물과 쫀득한 식감의 인절미 젤리를 달콤한 크림이 얹어진 커피와 함께 즐길 수 있는 라떼,https://www.starbucks.co.kr/menu/drink_view.do?product_cd=9200000005285,2026-08-11,,,매장별 확인,,
스타벅스,아이스 카페 라떼,에스프레소,110.0,6.0,3.5,8.0,75.0,우유,https://www.starbucks.co.kr/menu/drink_view.do?product_cd=110569,2026-08-11,True,True,https://www.istarbucks.co.kr/upload/store/skuimg/2025/06/[110569]_20250626094801903.jpg,풍부하고 진한 에스프레소에 시원한 우유를 더해 부드럽게 즐길 수 있는 커피,https://www.starbucks.co.kr/menu/drink_view.do?product_cd=110569,2026-08-11,,,매장별 확인,,
스타벅스,인절미 크림 라떼,에스프레소,530.0,12.0,19.0,49.0,250.0,우유|대두|밀|땅콩,https://www.starbucks.co.kr/menu/drink_view.do?product_cd=9200000005284,2026-08-11,True,True,https://www.istarbucks.co.kr/upload/store/skuimg/2024/05/[9200000005284]_20240509131037171.jpg,고소하고 쌉싸름한 맛의 콩고물과 쫀득한 식감의 인절미 젤리를 달콤한 크림이 얹어진 커피와 함께 즐길 수 있는 라떼,https://www.starbucks.co.kr/menu/drink_view.do?product_cd=9200000005284,2026-08-11,,,매장별 확인,,
스타벅스,제주 비자림 리저브 에스프레소 라떼,에스프레소,240.0,10.0,7.0,22.0,160.0,우유,https://www.starbucks.co.kr/menu/drink_view.do?product_cd=9200000006575,2026-08-11,True,True,https://www.istarbucks.co.kr/upload/store/skuimg/2025/10/[9200000006575]_20251013103821201.jpg,"리저브 원두로 만든 라떼에 말차 돌체 베이스를 추가하여 제주 천년의 숲 비자림을 표현한 라떼. 오직 송당에서만 만날 수 있는 음료로, 따뜻한 비자림의 풍미를 느껴보세요.",https://www.starbucks.co.kr/menu/drink_view.do?product_cd=9200000006575,2026-08-11,,,매장별 확인,,
스타벅스,카페 라떼,에스프레소,180.0,10.0,5.0,13.0,115.0,우유,https://www.starbucks.co.kr/menu/drink_view.do?product_cd=41,2026-08-11,True,True,https://www.istarbucks.co.kr/upload/store/skuimg/2021/04/[41]_20210415133833725.jpg,풍부하고 진한 에스프레소가 신선한 스팀 밀크를 만나 부드러워진 커피 위에 우유 거품을 살짝 얹은 커피,https://www.starbucks.co.kr/menu/drink_view.do?product_cd=41,2026-08-11,,,매장별 확인,,
스타벅스,코르타도,에스프레소,115.0,6.0,3.2,8.0,85.0,우유,https://www.starbucks.co.kr/menu/drink_view.do?product_cd=9200000006338,2026-08-11,True,True,https://www.istarbucks.co.kr/upload/store/skuimg/2025/10/[9200000006338]_20251029141124907.jpg,진하면서도 부드러운 블론드 리스트레토 3샷에 폼을 살짝 낸 스팀 밀크를 더해 짙은 커피 풍미를 즐길 수 있는 코르타도입니다.,https://www.starbucks.co.kr/menu/drink_view.do?product_cd=9200000006338,2026-08-11,,,매장별 확인,,
스타벅스,아이스 카페 모카,에스프레소,250.0,7.0,8.0,21.0,70.0,우유,https://www.starbucks.co.kr/menu/drink_view.do?product_cd=110566,2026-08-11,True,True,https://www.istarbucks.co.kr/upload/store/skuimg/2025/06/[110566]_20250626113005628.jpg,진한 초콜릿 모카 시럽과 풍부한 에스프레소를 신선한 우유 그리고 얼음과 섞어 휘핑크림으로 마무리한 음료로 진한 에스프레소와 초콜릿 맛이 어우러진 커피,https://www.starbucks.co.kr/menu/drink_view.do?product_cd=110566,2026-08-11,,,매장별 확인,,
스타벅스,아이스 화이트 초콜릿 모카,에스프레소,300.0,8.0,10.0,31.0,150.0,우유,https://www.starbucks.co.kr/menu/drink_view.do?product_cd=110572,2026-08-11,True,True,https://www.istarbucks.co.kr/upload/store/skuimg/2025/06/[110572]_20250626113205748.jpg,달콤하고 부드러운 화이트 초콜릿 시럽과 에스프레소를 신선한 우유 그리고 얼음과 섞어 휘핑크림으로 마무리한 음료로 달콤함과 강렬한 에스프레소가 부드럽게 어우러진 커피,https://www.starbucks.co.kr/menu/drink_view.do?product_cd=110572,2026-08-11,,,매장별 확인,,
스타벅스,카페 모카,에스프레소,290.0,10.0,9.0,25.0,105.0,우유,https://www.starbucks.co.kr/menu/drink_view.do?product_cd=46,2026-08-11,True,True,https://www.istarbucks.co.kr/upload/store/skuimg/2021/04/[46]_20210415134438165.jpg,진한 초콜릿 모카 시럽과 풍부한 에스프레소를 스팀 밀크와 섞어 휘핑크림으로 마무리한 음료로 진한 에스프레소와 초콜릿 맛이 어우러진 커피,https://www.starbucks.co.kr/menu/drink_view.do?product_cd=46,2026-08-11,,,매장별 확인,,
스타벅스,클래식 민트 모카,에스프레소,335.0,4.0,7.0,43.0,200.0,,https://www.starbucks.co.kr/menu/drink_view.do?product_cd=9200000004313,2026-08-11,True,True,https://www.istarbucks.co.kr/upload/store/skuimg/2022/10/[9200000004313]_20221005145156959.jpg,스타벅스의 클래식인 페퍼민트 모카를 떠올리게 하는 리저브만의 에스프레소 음료 오트음료(식물성 대체유)의 고소함과 다크 초콜릿의 쌉쌀함이 특징인 음료입니다,https://www.starbucks.co.kr/menu/drink_view.do?product_cd=9200000004313,2026-08-11,,,매장별 확인,,
스타벅스,화이트 초콜릿 모카,에스프레소,350.0,11.0,10.0,37.0,200.0,우유,https://www.starbucks.co.kr/menu/drink_view.do?product_cd=128192,2026-08-11,True,True,https://www.istarbucks.co.kr/upload/store/skuimg/2021/04/[128192]_20210415155639126.jpg,달콤하고 부드러운 화이트 초콜릿 시럽과 에스프레소를 스팀 밀크와 섞어 휘핑크림으로 마무리한 음료로 달콤함과 강렬한 에스프레소가 부드럽게 어우러진 커피,https://www.starbucks.co.kr/menu/drink_view.do?product_cd=128192,2026-08-11,,,매장별 확인,,
스타벅스,아이스 플랫 화이트,에스프레소,120.0,6.0,3.5,9.0,90.0,우유,https://www.starbucks.co.kr/menu/drink_view.do?product_cd=9200000005181,2026-08-11,True,True,https://www.istarbucks.co.kr/upload/store/skuimg/2025/06/[9200000005181]_20250626095819133.jpg,"부드러운 리스트레토 샷과 완벽한 양의 우유를 더해, 카페 라떼보다 커피의 맛을 진하게 즐길 수 있는 에스프레소 음료입니다.",https://www.starbucks.co.kr/menu/drink_view.do?product_cd=9200000005181,2026-08-11,,,매장별 확인,,
스타벅스,플랫 화이트,에스프레소,170.0,8.0,5.0,13.0,130.0,우유,https://www.starbucks.co.kr/menu/drink_view.do?product_cd=9200000005178,2026-08-11,True,True,https://www.istarbucks.co.kr/upload/store/skuimg/2024/03/[9200000005178]_20240326103727795.jpg,"부드러운 리스트레토 샷과 완벽한 양의 스팀밀크를 더해, 카페 라떼보다 커피의 맛을 진하게 즐길 수 있는 에스프레소 음료입니다.",https://www.starbucks.co.kr/menu/drink_view.do?product_cd=9200000005178,2026-08-11,,,매장별 확인,,
스타벅스,바닐라 스타벅스 더블 샷,에스프레소,125.0,2.0,4.5,14.0,30.0,우유,https://www.starbucks.co.kr/menu/drink_view.do?product_cd=110612,2026-08-11,True,True,https://www.istarbucks.co.kr/upload/store/skuimg/2025/06/[110612]_20250626095701777.jpg,"신선하게 제조된 더블 샷 믹스에 바닐라 시럽을 넣고 에스프레소 샷, 얼음이 어우러져 핸드 쉐이킹한 음료",https://www.starbucks.co.kr/menu/drink_view.do?product_cd=110612,2026-08-11,,,매장별 확인,,
스타벅스,사케라또 아포가토,에스프레소,290.0,4.0,10.0,30.0,70.0,우유,https://www.starbucks.co.kr/menu/drink_view.do?product_cd=9200000003505,2026-08-11,True,True,https://www.istarbucks.co.kr/upload/store/skuimg/2021/03/[9200000003505]_20210322093241535.jpg,민트 잎과 쉐이킹한 리저브 에스프레소를 바닐라 아이스크림에 부어 프레쉬함과 달콤함이 조화롭게 퍼지는 리저브 만의 디저트 음료,https://www.starbucks.co.kr/menu/drink_view.do?product_cd=9200000003505,2026-08-11,,,매장별 확인,,
스타벅스,스파클링 시트러스 에스프레소,에스프레소,65.0,0.0,0.0,15.0,5.0,,https://www.starbucks.co.kr/menu/drink_view.do?product_cd=9200000003506,2026-08-11,True,True,https://www.istarbucks.co.kr/upload/store/skuimg/2021/03/[9200000003506]_20210322093317854.jpg,리저브 에스프레소에 상큼한 레몬과 진저에일을 더해 청량감과 시트러스 풍미를 가득 선사하는 커피 음료,https://www.starbucks.co.kr/menu/drink_view.do?product_cd=9200000003506,2026-08-11,,,매장별 확인,,
스타벅스,에스프레소,에스프레소,5.0,0.0,0.0,0.0,0.0,,https://www.starbucks.co.kr/menu/drink_view.do?product_cd=20,2026-08-11,True,True,https://www.istarbucks.co.kr/upload/store/skuimg/2021/04/[20]_20210415144112678.jpg,"스타벅스 에스프레소는 향기로운 크레마 층과 바디 층, 하트 층으로 이루어져 있으며, 입안 가득히 커피와 달콤한 카라멜 향이 느껴지는 커피 음료",https://www.starbucks.co.kr/menu/drink_view.do?product_cd=20,2026-08-11,,,매장별 확인,,
스타벅스,커피 스타벅스 더블 샷,에스프레소,125.0,2.0,4.5,14.0,30.0,우유,https://www.starbucks.co.kr/menu/drink_view.do?product_cd=110611,2026-08-11,True,True,https://www.istarbucks.co.kr/upload/store/skuimg/2025/06/[110611]_20250626095539402.jpg,"신선하게 제조된 더블 샷 믹스에 클래식 시럽을 넣고 에스프레소 샷, 얼음이 어우러져 핸드 쉐이킹한 음료",https://www.starbucks.co.kr/menu/drink_view.do?product_cd=110611,2026-08-11,,,매장별 확인,,
스타벅스,클래식 아포가토,에스프레소,240.0,4.0,10.0,18.0,70.0,우유,https://www.starbucks.co.kr/menu/drink_view.do?product_cd=9200000001631,2026-08-11,True,True,https://www.istarbucks.co.kr/upload/store/skuimg/2021/02/[9200000001631]_20210225090916684.jpg,[리저브R 매장 전용음료] 리저브 에스프레소 투 샷이 바닐라 아이스크림과 진하게 어우러진 정통 아포가토,https://www.starbucks.co.kr/menu/drink_view.do?product_cd=9200000001631,2026-08-11,,,매장별 확인,,
스타벅스,헤이즐넛 스타벅스 더블 샷,에스프레소,125.0,2.0,4.5,14.0,30.0,우유,https://www.starbucks.co.kr/menu/drink_view.do?product_cd=110614,2026-08-11,True,True,https://www.istarbucks.co.kr/upload/store/skuimg/2025/06/[110614]_20250626174624137.jpg,"신선하게 제조된 더블 샷 믹스에 헤이즐넛 시럽을 넣고 에스프레소 샷, 얼음이 어우러져 핸드 쉐이킹한 음료",https://www.starbucks.co.kr/menu/drink_view.do?product_cd=110614,2026-08-11,,,매장별 확인,,
스타벅스,레드빈 말차 코코 프라푸치노,프라푸치노,245.0,5.0,5.0,30.0,210.0,우유,https://www.starbucks.co.kr/menu/drink_view.do?product_cd=9200000006957,2026-08-11,True,True,https://www.istarbucks.co.kr/upload/store/skuimg/2026/07/[9200000006957]_20260715084716885.jpg,"한 잔의 풍성한 디저트처럼 즐기는 프리미엄 프라푸치노 달달한 단팥, 쌉싸름한 유기농 제주 말차, 쫀득한 펄 토핑과 코코넛 베이스의 다채로운 조합을 즐겨 보세요",https://www.starbucks.co.kr/menu/drink_view.do?product_cd=9200000006957,2026-08-11,,,매장별 확인,,
스타벅스,바나나 마카다미아 오트 프라푸치노,프라푸치노,330.0,3.0,9.0,46.0,350.0,,https://www.starbucks.co.kr/menu/drink_view.do?product_cd=9200000006593,2026-08-11,True,False,https://www.istarbucks.co.kr/upload/store/skuimg/2025/11/[9200000006593]_20251112142011730.jpg,"로스티드 마카다미아, 오트와 진짜 바나나 한개를 통째로 넣어 여행 전 달콤하고 든든하게 즐기는 공항 전용 프라푸치노",https://www.starbucks.co.kr/menu/drink_view.do?product_cd=9200000006593,2026-08-11,,,매장별 확인,,
스타벅스,자몽 망고 코코 프라푸치노,프라푸치노,245.0,3.0,5.0,40.0,200.0,계란|우유|대두,https://www.starbucks.co.kr/menu/drink_view.do?product_cd=9200000005363,2026-08-11,True,True,https://www.istarbucks.co.kr/upload/store/skuimg/2026/07/[9200000005363]_20260724075931099.jpg,자몽 망고 코코넛의 완벽한 조합! 여름철 휴양지가 떠오르는 시원 달콤한 프라푸치노 고객들에게 많은 사랑을 받았던 자망코가 다시 돌아왔습니다,https://www.starbucks.co.kr/menu/drink_view.do?product_cd=9200000005363,2026-08-11,,,매장별 확인,,
스타벅스,제주 오름 초당옥수수 프라푸치노,프라푸치노,310.0,5.0,6.0,30.0,280.0,우유,https://www.starbucks.co.kr/menu/drink_view.do?product_cd=9200000006981,2026-08-11,True,True,https://www.istarbucks.co.kr/upload/store/skuimg/2026/04/[9200000006981]_20260422133605399.jpg,"제주 오름의 풍경과 달콤한 초당옥수수를 담은 싱그러운 프라푸치노! 초당 옥수수와 부드러운 글레이즈 폼, 톡톡 터지는 옥수수 식감이 어우러진 제주 특화 음료",https://www.starbucks.co.kr/menu/drink_view.do?product_cd=9200000006981,2026-08-11,,,매장별 확인,,
스타벅스,초코 바나나 마카다미아 오트 프라푸치노,프라푸치노,325.0,3.0,7.0,45.0,350.0,,https://www.starbucks.co.kr/menu/drink_view.do?product_cd=9200000006594,2026-08-11,True,False,https://www.istarbucks.co.kr/upload/store/skuimg/2025/11/[9200000006594]_20251112142046388.jpg,"다크초콜릿,로스티드 마카다미아, 오트와 진짜 바나나 한개를 통째로 넣어 여행 전 달콤하고 든든하게 즐기는 공항 전용 프라푸치노",https://www.starbucks.co.kr/menu/drink_view.do?product_cd=9200000006594,2026-08-11,,,매장별 확인,,
스타벅스,파인애플 블루 코코 프라푸치노,프라푸치노,225.0,2.0,5.0,34.0,190.0,우유,https://www.starbucks.co.kr/menu/drink_view.do?product_cd=9200000006954,2026-08-11,True,True,https://www.istarbucks.co.kr/upload/store/skuimg/2026/07/[9200000006954]_20260724081221980.jpg,"파인애플과 코코넛, 그리고 선명한 블루 스피룰리나를 더한 프라푸치노 음료. 한 잔의 푸른 여름이 담긴 매력적인 트로피컬 프라푸치노를 만나보세요!",https://www.starbucks.co.kr/menu/drink_view.do?product_cd=9200000006954,2026-08-11,,,매장별 확인,,
스타벅스,피넛 쿠키 크림 프라푸치노,프라푸치노,370.0,7.0,13.0,30.0,250.0,계란|우유|밀|땅콩,https://www.starbucks.co.kr/menu/drink_view.do?product_cd=9200000006980,2026-08-11,True,True,https://www.istarbucks.co.kr/upload/store/skuimg/2026/04/[9200000006980]_20260422133322108.jpg,땅콩과 너티 쿠키가 어우러진 풍성하고 밀키한 프라푸치노. 달콤하고 고소한 땅콩 풍미를 시원하게 즐길 수 있는 제주 특화 음료로 여행을 특별하게 즐겨보세요!,https://www.starbucks.co.kr/menu/drink_view.do?product_cd=9200000006980,2026-08-11,,,매장별 확인,,
스타벅스,더블 에스프레소 칩 프라푸치노,프라푸치노,225.0,4.0,13.0,18.0,170.0,우유,https://www.starbucks.co.kr/menu/drink_view.do?product_cd=9200000002760,2026-08-11,True,True,https://www.istarbucks.co.kr/upload/store/skuimg/2025/06/[9200000002760]_20250626095415811.jpg,"리스트레토 에스프레소 2샷과 에스프레소 칩, 하프앤하프가 진하게 어우러진 커피의 기본에 충실한 프라푸치노",https://www.starbucks.co.kr/menu/drink_view.do?product_cd=9200000002760,2026-08-11,,,매장별 확인,,
스타벅스,스타벅스 꿀 호떡 크림 프라푸치노,프라푸치노,325.0,6.0,10.0,26.0,180.0,우유|땅콩,https://www.starbucks.co.kr/menu/drink_view.do?product_cd=9200000006303,2026-08-11,True,True,https://www.istarbucks.co.kr/upload/store/skuimg/2025/06/[9200000006303]_20250619133012310.jpg,"한국의 대표 길거리 음식의 친근하고 익숙한 호떡을 형상화한 음료로 어린시절 추억을 느끼며, 시나몬향과 고소한 견과류를 더욱 시원하게 즐길 수 있는 프라푸치노 음료",https://www.starbucks.co.kr/menu/drink_view.do?product_cd=9200000006303,2026-08-11,,,매장별 확인,,
스타벅스,에스프레소 프라푸치노,프라푸치노,110.0,2.0,1.1,17.0,150.0,우유,https://www.starbucks.co.kr/menu/drink_view.do?product_cd=168007,2026-08-11,True,True,https://www.istarbucks.co.kr/upload/store/skuimg/2025/06/[168007]_20250626095952087.jpg,풍부하고 진한 에스프레소 샷의 강렬함과 달콤함이 어우러져 깊은 커피의 풍미를 느낄 수 있는 프라푸치노,https://www.starbucks.co.kr/menu/drink_view.do?product_cd=168007,2026-08-11,,,매장별 확인,,
스타벅스,자바 칩 프라푸치노,프라푸치노,285.0,5.0,6.0,30.0,180.0,우유|대두|밀,https://www.starbucks.co.kr/menu/drink_view.do?product_cd=168016,2026-08-11,True,True,https://www.istarbucks.co.kr/upload/store/skuimg/2025/06/[168016]_20250626113600873.jpg,"커피, 모카 소스, 진한 초콜릿 칩이 입안 가득 느껴지는 스타벅스에서만 맛볼 수 있는 프라푸치노",https://www.starbucks.co.kr/menu/drink_view.do?product_cd=168016,2026-08-11,,,매장별 확인,,
스타벅스,카라멜 프라푸치노,프라푸치노,225.0,3.0,8.0,24.0,180.0,우유|대두,https://www.starbucks.co.kr/menu/drink_view.do?product_cd=168010,2026-08-11,True,True,https://www.istarbucks.co.kr/upload/store/skuimg/2025/06/[168010]_20250626113443023.jpg,카라멜과 커피가 어우러진 프라푸치노,https://www.starbucks.co.kr/menu/drink_view.do?product_cd=168010,2026-08-11,,,매장별 확인,,
스타벅스,딸기 글레이즈드 크림 프라푸치노,프라푸치노,315.0,5.0,9.0,37.0,250.0,우유,https://www.starbucks.co.kr/menu/drink_view.do?product_cd=9200000005369,2026-08-11,True,True,https://www.istarbucks.co.kr/upload/store/skuimg/2024/06/[9200000005369]_20240614143554454.jpg,상큼&달콤한 딸기와 부드러운 글레이즈드 소스에 바삭한 딸기 토핑을 얹은 프라푸치노. 숙련된 바리스타의 솜씨로 그려낸 특별한 예술 작품을 감상해보세요.,https://www.starbucks.co.kr/menu/drink_view.do?product_cd=9200000005369,2026-08-11,,,매장별 확인,,
스타벅스,베르가못 딸기 크림 프라푸치노,프라푸치노,420.0,5.0,13.0,50.0,260.0,우유,https://www.starbucks.co.kr/menu/drink_view.do?product_cd=9200000006304,2026-08-11,True,True,https://www.istarbucks.co.kr/upload/store/skuimg/2025/07/[9200000006304]_20250708105445804.jpg,여름 수국의 사랑스러운 색감을 형상화한 음료로 은은하게 퍼지는 얼그레이의 플로럴향과 딸기의 상큼한 풍미가 느껴지는 음료,https://www.starbucks.co.kr/menu/drink_view.do?product_cd=9200000006304,2026-08-11,,,매장별 확인,,
스타벅스,베르가못 제주 말차 크림 프라푸치노,프라푸치노,405.0,5.0,13.0,48.0,260.0,우유,https://www.starbucks.co.kr/menu/drink_view.do?product_cd=9200000006305,2026-08-11,True,True,https://www.istarbucks.co.kr/upload/store/skuimg/2025/06/[9200000006305]_20250619141412982.jpg,자연과 어우러진 수국의 색감을 형상화한 음료로 제주산 말차와 함께 은은하게 퍼지는 얼그레이의 플로럴향으로 부드러운 맛을 즐길 수 있는 음료 (제주산 말차),https://www.starbucks.co.kr/menu/drink_view.do?product_cd=9200000006305,2026-08-11,,,매장별 확인,,
스타벅스,제주 까망 크림 프라푸치노,프라푸치노,505.0,11.0,8.0,48.0,380.0,우유|대두|밀|땅콩|오징어,https://www.starbucks.co.kr/menu/drink_view.do?product_cd=9200000002088,2026-08-11,True,True,https://www.istarbucks.co.kr/upload/store/skuimg/2025/06/[9200000002088]_20250626114629418.jpg,"[제주 Only]쫄깃한 흑임자 떡과 블랙 소보로 토핑으로 컵빙수처럼 먹는 음료. 고소한 흑임자와 쫄깃한 흑임자 떡, 달콤한 블랙 소보로 토핑으로 제주의 돌 하르방 길을 느낄 수 있는 음료",https://www.starbucks.co.kr/menu/drink_view.do?product_cd=9200000002088,2026-08-11,,,매장별 확인,,
스타벅스,제주 말차 크림 프라푸치노,프라푸치노,200.0,5.0,7.0,20.0,170.0,우유,https://www.starbucks.co.kr/menu/drink_view.do?product_cd=9200000002502,2026-08-11,True,True,https://www.istarbucks.co.kr/upload/store/skuimg/2025/06/[9200000002502]_20250626100915378.jpg,깊고 진한 말차 본연의 맛과 향을 시원하고 부드럽게 즐길 수 있는 프라푸치노,https://www.starbucks.co.kr/menu/drink_view.do?product_cd=9200000002502,2026-08-11,,,매장별 확인,,
스타벅스,제주 쑥떡 크림 프라푸치노,프라푸치노,410.0,8.0,10.0,43.0,280.0,우유|대두|밀,https://www.starbucks.co.kr/menu/drink_view.do?product_cd=9200000002090,2026-08-11,True,True,https://www.istarbucks.co.kr/upload/store/skuimg/2025/06/[9200000002090]_20250626114614395.jpg,"[제주지역 한정음료] 쫄깃쫄깃한 흑임자 떡으로 씹는 재미를 즐길 수 있는 음료로, 고소한 흑임자와 쑥떡 토핑이 올라간 음료",https://www.starbucks.co.kr/menu/drink_view.do?product_cd=9200000002090,2026-08-11,,,매장별 확인,,
스타벅스,초콜릿 크림 칩 프라푸치노,프라푸치노,275.0,6.0,7.0,27.0,180.0,우유|대두|밀,https://www.starbucks.co.kr/menu/drink_view.do?product_cd=168066,2026-08-11,True,True,https://www.istarbucks.co.kr/upload/store/skuimg/2025/06/[168066]_20250626113822018.jpg,"모카 소스와 진한 초콜릿 칩, 초콜릿 드리즐이 올라간 달콤한 크림 프라푸치노",https://www.starbucks.co.kr/menu/drink_view.do?product_cd=168066,2026-08-11,,,매장별 확인,,
스타벅스,화이트 타이거 프라푸치노,프라푸치노,385.0,6.0,7.0,50.0,240.0,우유,https://www.starbucks.co.kr/menu/drink_view.do?product_cd=9200000002403,2026-08-11,True,True,https://www.istarbucks.co.kr/upload/store/skuimg/2025/06/[9200000002403]_20250626100106311.jpg,밀크 쉐이크 같은 부드럽고 달콤한 바닐라 크림 프라푸치노에 깊은 풍미의 단맛을 가진 흑당시럽이 어우러져 용인에버랜드 백호의 줄무늬를 형상화한 부드럽고 달콤한 프라푸치노 * 용인에버랜드점에서만 판매하는 음료입니다,https://www.starbucks.co.kr/menu/drink_view.do?product_cd=9200000002403,2026-08-11,,,매장별 확인,,
스타벅스,라이트 유자 레몬 블렌디드,블렌디드,90.0,0.0,0.0,21.0,30.0,,https://www.starbucks.co.kr/menu/drink_view.do?product_cd=9200000006960,2026-08-11,True,True,https://www.istarbucks.co.kr/upload/store/skuimg/2026/05/[9200000006960]_20260507150037099.jpg,"칼로리 걱정을 덜 수 있는 과일 블렌디드의 등장! 제로 슈거 시럽으로 더 가볍게, 비타민을 함유한 레몬 코코 젤리로 더 상큼하게 즐기는 라이트 블렌디드 음료",https://www.starbucks.co.kr/menu/drink_view.do?product_cd=9200000006960,2026-08-11,,,매장별 확인,,
스타벅스,블루베리 딜라이트 요거트 블렌디드,블렌디드,245.0,5.0,4.1,35.0,105.0,우유,https://www.starbucks.co.kr/menu/drink_view.do?product_cd=9200000006963,2026-08-11,True,True,https://www.istarbucks.co.kr/upload/store/skuimg/2026/07/[9200000006963]_20260714082039571.jpg,고농축 유산균의 부드러운 요거트와 달콤한 블루베리가 부드럽게 어우러진 시원한 과일 요거트 블렌디드,https://www.starbucks.co.kr/menu/drink_view.do?product_cd=9200000006963,2026-08-11,,,매장별 확인,,
스타벅스,수박 주스 블렌디드,블렌디드,315.0,1.0,6.0,43.0,45.0,우유|대두|땅콩|토마토,https://www.starbucks.co.kr/menu/drink_view.do?product_cd=9200000006975,2026-08-11,True,True,https://www.istarbucks.co.kr/upload/store/skuimg/2026/07/[9200000006975]_20260724081131124.jpg,달콤 시원한 수박 과육을 갈아낸 블렌디드에 수박 주스를 부어주어 과일 본연의 풍부한 과즙이 살아있는 여름 음료입니다. 수박씨처럼 콕콕 박힌 오독오독한 초콜릿 땅콩 토핑도 함께 즐겨보세요!,https://www.starbucks.co.kr/menu/drink_view.do?product_cd=9200000006975,2026-08-11,,,매장별 확인,,
스타벅스,망고 패션 프루트 블렌디드,블렌디드,180.0,2.0,0.0,36.0,105.0,대두,https://www.starbucks.co.kr/menu/drink_view.do?product_cd=167004,2026-08-11,True,True,https://www.istarbucks.co.kr/upload/store/skuimg/2025/06/[167004]_20250626095805229.jpg,망고 패션 프루트 주스와 블랙 티가 깔끔하게 어우러진 과일 블렌디드,https://www.starbucks.co.kr/menu/drink_view.do?product_cd=167004,2026-08-11,,,매장별 확인,,
스타벅스,북한산 레몬 얼 그레이 블렌디드,블렌디드,110.0,0.0,1.0,25.0,10.0,,https://www.starbucks.co.kr/menu/drink_view.do?product_cd=9200000004716,2026-08-11,True,True,https://www.istarbucks.co.kr/upload/store/skuimg/2026/03/[9200000004716]_20260303083311982.jpg,꼬냑 향을 가미한 상큼한 레모네이드와 은은한 얼 그레이 티가 어우러진 블렌디드 음료,https://www.starbucks.co.kr/menu/drink_view.do?product_cd=9200000004716,2026-08-11,,,매장별 확인,,
스타벅스,스타벅스 클래식 밀크티 블렌디드,블렌디드,315.0,3.0,13.0,37.0,55.0,우유,https://www.starbucks.co.kr/menu/drink_view.do?product_cd=9200000004945,2026-08-11,True,True,https://www.istarbucks.co.kr/upload/store/skuimg/2025/08/[9200000004945]_20250827131549415.jpg,블랙티의 풍미와 향이 더욱 풍요롭게 느껴질 수 있는 밀크티 블렌디드,https://www.starbucks.co.kr/menu/drink_view.do?product_cd=9200000004945,2026-08-11,,,매장별 확인,,
스타벅스,여수 바다 유자 블렌디드,블렌디드,145.0,0.0,0.0,34.0,10.0,,https://www.starbucks.co.kr/menu/drink_view.do?product_cd=9200000004870,2026-08-11,True,True,https://www.istarbucks.co.kr/upload/store/skuimg/2026/07/[9200000004870]_20260731110244613.jpg,맑고 깨끗한 여수 경도의 낮 바다 풍경을 형상화한 음료로 상큼하게 즐길 수 있는 유자 블렌디드 음료 (유자:국내산),https://www.starbucks.co.kr/menu/drink_view.do?product_cd=9200000004870,2026-08-11,,,매장별 확인,,
스타벅스,제주 탄제린 블렌디드,블렌디드,260.0,1.0,0.0,43.0,25.0,,https://www.starbucks.co.kr/menu/drink_view.do?product_cd=9200000005377,2026-08-11,True,True,https://www.istarbucks.co.kr/upload/store/skuimg/2025/10/[9200000005377]_20251013104535651.jpg,"새콤달콤 한라봉, 천혜향과 탱글말랑 한라봉 젤리로 제주의 싱그러움을 담아 낸 음료",https://www.starbucks.co.kr/menu/drink_view.do?product_cd=9200000005377,2026-08-11,,,매장별 확인,,
스타벅스,딸기 딜라이트 요거트 블렌디드,블렌디드,255.0,7.0,3.5,38.0,100.0,우유,https://www.starbucks.co.kr/menu/drink_view.do?product_cd=9200000003276,2026-08-11,True,True,https://www.istarbucks.co.kr/upload/store/skuimg/2025/07/[9200000003276]_20250721084027663.jpg,고농축 유산균의 부드러운 요거트와 딸기 본연의 상콤&달콤한 과육이 상큼하게 어우러진 리뉴얼 된 과일 요거트 블렌디드,https://www.starbucks.co.kr/menu/drink_view.do?product_cd=9200000003276,2026-08-11,,,매장별 확인,,
스타벅스,말차 폭포 유자 블렌디드,블렌디드,150.0,1.0,0.0,32.0,5.0,,https://www.starbucks.co.kr/menu/drink_view.do?product_cd=9200000006577,2026-08-11,True,True,https://www.istarbucks.co.kr/upload/store/skuimg/2025/10/[9200000006577]_20251013103946321.jpg,쏟아지는 폭포를 표현한 말차와 상큼한 유자 캐모마일 티가 만나 시원한 평화를 선사하는 송당만의 과일 티 블렌디드 음료,https://www.starbucks.co.kr/menu/drink_view.do?product_cd=9200000006577,2026-08-11,,,매장별 확인,,
스타벅스,망고 바나나 블렌디드,블렌디드,290.0,4.0,9.0,45.0,130.0,우유|대두,https://www.starbucks.co.kr/menu/drink_view.do?product_cd=169001,2026-08-11,True,True,https://www.istarbucks.co.kr/upload/store/skuimg/2025/06/[169001]_20250626100121981.jpg,(Grande Only) 달콤한 망고 패션 프루트 주스에 바나나 1개가 통째로 들어간 신선한 블렌디드,https://www.starbucks.co.kr/menu/drink_view.do?product_cd=169001,2026-08-11,,,매장별 확인,,
스타벅스,블랙 글레이즈드 셔벗 플레이트,블렌디드,190.0,2.0,8.0,16.0,120.0,우유,https://www.starbucks.co.kr/menu/drink_view.do?product_cd=9200000006941,2026-08-11,True,True,https://www.istarbucks.co.kr/upload/store/skuimg/2026/03/[9200000006941]_20260324151120249.jpg,"마스카포네 크림을 얹은 에스프레소 셔벗과 리저브 에스프레소를 함께, 또 따로 아포가토처럼 즐기는 디저트 스타일 셔벗 음료",https://www.starbucks.co.kr/menu/drink_view.do?product_cd=9200000006941,2026-08-11,,,매장별 확인,,
스타벅스,자몽 허니 레몬 블렌디드,블렌디드,190.0,0.0,0.0,40.0,5.0,,https://www.starbucks.co.kr/menu/drink_view.do?product_cd=9200000006466,2026-08-11,True,True,https://www.istarbucks.co.kr/upload/store/skuimg/2025/09/[9200000006466]_20250904105105974.jpg,달콤한 자몽 허니에 레몬의 산뜻함을 더해 달콤상큼함으로 가볍게 즐기기 좋은 과일 블렌디드,https://www.starbucks.co.kr/menu/drink_view.do?product_cd=9200000006466,2026-08-11,,,매장별 확인,,
스타벅스,피치 망고 블렌디드,블렌디드,225.0,1.0,0.0,32.0,100.0,대두|복숭아,https://www.starbucks.co.kr/menu/drink_view.do?product_cd=9200000004780,2026-08-11,True,True,https://www.istarbucks.co.kr/upload/store/skuimg/2026/06/[9200000004780]_20260604081230816.jpg,"오직 강릉에서만 다시 만날 수 있는 특화 음료로, 달콤한 피치,망고에 산뜻한 히비스커스 티를 더한 매력적인 음료 *G Only",https://www.starbucks.co.kr/menu/drink_view.do?product_cd=9200000004780,2026-08-11,,,매장별 확인,,
스타벅스,핑크 피치 코코넛 리프레셔,리프레셔,140.0,1.0,2.1,21.0,40.0,우유|복숭아,https://www.starbucks.co.kr/menu/drink_view.do?product_cd=9200000007121,2026-08-11,True,True,https://www.istarbucks.co.kr/upload/store/skuimg/2026/07/[9200000007121]_20260715084625226.jpg,"피치, 망고 딸기 등의 다양한 과일 플레이버와 코코넛 베이스가 조화롭게 어우러진 리프레셔 음료 여름철 가볍게 에너지 부스팅 할 수 있는 음료",https://www.starbucks.co.kr/menu/drink_view.do?product_cd=9200000007121,2026-08-11,,,매장별 확인,,
스타벅스,딸기 아사이 레모네이드 스타벅스 리프레셔,리프레셔,105.0,1.0,0.0,24.0,0.0,,https://www.starbucks.co.kr/menu/drink_view.do?product_cd=9200000004753,2026-08-11,True,True,https://www.istarbucks.co.kr/upload/store/skuimg/2025/06/[9200000003763]_20250626093913823.jpg,"딸기, 아사이베리 주스와 레모네이드가 달콤 상큼하게 조화된 맛에 가볍게 에너지 부스팅을 할 수 있는 리프레셔 음료",https://www.starbucks.co.kr/menu/drink_view.do?product_cd=9200000004753,2026-08-11,,,매장별 확인,,
스타벅스,핑크 피치 리프레셔,리프레셔,145.0,0.0,0.0,28.0,15.0,복숭아,https://www.starbucks.co.kr/menu/drink_view.do?product_cd=9200000007097,2026-08-11,True,True,https://www.istarbucks.co.kr/upload/store/skuimg/2026/06/[9200000007097]_20260619142429847.jpg,"피치, 망고, 딸기 등의 다양한 과일 플레이버와 레모네이드가 조화롭게 어우러진 리프레셔 음료 두 가지 핑크 톤의 레이어와 함께 가볍게 에너지 부스팅 할 수 있는 음료",https://www.starbucks.co.kr/menu/drink_view.do?product_cd=9200000007097,2026-08-11,,,매장별 확인,,
스타벅스,골든 만다린 홉 피지오,피지오,120.0,0.0,0.0,27.0,5.0,,https://www.starbucks.co.kr/menu/drink_view.do?product_cd=9200000006172,2026-08-11,True,True,https://www.istarbucks.co.kr/upload/store/skuimg/2025/05/[9200000006172]_20250513101034691.jpg,부드럽게 느껴지는 티폼과 시트러스한 감귤 풍미 맥주 느낌의 청량하게 즐기는 상큼한 피지오 음료,https://www.starbucks.co.kr/menu/drink_view.do?product_cd=9200000006172,2026-08-11,,,매장별 확인,,
스타벅스,라이트 핑크 자몽 피지오,피지오,70.0,0.0,0.0,16.0,0.0,,https://www.starbucks.co.kr/menu/drink_view.do?product_cd=9200000005168,2026-08-11,True,True,https://www.istarbucks.co.kr/upload/store/skuimg/2025/06/[9200000005168]_20250626095609681.jpg,"달콤 쌉싸름한 자몽에 탄산의 청량감을 가득 담은 피지오로, 2018년 대비 칼로리를 60% 낮춰 돌아왔습니다. *G사이즈 기준 99kcal 이하 *18년 대비 칼로리 60% DOWN",https://www.starbucks.co.kr/menu/drink_view.do?product_cd=9200000005168,2026-08-11,,,매장별 확인,,
스타벅스,리버 피치 피지오,피지오,155.0,0.0,0.0,22.0,45.0,복숭아,https://www.starbucks.co.kr/menu/drink_view.do?product_cd=9200000005283,2026-08-11,True,True,https://www.istarbucks.co.kr/upload/store/skuimg/2024/05/[9200000005283]_20240509131233446.jpg,길고 깊은 강의 모습과 달콤한 복숭아가 만나 강의 뷰를 즐기며 힐링할 수 있는 상큼한 피지오,https://www.starbucks.co.kr/menu/drink_view.do?product_cd=9200000005283,2026-08-11,,,매장별 확인,,
스타벅스,서울 석양 오미자 피지오,피지오,155.0,0.0,0.0,39.0,20.0,,https://www.starbucks.co.kr/menu/drink_view.do?product_cd=9200000006937,2026-08-11,True,True,https://www.istarbucks.co.kr/upload/store/skuimg/2026/03/[9200000006937]_20260304125026093.jpg,"궁궐 연못을 형상화하는 파랑색 라임 에이드와, 진한 석양을 형상화 하는 상큼한 오미자 용과 피지오가 섞여 아름다운 보랏빛으로 변하는 서울 특화 피지오",https://www.starbucks.co.kr/menu/drink_view.do?product_cd=9200000006937,2026-08-11,,,매장별 확인,,
스타벅스,여수 바다 자몽 피지오,피지오,250.0,1.0,0.0,45.0,105.0,복숭아,https://www.starbucks.co.kr/menu/drink_view.do?product_cd=9200000004751,2026-08-11,True,True,https://www.istarbucks.co.kr/upload/store/skuimg/2023/09/[9200000004751]_20230907153225204.jpg,여수 돌산대교의 밤바다 풍경을 형상화한 음료로 알록달록 색상 조명의 토핑과 함께 여수의 풍경을 바라보며 즐길 수 있는 트로피컬 맛의 음료,https://www.starbucks.co.kr/menu/drink_view.do?product_cd=9200000004751,2026-08-11,,,매장별 확인,,
스타벅스,의암호의 초록빛 자몽 피지오,피지오,130.0,0.0,0.0,28.0,45.0,,https://www.starbucks.co.kr/menu/drink_view.do?product_cd=9200000005588,2026-08-11,True,True,https://www.istarbucks.co.kr/upload/store/skuimg/2024/10/[9200000005588]_20241017130009134.jpg,"춘천의암호 낮의 싱그러운 초록빛을 형상화한 음료로 청자몽과 라임, 레몬젤리를 활용한 피지오 음료",https://www.starbucks.co.kr/menu/drink_view.do?product_cd=9200000005588,2026-08-11,,,매장별 확인,,
스타벅스,제주팔삭 셔벗 피지오,피지오,165.0,0.0,0.0,38.0,5.0,,https://www.starbucks.co.kr/menu/drink_view.do?product_cd=9200000004946,2026-08-11,True,True,https://www.istarbucks.co.kr/upload/store/skuimg/2024/01/[9200000004946]_20240103144959834.jpg,제주송당의 소원나무에 걸린 제주 동백꽃을 형상화한 음료 제주의 자몽이라는 별명을 가진 제주 팔삭과 제주 한라봉으로 매장에서 직접 만든 셔벗과 함께 상큼하게 즐길 수 있는 피지오 음료,https://www.starbucks.co.kr/menu/drink_view.do?product_cd=9200000004946,2026-08-11,,,매장별 확인,,
스타벅스,제주팔삭 피지오,피지오,150.0,0.0,0.0,34.0,5.0,,https://www.starbucks.co.kr/menu/drink_view.do?product_cd=9200000004947,2026-08-11,True,True,https://www.istarbucks.co.kr/upload/store/skuimg/2025/08/[9200000004947]_20250827131344272.jpg,제주의 자몽이라는 별명을 가진 팔삭과 제주 한라봉으로 상큼하고 가볍게 즐길 수 있는 피지오 음료,https://www.starbucks.co.kr/menu/drink_view.do?product_cd=9200000004947,2026-08-11,,,매장별 확인,,
스타벅스,체리&자두 에너지 피지오,피지오,76.0,0.0,0.0,18.0,0.0,복숭아,https://www.starbucks.co.kr/menu/drink_view.do?product_cd=9200000005983,2026-08-11,True,True,https://www.istarbucks.co.kr/upload/store/skuimg/2025/07/[9200000005983]_20250724154622363.jpg,체리와 자두의 이색 조합으로 그란데 사이즈 99kcal와 타우린과 비타민C 등이 영양소가 함유되어 건강한 에너지를 시원하게 즐길 수 있는 카페인 프리 음료. (필요 시 무료로 블랙 티 커스텀을 통해 카페인도 추가할 수 있습니다),https://www.starbucks.co.kr/menu/drink_view.do?product_cd=9200000005983,2026-08-11,,,매장별 확인,,
스타벅스,쿨 라임 피지오,피지오,95.0,0.0,0.0,22.0,15.0,,https://www.starbucks.co.kr/menu/drink_view.do?product_cd=107051,2026-08-11,True,True,https://www.istarbucks.co.kr/upload/store/skuimg/2025/06/[107051]_20250626093749068.jpg,그린 빈 추출액이 들어간 라임 베이스에 건조된 라임 슬라이스를 넣고 스파클링한 시원하고 청량감 있는 음료입니다. (카페인이 함유된 탄산음료입니다),https://www.starbucks.co.kr/menu/drink_view.do?product_cd=107051,2026-08-11,,,매장별 확인,,
스타벅스,피치 딸기 피지오,피지오,115.0,0.0,0.0,21.0,15.0,복숭아,https://www.starbucks.co.kr/menu/drink_view.do?product_cd=9200000004567,2026-08-11,True,True,https://www.istarbucks.co.kr/upload/store/skuimg/2025/11/[9200000004567]_20251125104447608.jpg,피치와 딸기의 상큼한 과일과 청량한 탄산의 조화로 리프레시 할 수 있는 음료,https://www.starbucks.co.kr/menu/drink_view.do?product_cd=9200000004567,2026-08-11,,,매장별 확인,,
스타벅스,씨솔트 폼 블랙 티,티,145.0,1.0,5.0,19.0,50.0,우유,https://www.starbucks.co.kr/menu/drink_view.do?product_cd=9200000006951,2026-08-11,True,True,https://www.istarbucks.co.kr/upload/store/skuimg/2026/07/[9200000006951]_20260724081325863.jpg,부드럽고 짭짤한 씨솔트 폼과 깊고 맑은 더블 블랙티가 만난 스타벅스만의 폼 티(Foam Tea). 폼 티 속 알로에 토핑과 함께 깔끔하면서도 풍부한 즐거움을 느껴보세요.,https://www.starbucks.co.kr/menu/drink_view.do?product_cd=9200000006951,2026-08-11,,,매장별 확인,,
스타벅스,살구 조이풀 메들리 쉐이큰 티,티,110.0,1.0,2.0,22.0,55.0,우유|복숭아,https://www.starbucks.co.kr/menu/drink_view.do?product_cd=9200000007118,2026-08-11,True,True,https://www.istarbucks.co.kr/upload/store/skuimg/2026/07/[9200000007118]_20260715084540753.jpg,"상큼한 살구와 조이풀 메들리 티 풍미가 어우러진 신규 티 음료 *조이풀 메들리 티 : 블랙 티에 자스민 그린 티, 우롱 티가 블렌딩 되어 산뜻한 풍미가 은은하게 퍼지는 티",https://www.starbucks.co.kr/menu/drink_view.do?product_cd=9200000007118,2026-08-11,,,매장별 확인,,
스타벅스,아이스 우베 말차 라떼,티,275.0,7.0,4.6,24.0,120.0,우유,https://www.starbucks.co.kr/menu/drink_view.do?product_cd=9200000007093,2026-08-11,True,True,https://www.istarbucks.co.kr/upload/store/skuimg/2026/05/[9200000007093]_20260518094559868.jpg,진한 말차에 은은한 우베 폼을 더한 매력적인 말차 라떼 말차와 우베의 부드러운 조화를 즐길 수 있는 리저브 티 라떼 음료,https://www.starbucks.co.kr/menu/drink_view.do?product_cd=9200000007093,2026-08-11,,,매장별 확인,,
스타벅스,민트 블렌드 티,티,0.0,0.0,0.0,0.0,0.0,,https://www.starbucks.co.kr/menu/drink_view.do?product_cd=4004000000056,2026-08-11,True,True,https://www.istarbucks.co.kr/upload/store/skuimg/2021/04/[4004000000056]_20210415135215632.jpg,"스피어민트, 페퍼민트, 레몬머틀이 블렌딩된 상쾌한 허브 티",https://www.starbucks.co.kr/menu/drink_view.do?product_cd=4004000000056,2026-08-11,,,매장별 확인,,
스타벅스,아이스 민트 블렌드 티,티,0.0,0.0,0.0,0.0,0.0,,https://www.starbucks.co.kr/menu/drink_view.do?product_cd=4004000000059,2026-08-11,True,True,https://www.istarbucks.co.kr/upload/store/skuimg/2025/06/[4004000000059]_20250626095245748.jpg,"스피어민트, 페퍼민트, 레몬머틀이 블렌딩된 상쾌한 허브 티",https://www.starbucks.co.kr/menu/drink_view.do?product_cd=4004000000059,2026-08-11,,,매장별 확인,,
스타벅스,아이스 얼 그레이 티,티,0.0,0.0,0.0,0.0,0.0,,https://www.starbucks.co.kr/menu/drink_view.do?product_cd=4004000000039,2026-08-11,True,True,https://www.istarbucks.co.kr/upload/store/skuimg/2025/06/[4004000000039]_20250626095101523.jpg,꽃향 가득한 라벤더와 베르가못 향이 진한 홍차와 블렌딩된 향긋한 블랙 티,https://www.starbucks.co.kr/menu/drink_view.do?product_cd=4004000000039,2026-08-11,,,매장별 확인,,
스타벅스,아이스 유스베리 티,티,0.0,0.0,0.0,0.0,0.0,,https://www.starbucks.co.kr/menu/drink_view.do?product_cd=9200000000229,2026-08-11,True,True,https://www.istarbucks.co.kr/upload/store/skuimg/2025/06/[9200000000229]_20250626094905408.jpg,"제주산 찻잎으로 만든 황차에 사과, 망고, 파인애플, 히비스커스, 로즈힙 등이 블렌딩되어 핑크빛 컬러가 감도는 수색과 베리류의 새콤함을 느낄 수 있는 옐로우 티",https://www.starbucks.co.kr/menu/drink_view.do?product_cd=9200000000229,2026-08-11,,,매장별 확인,,
스타벅스,아이스 유자 민트 티,티,95.0,0.0,0.0,22.0,5.0,,https://www.starbucks.co.kr/menu/drink_view.do?product_cd=9200000002959,2026-08-11,True,True,https://www.istarbucks.co.kr/upload/store/skuimg/2025/06/[9200000002959]_20250626095858925.jpg,달콤한 국내산 고흥 유자와 알싸하고 은은한 진저와 상쾌한 민트 티가 조화로운 유자 민트 티,https://www.starbucks.co.kr/menu/drink_view.do?product_cd=9200000002959,2026-08-11,,,매장별 확인,,
스타벅스,아이스 잉글리쉬 브렉퍼스트 티,티,0.0,0.0,0.0,0.0,0.0,,https://www.starbucks.co.kr/menu/drink_view.do?product_cd=4004000000019,2026-08-11,True,True,https://www.istarbucks.co.kr/upload/store/skuimg/2025/06/[4004000000019]_20250626094722001.jpg,"인도 아삼, 제주도 유기농 홍차가 블렌딩되어 진한 벌꿀향과 그윽한 몰트향이 특징인 블랙 티",https://www.starbucks.co.kr/menu/drink_view.do?product_cd=4004000000019,2026-08-11,,,매장별 확인,,
스타벅스,아이스 제주 유기농 녹차로 만든 티,티,0.0,0.0,0.0,0.0,0.0,,https://www.starbucks.co.kr/menu/drink_view.do?product_cd=400400000094,2026-08-11,True,True,https://www.istarbucks.co.kr/upload/store/skuimg/2025/06/[400400000094]_20250626095637338.jpg,유기농 녹차 티백만을 100%(물 제외) 사용한 티로 맑은 수색과 고유의 풍미가 뛰어난 녹차,https://www.starbucks.co.kr/menu/drink_view.do?product_cd=400400000094,2026-08-11,,,매장별 확인,,
스타벅스,아이스 제주팔삭 & 자몽 허니 블랙 티,티,140.0,0.0,0.0,38.0,5.0,,https://www.starbucks.co.kr/menu/drink_view.do?product_cd=9200000004944,2026-08-11,True,True,https://www.istarbucks.co.kr/upload/store/skuimg/2025/08/[9200000004944]_20250827132453999.jpg,제주의 자몽이라는 별명을 가진 팔삭과 마누카꿀로 자몽과 블랙티의 맛을 더욱 고급스럽게 즐길 수 있는 음료,https://www.starbucks.co.kr/menu/drink_view.do?product_cd=9200000004944,2026-08-11,,,매장별 확인,,
스타벅스,아이스 캐모마일 블렌드 티,티,0.0,0.0,0.0,0.0,0.0,,https://www.starbucks.co.kr/menu/drink_view.do?product_cd=4004000000079,2026-08-11,True,True,https://www.istarbucks.co.kr/upload/store/skuimg/2025/06/[4004000000079]_20250626095526701.jpg,"캐모마일과 레몬 그라스, 레몬밤, 히비스커스 등 블렌딩되어 은은하고 차분한 향이 기분을 좋게하는 허브 티",https://www.starbucks.co.kr/menu/drink_view.do?product_cd=4004000000079,2026-08-11,,,매장별 확인,,
스타벅스,아이스 히비스커스 블렌드 티,티,0.0,0.0,0.0,0.0,0.0,,https://www.starbucks.co.kr/menu/drink_view.do?product_cd=4004000000069,2026-08-11,True,True,https://www.istarbucks.co.kr/upload/store/skuimg/2025/06/[4004000000069]_20250626095350549.jpg,"히비스커스, 사과, 파파야, 망고, 레몬그라스 등이 블렌딩된 상큼한 허브 티",https://www.starbucks.co.kr/menu/drink_view.do?product_cd=4004000000069,2026-08-11,,,매장별 확인,,
스타벅스,얼 그레이 티,티,0.0,0.0,0.0,0.0,0.0,,https://www.starbucks.co.kr/menu/drink_view.do?product_cd=4004000000036,2026-08-11,True,True,https://www.istarbucks.co.kr/upload/store/skuimg/2021/04/[4004000000036]_20210415143933425.jpg,꽃향 가득한 라벤더와 베르가못 향이 진한 홍차와 블렌딩된 향긋한 블랙 티,https://www.starbucks.co.kr/menu/drink_view.do?product_cd=4004000000036,2026-08-11,,,매장별 확인,,
스타벅스,유스베리 티,티,0.0,0.0,0.0,0.0,0.0,,https://www.starbucks.co.kr/menu/drink_view.do?product_cd=9200000000226,2026-08-11,True,True,https://www.istarbucks.co.kr/upload/store/skuimg/2021/04/[9200000000226]_20210415144434521.jpg,"제주산 찻잎으로 만든 황차에 사과, 망고, 파인애플, 히비스커스, 로즈힙 등이 블렌딩되어 핑크빛 컬러가 감도는 수색과 베리류의 새콤함을 느낄 수 있는 옐로우 티",https://www.starbucks.co.kr/menu/drink_view.do?product_cd=9200000000226,2026-08-11,,,매장별 확인,,
스타벅스,유자 민트 티,티,140.0,0.0,0.0,33.0,10.0,,https://www.starbucks.co.kr/menu/drink_view.do?product_cd=9200000002956,2026-08-11,True,True,https://www.istarbucks.co.kr/upload/store/skuimg/2022/04/[9200000002956]_20220411155551915.jpg,"달콤한 국내산 고흥 유자와 알싸하고 은은한 진저, 우릴 수록 상쾌한 민트 티가 조화로운 유자 민트 티",https://www.starbucks.co.kr/menu/drink_view.do?product_cd=9200000002956,2026-08-11,,,매장별 확인,,
스타벅스,잉글리쉬 브렉퍼스트 티,티,0.0,0.0,0.0,0.0,0.0,,https://www.starbucks.co.kr/menu/drink_view.do?product_cd=4004000000016,2026-08-11,True,True,https://www.istarbucks.co.kr/upload/store/skuimg/2021/04/[4004000000016]_20210415153648533.jpg,"인도 아삼, 제주도 유기농 홍차가 블렌딩되어 진한 벌꿀향과 그윽한 몰트향이 특징인 블랙 티",https://www.starbucks.co.kr/menu/drink_view.do?product_cd=4004000000016,2026-08-11,,,매장별 확인,,
스타벅스,자몽 허니 블랙 티,티,125.0,0.0,0.0,30.0,5.0,,https://www.starbucks.co.kr/menu/drink_view.do?product_cd=9200000000187,2026-08-11,True,True,https://www.istarbucks.co.kr/upload/store/skuimg/2021/04/[9200000000187]_20210419131229539.jpg,새콤한 자몽과 달콤한 꿀이 깊고 그윽한 풍미의 스타벅스 티바나 블랙 티의 조화,https://www.starbucks.co.kr/menu/drink_view.do?product_cd=9200000000187,2026-08-11,,,매장별 확인,,
스타벅스,제주 유기농 녹차로 만든 티,티,0.0,0.0,0.0,0.0,0.0,,https://www.starbucks.co.kr/menu/drink_view.do?product_cd=400400000091,2026-08-11,True,True,https://www.istarbucks.co.kr/upload/store/skuimg/2021/04/[400400000091]_20210415132229904.jpg,유기농 녹차 티백만을 100%(물 제외) 사용한 티로 맑은 수색과 고유의 풍미가 뛰어난 녹차,https://www.starbucks.co.kr/menu/drink_view.do?product_cd=400400000091,2026-08-11,,,매장별 확인,,
스타벅스,제주팔삭 & 자몽 허니 블랙 티,티,140.0,0.0,0.0,38.0,5.0,,https://www.starbucks.co.kr/menu/drink_view.do?product_cd=9200000004943,2026-08-11,True,True,https://www.istarbucks.co.kr/upload/store/skuimg/2025/08/[9200000004943]_20250827132403893.jpg,제주의 자몽이라는 별명을 가진 팔삭과 마누카꿀로 자몽과 블랙티의 맛을 더욱 고급스럽게 즐길 수 있는 음료,https://www.starbucks.co.kr/menu/drink_view.do?product_cd=9200000004943,2026-08-11,,,매장별 확인,,
스타벅스,캐모마일 블렌드 티,티,0.0,0.0,0.0,0.0,0.0,,https://www.starbucks.co.kr/menu/drink_view.do?product_cd=4004000000076,2026-08-11,True,True,https://www.istarbucks.co.kr/upload/store/skuimg/2021/04/[4004000000076]_20210415154920731.jpg,"캐모마일과 레몬 그라스, 레몬밤, 히비스커스 등 블렌딩되어 은은하고 차분한 향이 기분을 좋게하는 허브 티",https://www.starbucks.co.kr/menu/drink_view.do?product_cd=4004000000076,2026-08-11,,,매장별 확인,,
스타벅스,히비스커스 블렌드 티,티,0.0,0.0,0.0,0.0,0.0,,https://www.starbucks.co.kr/menu/drink_view.do?product_cd=4004000000066,2026-08-11,True,True,https://www.istarbucks.co.kr/upload/store/skuimg/2021/04/[4004000000066]_20210415155836395.jpg,"히비스커스, 사과, 파파야, 망고, 레몬그라스 등이 블렌딩된 상큼한 허브 티",https://www.starbucks.co.kr/menu/drink_view.do?product_cd=4004000000066,2026-08-11,,,매장별 확인,,
스타벅스,레몬 캐모마일 블렌드 티,티,130.0,0.0,0.0,30.0,10.0,,https://www.starbucks.co.kr/menu/drink_view.do?product_cd=9200000004990,2026-08-11,True,True,https://www.istarbucks.co.kr/upload/store/skuimg/2023/12/[9200000004990]_20231212110704134.jpg,상큼한 레몬에 캐모마일이 은은하게 감도는 무카페인 티,https://www.starbucks.co.kr/menu/drink_view.do?product_cd=9200000004990,2026-08-11,,,매장별 확인,,
스타벅스,복숭아 아이스 티,티,255.0,1.0,0.0,34.0,75.0,복숭아,https://www.starbucks.co.kr/menu/drink_view.do?product_cd=9200000005307,2026-08-11,True,True,https://www.istarbucks.co.kr/upload/store/skuimg/2025/06/[9200000005310]_20250626175453436.jpg,"찻잎을 직접 우려 만든 상큼하고 청량한 아이스 티로, 복숭아의 진한 맛과 홍차의 조화가 매력적인 음료 *트렌타 사이즈는 Iced Only로 제공됩니다.",https://www.starbucks.co.kr/menu/drink_view.do?product_cd=9200000005307,2026-08-11,,,매장별 확인,,
스타벅스,복숭아 핫 티,티,160.0,0.0,0.0,21.0,50.0,복숭아,https://www.starbucks.co.kr/menu/drink_view.do?product_cd=9200000005304,2026-08-11,True,True,https://www.istarbucks.co.kr/upload/store/skuimg/2024/07/[9200000005304]_20240717132620949.jpg,"찻잎을 직접 우려 만든 따뜻한 티로, 복숭아와 진한 홍차의 풍미를 느낄 수 있는 음료",https://www.starbucks.co.kr/menu/drink_view.do?product_cd=9200000005304,2026-08-11,,,매장별 확인,,
스타벅스,시트러스 가든 민트 티,티,140.0,0.0,0.0,32.0,5.0,,https://www.starbucks.co.kr/menu/drink_view.do?product_cd=9200000006560,2026-08-11,True,True,https://www.istarbucks.co.kr/upload/store/skuimg/2025/10/[9200000006560]_20251010154155973.jpg,"유자, 청자몽이 어우러진 민트 티에 머들링한 신선한 민트가 더해져 상큼하면서도 상쾌한 풍미가 산뜻하게 느껴지는 논 카페인 티 음료",https://www.starbucks.co.kr/menu/drink_view.do?product_cd=9200000006560,2026-08-11,,,매장별 확인,,
스타벅스,아이스 레몬 캐모마일 블렌드 티,티,130.0,0.0,0.0,30.0,10.0,,https://www.starbucks.co.kr/menu/drink_view.do?product_cd=9200000004991,2026-08-11,True,True,https://www.istarbucks.co.kr/upload/store/skuimg/2023/12/[9200000004991]_20231212110749533.jpg,상큼한 레몬에 캐모마일이 은은하게 감도는 무카페인 티,https://www.starbucks.co.kr/menu/drink_view.do?product_cd=9200000004991,2026-08-11,,,매장별 확인,,
스타벅스,아이스 자몽 허니 블랙 티,티,125.0,0.0,0.0,30.0,5.0,,https://www.starbucks.co.kr/menu/drink_view.do?product_cd=9200000004769,2026-08-11,True,True,https://www.istarbucks.co.kr/upload/store/skuimg/2025/06/[9200000000190]_20250626093924488.jpg,새콤한 자몽과 달콤한 꿀이 깊고 그윽한 풍미의 스타벅스 티바나 블랙 티의 조화,https://www.starbucks.co.kr/menu/drink_view.do?product_cd=9200000004769,2026-08-11,,,매장별 확인,,
스타벅스,말차 티라미수 라떼,티,415.0,11.0,15.0,39.0,230.0,우유,https://www.starbucks.co.kr/menu/drink_view.do?product_cd=9200000004954,2026-08-11,True,True,https://www.istarbucks.co.kr/upload/store/skuimg/2023/11/[9200000004954]_20231127093740735.jpg,달콤 쌉싸름한 말차크림으로 부드럽게 즐길 수 있는 디저트 타입의 말차 티라미수 음료,https://www.starbucks.co.kr/menu/drink_view.do?product_cd=9200000004954,2026-08-11,,,매장별 확인,,
스타벅스,스타벅스 클래식 밀크 티,티,300.0,4.0,13.0,32.0,80.0,우유,https://www.starbucks.co.kr/menu/drink_view.do?product_cd=9200000004933,2026-08-11,True,True,https://www.istarbucks.co.kr/upload/store/skuimg/2025/01/[9200000004933]_20250102105625904.jpg,"스타벅스가 선보이는 클래식한 밀크 티로, 진하게 오래 우려낸 티바나 블랙 티의 깊은 풍미와 우유의 조화로움을 담아낸 '맛'에 집중한 밀크 티",https://www.starbucks.co.kr/menu/drink_view.do?product_cd=9200000004933,2026-08-11,,,매장별 확인,,
스타벅스,스타벅스 클래식 밀크 티 보틀,티,485.0,7.0,21.0,52.0,130.0,우유,https://www.starbucks.co.kr/menu/drink_view.do?product_cd=9200000004942,2026-08-11,True,True,https://www.istarbucks.co.kr/upload/store/skuimg/2025/06/[9200000004942]_20250626095409672.jpg,"진하게 우려낸 블랙 티의 깊은 풍미와 우유의 조화로움을 담아낸 클래식 밀크 티를 전용 보틀과 함께, 언제 어디서나, 편하게 즐겨보세요.(전용 보틀 / 500ml)",https://www.starbucks.co.kr/menu/drink_view.do?product_cd=9200000004942,2026-08-11,,,매장별 확인,,
스타벅스,아이스 말차 티라미수 라떼,티,355.0,8.0,13.0,34.0,180.0,우유,https://www.starbucks.co.kr/menu/drink_view.do?product_cd=9200000004955,2026-08-11,True,True,https://www.istarbucks.co.kr/upload/store/skuimg/2023/11/[9200000004955]_20231127093837610.jpg,달콤 쌉싸름한 말차크림으로 부드럽게 즐길 수 있는 디저트 타입의 말차 티라미수 음료,https://www.starbucks.co.kr/menu/drink_view.do?product_cd=9200000004955,2026-08-11,,,매장별 확인,,
스타벅스,아이스 스타벅스 클래식 밀크 티,티,200.0,3.0,9.0,23.0,50.0,우유,https://www.starbucks.co.kr/menu/drink_view.do?product_cd=9200000004936,2026-08-11,True,True,https://www.istarbucks.co.kr/upload/store/skuimg/2025/06/[9200000004936]_20250626095136814.jpg,"스타벅스가 선보이는 클래식한 밀크 티로, 진하게 오래 우려낸 티바나 블랙 티의 깊은 풍미와 우유의 조화로움을 담아낸 '맛'에 집중한 밀크 티",https://www.starbucks.co.kr/menu/drink_view.do?product_cd=9200000004936,2026-08-11,,,매장별 확인,,
스타벅스,아이스 얼 그레이 바닐라 티 라떼,티,285.0,5.0,7.0,21.0,85.0,우유|대두,https://www.starbucks.co.kr/menu/drink_view.do?product_cd=9200000004288,2026-08-11,True,True,https://www.istarbucks.co.kr/upload/store/skuimg/2026/03/[9200000004288]_20260303093738869.jpg,"2가지 티(블랙티, 얼 그레이 티)가 조화롭고 콜드 폼과 바닐라의 풍미가 은은하게 퍼져 깔끔하고 부드러운 티 라떼 음료",https://www.starbucks.co.kr/menu/drink_view.do?product_cd=9200000004288,2026-08-11,,,매장별 확인,,
스타벅스,아이스 의암호의 보랏빛 라벤더 티 라떼,티,290.0,4.0,7.0,33.0,80.0,우유,https://www.starbucks.co.kr/menu/drink_view.do?product_cd=9200000005590,2026-08-11,True,True,https://www.istarbucks.co.kr/upload/store/skuimg/2024/10/[9200000005590]_20241017130203194.jpg,춘천의암호의 낭만적인 밤하늘의 보랏빛을 표현한 음료로 차분한 느낌의 라벤더를 활용하여 릴렉스 할 수 있는 티 라떼 음료,https://www.starbucks.co.kr/menu/drink_view.do?product_cd=9200000005590,2026-08-11,,,매장별 확인,,
스타벅스,아이스 제주 말차 라떼,티,155.0,6.0,3.6,16.0,95.0,우유,https://www.starbucks.co.kr/menu/drink_view.do?product_cd=9200000002499,2026-08-11,True,True,https://www.istarbucks.co.kr/upload/store/skuimg/2025/06/[9200000002499]_20250626100713501.jpg,차광재배한 어린 녹찻잎을 곱게 갈아 깊고 진한 말차 본연의 맛과 향을 부드럽게 즐길 수 있는 제주 말차 라떼,https://www.starbucks.co.kr/menu/drink_view.do?product_cd=9200000002499,2026-08-11,,,매장별 확인,,
스타벅스,아이스 프렌치 바닐라 말차 라떼,티,260.0,6.0,11.0,25.0,160.0,우유,https://www.starbucks.co.kr/menu/drink_view.do?product_cd=9200000006059,2026-08-11,True,True,https://www.istarbucks.co.kr/upload/store/skuimg/2025/04/[9200000006059]_20250424110002176.jpg,번트 슈가의 풍미가 더해진 프렌치 바닐라 크림과 말차가 어우러진 음료,https://www.starbucks.co.kr/menu/drink_view.do?product_cd=9200000006059,2026-08-11,,,매장별 확인,,
스타벅스,얼 그레이 바닐라 티 라떼,티,345.0,7.0,9.0,25.0,105.0,우유|대두,https://www.starbucks.co.kr/menu/drink_view.do?product_cd=9200000004285,2026-08-11,True,True,https://www.istarbucks.co.kr/upload/store/skuimg/2026/03/[9200000004285]_20260303093653875.jpg,"2가지 티(블랙티, 얼 그레이 티)가 조화롭고 콜드 폼과 바닐라의 풍미가 은은하게 퍼져 깔끔하고 부드러운 티 라떼 음료",https://www.starbucks.co.kr/menu/drink_view.do?product_cd=9200000004285,2026-08-11,,,매장별 확인,,
스타벅스,의암호의 보랏빛 라벤더 티 라떼,티,315.0,5.0,8.0,35.0,100.0,우유,https://www.starbucks.co.kr/menu/drink_view.do?product_cd=9200000005589,2026-08-11,True,True,https://www.istarbucks.co.kr/upload/store/skuimg/2024/10/[9200000005589]_20241017130107685.jpg,춘천의암호의 낭만적인 밤하늘의 보랏빛을 표현한 음료로 차분한 느낌의 라벤더를 활용하여 릴렉스 할 수 있는 티 라떼 음료,https://www.starbucks.co.kr/menu/drink_view.do?product_cd=9200000005589,2026-08-11,,,매장별 확인,,
스타벅스,제주 말차 라떼,티,205.0,9.0,5.0,20.0,130.0,우유,https://www.starbucks.co.kr/menu/drink_view.do?product_cd=9200000002496,2026-08-11,True,True,https://www.istarbucks.co.kr/upload/store/skuimg/2021/04/[9200000002496]_20210419131039350.jpg,차광재배한 어린 녹찻잎을 곱게 갈아 깊고 진한 말차 본연의 맛과 향을 부드럽게 즐길 수 있는 제주 말차 라떼,https://www.starbucks.co.kr/menu/drink_view.do?product_cd=9200000002496,2026-08-11,,,매장별 확인,,
스타벅스,클라우드 코코 말차,티,160.0,2.0,3.4,24.0,65.0,우유,https://www.starbucks.co.kr/menu/drink_view.do?product_cd=9200000006548,2026-08-11,True,True,https://www.istarbucks.co.kr/upload/store/skuimg/2025/10/[9200000006548]_20251010111720776.jpg,수분 보충에 좋은 코코넛 워터에 진한 말차 풍미 가득한 폼을 더해 가볍고 깔끔하게 즐기기 좋은 음료 알로에 토핑을 더해 식감의 재미를 더했습니다. 말차 폼과 코코넛 워터를 잘 섞어 드시면 코코넛&말차의 조화로움을 느껴보실 수 있습니다.,https://www.starbucks.co.kr/menu/drink_view.do?product_cd=9200000006548,2026-08-11,,,매장별 확인,,
스타벅스,프렌치 바닐라 말차 라떼,티,380.0,12.0,15.0,35.0,250.0,우유,https://www.starbucks.co.kr/menu/drink_view.do?product_cd=9200000006058,2026-08-11,True,True,https://www.istarbucks.co.kr/upload/store/skuimg/2025/04/[9200000006058]_20250424105905420.jpg,번트 슈가의 풍미가 더해진 프렌치 바닐라 크림과 말차가 어우러진 음료,https://www.starbucks.co.kr/menu/drink_view.do?product_cd=9200000006058,2026-08-11,,,매장별 확인,,
스타벅스,딸기 콜드폼 초콜릿,기타 음료,255.0,7.0,2.0,45.0,110.0,우유,https://www.starbucks.co.kr/menu/drink_view.do?product_cd=9200000004950,2026-08-11,True,True,https://www.istarbucks.co.kr/upload/store/skuimg/2023/12/[9200000004950]_20231204090636952.jpg,딸기 풍미 가득한 스타벅스만의 딸기 콜드폼과 은은한 초콜릿의 향으로 남녀노소 즐길 수 있는 음료,https://www.starbucks.co.kr/menu/drink_view.do?product_cd=9200000004950,2026-08-11,,,매장별 확인,,
스타벅스,시그니처 핫 초콜릿,기타 음료,405.0,12.0,15.0,38.0,130.0,우유,https://www.starbucks.co.kr/menu/drink_view.do?product_cd=72,2026-08-11,True,True,https://www.istarbucks.co.kr/upload/store/skuimg/2021/04/[72]_20210415140949967.jpg,깊고 진한 초콜릿과 부드러운 휘핑크림이 입안에서 사르르 녹는 초콜릿 음료,https://www.starbucks.co.kr/menu/drink_view.do?product_cd=72,2026-08-11,,,매장별 확인,,
스타벅스,아이스 시그니처 초콜릿,기타 음료,277.0,8.0,12.0,21.0,100.0,우유,https://www.starbucks.co.kr/menu/drink_view.do?product_cd=110621,2026-08-11,True,True,https://www.istarbucks.co.kr/upload/store/skuimg/2025/06/[110621]_20250626113323062.jpg,깊고 진한 초콜릿과 부드러운 휘핑크림이 입안에서 사르르 녹는 초콜릿 음료,https://www.starbucks.co.kr/menu/drink_view.do?product_cd=110621,2026-08-11,,,매장별 확인,,
스타벅스,아이스 티라미수 초콜릿,기타 음료,360.0,8.0,12.0,38.0,140.0,우유,https://www.starbucks.co.kr/menu/drink_view.do?product_cd=9200000004953,2026-08-11,True,True,https://www.istarbucks.co.kr/upload/store/skuimg/2023/11/[9200000004953]_20231127094019543.jpg,리저브 다크 초콜릿을 활용하여 초콜릿 풍미 가득한 디저트 타입의 티라미수 초콜릿,https://www.starbucks.co.kr/menu/drink_view.do?product_cd=9200000004953,2026-08-11,,,매장별 확인,,
스타벅스,티라미수 초콜릿,기타 음료,440.0,12.0,15.0,44.0,210.0,우유,https://www.starbucks.co.kr/menu/drink_view.do?product_cd=9200000004952,2026-08-11,True,True,https://www.istarbucks.co.kr/upload/store/skuimg/2023/11/[9200000004952]_20231127093937845.jpg,리저브 다크 초콜릿을 활용하여 초콜릿 풍미 가득한 디저트 타입의 티라미수 초콜릿,https://www.starbucks.co.kr/menu/drink_view.do?product_cd=9200000004952,2026-08-11,,,매장별 확인,,
스타벅스,플러피 판다 아이스 초콜릿,기타 음료,415.0,11.0,16.0,39.0,150.0,우유,https://www.starbucks.co.kr/menu/drink_view.do?product_cd=9200000003658,2026-08-11,True,True,https://www.istarbucks.co.kr/upload/store/skuimg/2025/06/[9200000003658]_20250626095124588.jpg,"고소한 헤이즐넛과 진한 초콜릿의 만남, 귀여운 판다까지 더해진 플러피 판다 아이스 초콜릿! * 용인에버랜드점에서만 판매하는 음료입니다",https://www.starbucks.co.kr/menu/drink_view.do?product_cd=9200000003658,2026-08-11,,,매장별 확인,,
스타벅스,플러피 판다 핫 초콜릿,기타 음료,470.0,12.0,17.0,48.0,160.0,우유,https://www.starbucks.co.kr/menu/drink_view.do?product_cd=9200000002594,2026-08-11,True,True,https://www.istarbucks.co.kr/upload/store/skuimg/2021/04/[9200000002594]_20210422080327783.jpg,"고소한 헤이즐넛과 진한 핫초콜릿의 만남, 귀여운 판다까지 더해진 플러피 판다 핫 초콜릿! * 용인에버랜드점에서만 판매하는 음료입니다",https://www.starbucks.co.kr/menu/drink_view.do?product_cd=9200000002594,2026-08-11,,,매장별 확인,,
스타벅스,딸기 콜드폼 딸기 라떼,기타 음료,235.0,6.0,2.0,41.0,110.0,우유,https://www.starbucks.co.kr/menu/drink_view.do?product_cd=9200000004951,2026-08-11,True,True,https://www.istarbucks.co.kr/upload/store/skuimg/2023/11/[9200000004951]_20231102101647442.jpg,딸기 풍미 가득한 스타벅스만의 딸기 콜드폼과 딸기 본연의 맛을 즐길 수 있는 음료,https://www.starbucks.co.kr/menu/drink_view.do?product_cd=9200000004951,2026-08-11,,,매장별 확인,,
스타벅스,스타벅스 슬래머,기타 음료,210.0,0.0,0.0,49.0,0.0,,https://www.starbucks.co.kr/menu/drink_view.do?product_cd=9200000003659,2026-08-11,True,True,https://www.istarbucks.co.kr/upload/store/skuimg/2025/06/[9200000003659]_20250626093348421.jpg,"스트로베리와 아사이베리의 상큼, 달콤한 맛이 톡톡! 시원하고 통쾌한 그랜드 슬램을 위한 에너지 부스팅 음료~! * SSG랜더스필드 매장에서만 판매하는 음료입니다.",https://www.starbucks.co.kr/menu/drink_view.do?product_cd=9200000003659,2026-08-11,,,매장별 확인,,
스타벅스,스팀 우유,기타 음료,215.0,13.0,7.0,18.0,173.0,우유,https://www.starbucks.co.kr/menu/drink_view.do?product_cd=17,2026-08-11,True,True,https://www.istarbucks.co.kr/upload/store/skuimg/2021/04/[17]_20210426095334934.jpg,부드럽고 담백한 따뜻한 우유.,https://www.starbucks.co.kr/menu/drink_view.do?product_cd=17,2026-08-11,,,매장별 확인,,
스타벅스,우유,기타 음료,240.0,12.0,8.0,18.0,200.0,우유,https://www.starbucks.co.kr/menu/drink_view.do?product_cd=18,2026-08-11,True,True,https://www.istarbucks.co.kr/upload/store/skuimg/2025/06/[18]_20250626093838261.jpg,부드럽고 담백한 신선한 우유.,https://www.starbucks.co.kr/menu/drink_view.do?product_cd=18,2026-08-11,,,매장별 확인,,
스타벅스,제주팔삭 셔벗,기타 음료,95.0,0.0,0.0,22.0,5.0,,https://www.starbucks.co.kr/menu/drink_view.do?product_cd=9200000004957,2026-08-11,True,True,https://www.istarbucks.co.kr/upload/store/skuimg/2025/08/[9200000004957]_20250827131450142.jpg,제주의 자몽이라는 별명을 가진 팔삭과 한라봉으로 매장에서 직접 만든 상큼한 셔벗,https://www.starbucks.co.kr/menu/drink_view.do?product_cd=9200000004957,2026-08-11,,,매장별 확인,,
스타벅스,ABC 클렌즈 190ML,병음료,90.0,1.0,1.0,16.0,45.0,,https://www.starbucks.co.kr/menu/drink_view.do?product_cd=9300000004346,2026-08-11,True,True,https://www.istarbucks.co.kr/upload/store/skuimg/2024/03/[9300000004346]_20240328133443928.jpg,"과일 및 채소를 착즙하여 만든 주스! 사과, 비트, 당근이 들어가 과일&채소를 달콤하게 즐길 수 있는 음료",https://www.starbucks.co.kr/menu/drink_view.do?product_cd=9300000004346,2026-08-11,,,매장별 확인,,
스타벅스,스퀴즈드 오렌지 주스 100ML,병음료,50.0,1.0,0.0,9.0,0.0,,https://www.starbucks.co.kr/menu/drink_view.do?product_cd=9300000005406,2026-08-11,True,True,https://www.istarbucks.co.kr/upload/store/skuimg/2024/09/[9300000005406]_20240905084511440.jpg,통오렌지를 착즙해 스페인 네이블 오렌지의 맛이 그대로 느껴지는 프리미엄 주스,https://www.starbucks.co.kr/menu/drink_view.do?product_cd=9300000005406,2026-08-11,,,매장별 확인,,
스타벅스,케일 클렌즈 190ML,병음료,90.0,1.0,2.0,15.0,15.0,,https://www.starbucks.co.kr/menu/drink_view.do?product_cd=9300000004348,2026-08-11,True,True,https://www.istarbucks.co.kr/upload/store/skuimg/2024/03/[9300000004348]_20240328133830383.jpg,"과일 및 채소를 착즙하여 만든 주스! 케일, 셀러리, 오이가 들어가 과일&채소를 건강하게 즐길 수 있는 음료",https://www.starbucks.co.kr/menu/drink_view.do?product_cd=9300000004348,2026-08-11,,,매장별 확인,,
스타벅스,딸기주스 190ML,병음료,110.0,0.0,0.0,25.0,30.0,,https://www.starbucks.co.kr/menu/drink_view.do?product_cd=5210008070,2026-08-11,True,True,https://www.istarbucks.co.kr/upload/store/skuimg/2025/05/[5210008070]_20250527081742210.jpg,달콤한 국내산 딸기의 과육이 듬뿍 느껴지는 주스,https://www.starbucks.co.kr/menu/drink_view.do?product_cd=5210008070,2026-08-11,,,매장별 확인,,
스타벅스,망고주스 190ML,병음료,117.0,1.0,0.0,23.0,15.0,,https://www.starbucks.co.kr/menu/drink_view.do?product_cd=5210008061,2026-08-11,True,True,https://www.istarbucks.co.kr/upload/store/skuimg/2024/10/[5210008061]_20241031123748556.jpg,노랗게 익은 열대과일 망고가 입안 가득 느껴지는 주스,https://www.starbucks.co.kr/menu/drink_view.do?product_cd=5210008061,2026-08-11,,,매장별 확인,,
스타벅스,수박 주스 190ML,병음료,100.0,1.0,0.0,20.0,15.0,,https://www.starbucks.co.kr/menu/drink_view.do?product_cd=9300000005405,2026-08-11,True,True,https://www.istarbucks.co.kr/upload/store/skuimg/2024/09/[9300000005405]_20240905084714529.jpg,동남아의 땡모반과 같이 수박 특유의 달콤함과 청량함이 입안 가득 느껴지는 주스,https://www.starbucks.co.kr/menu/drink_view.do?product_cd=9300000005405,2026-08-11,,,매장별 확인,,
스타벅스,유기농 오렌지 100% 주스 190ML,병음료,95.0,2.0,0.0,20.0,5.0,,https://www.starbucks.co.kr/menu/drink_view.do?product_cd=9300000003771,2026-08-11,True,True,https://www.istarbucks.co.kr/upload/store/skuimg/2024/09/[9300000003771]_20240923184306693.jpg,"프리미엄 유기농 오렌지 주스로 스페인산 오렌지 착즙! 오렌지 그대로 100% 담긴 3개 분량 물, 설탕, 첨가물 없는 오렌지 그대로의 맛",https://www.starbucks.co.kr/menu/drink_view.do?product_cd=9300000003771,2026-08-11,,,매장별 확인,,
스타벅스,케일&사과주스 190ML,병음료,105.0,0.0,0.0,26.0,25.0,,https://www.starbucks.co.kr/menu/drink_view.do?product_cd=5210008072,2026-08-11,True,True,https://www.istarbucks.co.kr/upload/store/skuimg/2021/04/[5210008072]_20210426100712780.jpg,국내산 케일과 사과의 달콤함이 조화로운 녹색 주스,https://www.starbucks.co.kr/menu/drink_view.do?product_cd=5210008072,2026-08-11,,,매장별 확인,,
스타벅스,한라봉주스 190ML,병음료,88.0,1.0,0.0,20.0,10.0,,https://www.starbucks.co.kr/menu/drink_view.do?product_cd=5210008055,2026-08-11,True,True,https://www.istarbucks.co.kr/upload/store/skuimg/2024/10/[5210008055]_20241031123524702.jpg,새콤달콤한 황금빛 제주 한라봉을 그대로 담아낸 주스,https://www.starbucks.co.kr/menu/drink_view.do?product_cd=5210008055,2026-08-11,,,매장별 확인,,
스타벅스,햇사과 주스 190ML,병음료,113.0,2.0,0.0,27.0,10.0,,https://www.starbucks.co.kr/menu/drink_view.do?product_cd=9300000002565,2026-08-11,True,True,https://www.istarbucks.co.kr/upload/store/skuimg/2024/09/[9300000002565]_20240923184651121.jpg,달콤새콤한 햇사과 1개 반을 껍질 그대로 착즙한 사과 주스,https://www.starbucks.co.kr/menu/drink_view.do?product_cd=9300000002565,2026-08-11,,,매장별 확인,,
스타벅스,딸기 가득 요거트 190ML,병음료,155.0,4.0,3.2,21.0,50.0,우유,https://www.starbucks.co.kr/menu/drink_view.do?product_cd=9300000003775,2026-08-11,True,True,https://www.istarbucks.co.kr/upload/store/skuimg/2021/10/[9300000003775]_20211020094208342.jpg,상큼 달콤 딸기 과육이 한가득 씹히는 마시는 요거트 음료,https://www.starbucks.co.kr/menu/drink_view.do?product_cd=9300000003775,2026-08-11,,,매장별 확인,,
스타벅스,블루베리 요거트 190ML,병음료,155.0,5.0,3.6,18.0,70.0,우유,https://www.starbucks.co.kr/menu/drink_view.do?product_cd=5210008063,2026-08-11,True,True,https://www.istarbucks.co.kr/upload/store/skuimg/2024/09/[5210008063]_20240923185114500.jpg,블루베리 과육이 입안 가득 느껴지는 마시는 요거트,https://www.starbucks.co.kr/menu/drink_view.do?product_cd=5210008063,2026-08-11,,,매장별 확인,,
KFC,징거버거,버거,389.0,28.0,4.9,2.0,774.0,,https://www.kfckorea.com/menu/nutrition,2026-08-11,True,False,,,,,https://www.kfckorea.com/nas/kfcimg/info/info_allergy.png,,매장별 확인,,
KFC,콜라(M),음료,160.0,0.0,0.0,37.0,20.0,,https://www.kfckorea.com/menu/nutrition,2026-08-11,True,False,,,,,https://www.kfckorea.com/nas/kfcimg/info/info_allergy.png,,매장별 확인,,
KFC,코울슬로,사이드,139.0,1.0,1.9,15.0,190.0,,https://www.kfckorea.com/menu/nutrition,2026-08-11,True,True,,,,,https://www.kfckorea.com/nas/kfcimg/info/info_allergy.png,,매장별 확인,,
KFC,스위트칠리소스,소스,90.0,0.0,0.0,19.0,488.0,,https://www.kfckorea.com/menu/nutrition,2026-08-11,True,False,,,,,https://www.kfckorea.com/nas/kfcimg/info/info_allergy.png,,매장별 확인,,
KFC,오리지널치킨,치킨,271.0,20.0,4.2,0.0,544.0,계란|우유|대두|밀|닭고기,https://www.kfckorea.com/menu/nutrition,2026-08-11,True,True,,,,,https://www.kfckorea.com/nas/kfcimg/info/info_allergy.png,,매장별 확인,,
KFC,핫크리스피치킨,치킨,264.0,22.0,4.3,0.0,455.0,대두|밀|닭고기,https://www.kfckorea.com/menu/nutrition,2026-08-11,True,True,,,,,https://www.kfckorea.com/nas/kfcimg/info/info_allergy.png,,매장별 확인,,
KFC,타워버거,버거,546.0,31.0,8.5,6.0,1271.0,,https://www.kfckorea.com/menu/nutrition,2026-08-11,True,False,,,,,https://www.kfckorea.com/nas/kfcimg/info/info_allergy.png,,매장별 확인,,
KFC,콘샐러드,사이드,149.0,2.0,2.8,5.0,180.0,,https://www.kfckorea.com/menu/nutrition,2026-08-11,True,False,,,,,https://www.kfckorea.com/nas/kfcimg/info/info_allergy.png,,매장별 확인,,
KFC,허니머스타드드레싱,소스,25.0,0.0,0.5,2.0,80.0,,https://www.kfckorea.com/menu/nutrition,2026-08-11,True,False,,,,,https://www.kfckorea.com/nas/kfcimg/info/info_allergy.png,,매장별 확인,,
KFC,환타 오렌지(M),음료,153.0,0.0,0.0,38.0,10.0,,https://www.kfckorea.com/menu/nutrition,2026-08-11,True,False,,,,,https://www.kfckorea.com/nas/kfcimg/info/info_allergy.png,,매장별 확인,,
KFC,케첩,소스,10.0,0.0,0.0,2.0,120.0,,https://www.kfckorea.com/menu/nutrition,2026-08-11,True,False,,,,,https://www.kfckorea.com/nas/kfcimg/info/info_allergy.png,,매장별 확인,,
KFC,갓양념치킨,치킨,261.0,15.0,3.5,6.0,504.0,대두|밀|쇠고기|닭고기|토마토,https://www.kfckorea.com/menu/nutrition,2026-08-11,True,True,,,,,https://www.kfckorea.com/nas/kfcimg/info/info_allergy.png,,매장별 확인,,
KFC,에그타르트,사이드,215.0,3.0,8.5,8.0,105.0,계란|우유|대두|밀|쇠고기,https://www.kfckorea.com/menu/nutrition,2026-08-11,True,True,,,,,https://www.kfckorea.com/nas/kfcimg/info/info_allergy.png,,매장별 확인,,
KFC,트위스터,버거,379.0,17.0,4.8,2.0,915.0,계란|우유|대두|밀|닭고기|토마토,https://www.kfckorea.com/menu/nutrition,2026-08-11,True,True,,,,,https://www.kfckorea.com/nas/kfcimg/info/info_allergy.png,,매장별 확인,,
KFC,그레이비타르트,사이드,132.0,2.0,4.2,2.0,146.0,,https://www.kfckorea.com/menu/nutrition,2026-08-11,True,False,,,,,https://www.kfckorea.com/nas/kfcimg/info/info_allergy.png,,매장별 확인,,
KFC,환타 포도(M),음료,111.0,0.0,0.0,28.0,24.0,,https://www.kfckorea.com/menu/nutrition,2026-08-11,True,False,,,,,https://www.kfckorea.com/nas/kfcimg/info/info_allergy.png,,매장별 확인,,
KFC,딸기잼,소스,27.0,0.0,0.0,6.0,0.0,,https://www.kfckorea.com/menu/nutrition,2026-08-11,True,False,,,,,https://www.kfckorea.com/nas/kfcimg/info/info_allergy.png,,매장별 확인,,
KFC,블랙라벨치킨,치킨,218.0,13.0,3.7,0.0,321.0,,https://www.kfckorea.com/menu/nutrition,2026-08-11,True,False,,,,,https://www.kfckorea.com/nas/kfcimg/info/info_allergy.png,,매장별 확인,,
KFC,비스켓,사이드,270.0,4.0,8.8,7.0,327.0,,https://www.kfckorea.com/menu/nutrition,2026-08-11,True,False,,,,,https://www.kfckorea.com/nas/kfcimg/info/info_allergy.png,,매장별 확인,,
KFC,환타 파인애플(M),음료,153.0,0.0,0.0,38.0,24.0,,https://www.kfckorea.com/menu/nutrition,2026-08-11,True,False,,,,,https://www.kfckorea.com/nas/kfcimg/info/info_allergy.png,,매장별 확인,,
KFC,징거더블다운 맥스,버거,754.0,58.0,14.4,4.0,1657.0,,https://www.kfckorea.com/menu/nutrition,2026-08-11,True,False,,,,,https://www.kfckorea.com/nas/kfcimg/info/info_allergy.png,,매장별 확인,,
KFC,버터후레시,소스,72.0,0.0,5.0,0.0,45.0,,https://www.kfckorea.com/menu/nutrition,2026-08-11,True,False,,,,,https://www.kfckorea.com/nas/kfcimg/info/info_allergy.png,,매장별 확인,,
KFC,스프라이트(M),음료,167.0,0.0,0.0,45.0,20.0,,https://www.kfckorea.com/menu/nutrition,2026-08-11,True,False,,,,,https://www.kfckorea.com/nas/kfcimg/info/info_allergy.png,,매장별 확인,,
KFC,핫치즈징거버거,버거,501.0,30.0,7.0,4.0,1029.0,,https://www.kfckorea.com/menu/nutrition,2026-08-11,True,False,,,,,https://www.kfckorea.com/nas/kfcimg/info/info_allergy.png,,매장별 확인,,
KFC,살사소스,소스,9.0,0.0,0.0,2.0,88.0,,https://www.kfckorea.com/menu/nutrition,2026-08-11,True,False,,,,,https://www.kfckorea.com/nas/kfcimg/info/info_allergy.png,,매장별 확인,,
KFC,치킨불고기버거,버거,332.0,12.0,4.5,7.0,768.0,,https://www.kfckorea.com/menu/nutrition,2026-08-11,True,False,,,,,https://www.kfckorea.com/nas/kfcimg/info/info_allergy.png,,매장별 확인,,
KFC,텐더떡볶이,사이드,418.0,12.0,0.9,15.0,1129.0,,https://www.kfckorea.com/menu/nutrition,2026-08-11,True,False,,,,,https://www.kfckorea.com/nas/kfcimg/info/info_allergy.png,,매장별 확인,,
KFC,마늘빵치킨,치킨,312.0,15.0,4.8,7.0,579.0,,https://www.kfckorea.com/menu/nutrition,2026-08-11,True,False,,,,,https://www.kfckorea.com/nas/kfcimg/info/info_allergy.png,,매장별 확인,,
KFC,치킨너겟,사이드,48.0,3.0,0.8,0.0,101.0,,https://www.kfckorea.com/menu/nutrition,2026-08-11,True,False,,,,,https://www.kfckorea.com/nas/kfcimg/info/info_allergy.png,,매장별 확인,,
KFC,콜라(L),음료,240.0,0.0,0.0,55.0,30.0,,https://www.kfckorea.com/menu/nutrition,2026-08-11,True,False,,,,,https://www.kfckorea.com/nas/kfcimg/info/info_allergy.png,,매장별 확인,,
KFC,콜라-제로(L),음료,0.0,0.0,0.0,0.0,70.0,,https://www.kfckorea.com/menu/nutrition,2026-08-11,True,False,,,,,https://www.kfckorea.com/nas/kfcimg/info/info_allergy.png,,매장별 확인,,
KFC,블랙라벨폴인치즈버거,버거,711.0,32.0,15.9,13.0,1240.0,,https://www.kfckorea.com/menu/nutrition,2026-08-11,True,False,,,,,https://www.kfckorea.com/nas/kfcimg/info/info_allergy.png,,매장별 확인,,
KFC,후렌치후라이(M),사이드,161.0,3.0,1.4,0.0,340.0,,https://www.kfckorea.com/menu/nutrition,2026-08-11,True,False,,,,,https://www.kfckorea.com/nas/kfcimg/info/info_allergy.png,,매장별 확인,,
KFC,환타 오렌지(L),음료,230.0,0.0,0.0,57.0,16.0,,https://www.kfckorea.com/menu/nutrition,2026-08-11,True,False,,,,,https://www.kfckorea.com/nas/kfcimg/info/info_allergy.png,,매장별 확인,,
KFC,오리지널타워버거,버거,541.0,32.0,7.8,5.0,1244.0,,https://www.kfckorea.com/menu/nutrition,2026-08-11,True,False,,,,,https://www.kfckorea.com/nas/kfcimg/info/info_allergy.png,,매장별 확인,,
KFC,후렌치후라이(L),사이드,221.0,4.0,1.9,0.0,466.0,,https://www.kfckorea.com/menu/nutrition,2026-08-11,True,False,,,,,https://www.kfckorea.com/nas/kfcimg/info/info_allergy.png,,매장별 확인,,
KFC,치즈후렌치후라이,사이드,189.0,3.0,2.3,1.0,471.0,,https://www.kfckorea.com/menu/nutrition,2026-08-11,True,False,,,,,https://www.kfckorea.com/nas/kfcimg/info/info_allergy.png,,매장별 확인,,
KFC,환타 포도(L),음료,167.0,0.0,0.0,42.0,37.0,,https://www.kfckorea.com/menu/nutrition,2026-08-11,True,False,,,,,https://www.kfckorea.com/nas/kfcimg/info/info_allergy.png,,매장별 확인,,
KFC,블랙라벨에그타워버거,버거,755.0,32.0,13.4,11.0,1183.0,,https://www.kfckorea.com/menu/nutrition,2026-08-11,True,False,,,,,https://www.kfckorea.com/nas/kfcimg/info/info_allergy.png,,매장별 확인,,
KFC,환타 파인애플(L),음료,230.0,0.0,0.0,57.0,37.0,,https://www.kfckorea.com/menu/nutrition,2026-08-11,True,False,,,,,https://www.kfckorea.com/nas/kfcimg/info/info_allergy.png,,매장별 확인,,
KFC,올쉐킷(치즈),사이드,386.0,11.0,4.1,5.0,1070.0,,https://www.kfckorea.com/menu/nutrition,2026-08-11,True,False,,,,,https://www.kfckorea.com/nas/kfcimg/info/info_allergy.png,,매장별 확인,,
KFC,트리플리치오리지널버거,버거,580.0,33.0,9.0,16.0,1237.0,,https://www.kfckorea.com/menu/nutrition,2026-08-11,True,False,,,,,https://www.kfckorea.com/nas/kfcimg/info/info_allergy.png,,매장별 확인,,
KFC,텐더,사이드,72.0,7.0,0.9,0.0,279.0,,https://www.kfckorea.com/menu/nutrition,2026-08-11,True,False,,,,,https://www.kfckorea.com/nas/kfcimg/info/info_allergy.png,,매장별 확인,,
KFC,스프라이트(L),음료,251.0,0.0,0.0,68.0,35.0,,https://www.kfckorea.com/menu/nutrition,2026-08-11,True,False,,,,,https://www.kfckorea.com/nas/kfcimg/info/info_allergy.png,,매장별 확인,,
KFC,캔콜라245ml,음료,113.0,0.0,0.0,26.0,15.0,,https://www.kfckorea.com/menu/nutrition,2026-08-11,True,False,,,,,https://www.kfckorea.com/nas/kfcimg/info/info_allergy.png,,매장별 확인,,
KFC,페트콜라500ml,음료,230.0,0.0,0.0,53.0,30.0,,https://www.kfckorea.com/menu/nutrition,2026-08-11,True,False,,,,,https://www.kfckorea.com/nas/kfcimg/info/info_allergy.png,,매장별 확인,,
KFC,핫윙,사이드,70.0,3.0,1.1,0.0,126.0,,https://www.kfckorea.com/menu/nutrition,2026-08-11,True,False,,,,,https://www.kfckorea.com/nas/kfcimg/info/info_allergy.png,,매장별 확인,,
KFC,미닛메이드포도,음료,120.0,0.0,0.0,27.0,6.0,,https://www.kfckorea.com/menu/nutrition,2026-08-11,True,False,,,,,https://www.kfckorea.com/nas/kfcimg/info/info_allergy.png,,매장별 확인,,
KFC,미닛메이드쿠우오렌지,음료,72.0,0.0,0.0,17.0,46.0,,https://www.kfckorea.com/menu/nutrition,2026-08-11,True,False,,,,,https://www.kfckorea.com/nas/kfcimg/info/info_allergy.png,,매장별 확인,,
KFC,롱치즈스틱,사이드,131.0,10.0,3.9,2.0,250.0,,https://www.kfckorea.com/menu/nutrition,2026-08-11,True,False,,,,,https://www.kfckorea.com/nas/kfcimg/info/info_allergy.png,,매장별 확인,,
KFC,텐더스틱,사이드,119.0,8.0,1.5,0.0,290.0,,https://www.kfckorea.com/menu/nutrition,2026-08-11,True,False,,,,,https://www.kfckorea.com/nas/kfcimg/info/info_allergy.png,,매장별 확인,,
KFC,마테차,음료,0.0,0.0,0.0,0.0,37.0,,https://www.kfckorea.com/menu/nutrition,2026-08-11,True,False,,,,,https://www.kfckorea.com/nas/kfcimg/info/info_allergy.png,,매장별 확인,,
KFC,생수,음료,0.0,0.0,0.0,0.0,0.0,,https://www.kfckorea.com/menu/nutrition,2026-08-11,True,False,,,,,https://www.kfckorea.com/nas/kfcimg/info/info_allergy.png,,매장별 확인,,
KFC,닭똥집튀김,사이드,159.0,10.0,1.0,2.0,427.0,,https://www.kfckorea.com/menu/nutrition,2026-08-11,True,False,,,,,https://www.kfckorea.com/nas/kfcimg/info/info_allergy.png,,매장별 확인,,
KFC,오렌지주스,음료,276.0,0.0,0.0,64.0,87.0,,https://www.kfckorea.com/menu/nutrition,2026-08-11,True,False,,,,,https://www.kfckorea.com/nas/kfcimg/info/info_allergy.png,,매장별 확인,,
KFC,닭껍질튀김 (살사),사이드,334.0,8.0,7.0,3.0,763.0,,https://www.kfckorea.com/menu/nutrition,2026-08-11,True,False,,,,,https://www.kfckorea.com/nas/kfcimg/info/info_allergy.png,,매장별 확인,,
KFC,닭껍질튀김 (치즈),사이드,337.0,8.0,7.6,1.0,714.0,,https://www.kfckorea.com/menu/nutrition,2026-08-11,True,False,,,,,https://www.kfckorea.com/nas/kfcimg/info/info_allergy.png,,매장별 확인,,
KFC,생맥주,음료,157.0,2.0,0.0,0.0,38.0,,https://www.kfckorea.com/menu/nutrition,2026-08-11,True,False,,,,,https://www.kfckorea.com/nas/kfcimg/info/info_allergy.png,,매장별 확인,,
KFC,망고주스,음료,91.0,7.0,0.0,19.0,18.0,,https://www.kfckorea.com/menu/nutrition,2026-08-11,True,False,,,,,https://www.kfckorea.com/nas/kfcimg/info/info_allergy.png,,매장별 확인,,
KFC,아이스크림,사이드,98.0,2.0,0.2,19.0,26.0,,https://www.kfckorea.com/menu/nutrition,2026-08-11,True,False,,,,,https://www.kfckorea.com/nas/kfcimg/info/info_allergy.png,,매장별 확인,,
KFC,아메리카노,음료,39.0,1.0,0.0,0.0,0.0,,https://www.kfckorea.com/menu/nutrition,2026-08-11,True,True,,,,,https://www.kfckorea.com/nas/kfcimg/info/info_allergy.png,,매장별 확인,,
KFC,아이스 아메리카노,음료,43.0,1.0,0.0,0.0,0.0,,https://www.kfckorea.com/menu/nutrition,2026-08-11,True,False,,,,,https://www.kfckorea.com/nas/kfcimg/info/info_allergy.png,,매장별 확인,,
KFC,라떼,음료,124.0,3.0,7.1,4.0,78.0,,https://www.kfckorea.com/menu/nutrition,2026-08-11,True,False,,,,,https://www.kfckorea.com/nas/kfcimg/info/info_allergy.png,,매장별 확인,,
KFC,아이스라떼,음료,131.0,3.0,7.5,4.0,82.0,,https://www.kfckorea.com/menu/nutrition,2026-08-11,True,False,,,,,https://www.kfckorea.com/nas/kfcimg/info/info_allergy.png,,매장별 확인,,
KFC,핫초코,음료,105.0,1.0,1.9,16.0,30.0,,https://www.kfckorea.com/menu/nutrition,2026-08-11,True,False,,,,,https://www.kfckorea.com/nas/kfcimg/info/info_allergy.png,,매장별 확인,,
KFC,아이스초코,음료,131.0,1.0,2.4,21.0,37.0,,https://www.kfckorea.com/menu/nutrition,2026-08-11,True,False,,,,,https://www.kfckorea.com/nas/kfcimg/info/info_allergy.png,,매장별 확인,,
KFC,코리안라떼,음료,58.0,1.0,0.0,12.0,11.0,,https://www.kfckorea.com/menu/nutrition,2026-08-11,True,False,,,,,https://www.kfckorea.com/nas/kfcimg/info/info_allergy.png,,매장별 확인,,
KFC,코리안라떼아이스,음료,75.0,1.0,0.0,15.0,14.0,,https://www.kfckorea.com/menu/nutrition,2026-08-11,True,False,,,,,https://www.kfckorea.com/nas/kfcimg/info/info_allergy.png,,매장별 확인,,
KFC,밀크티,음료,62.0,1.0,2.0,7.0,41.0,,https://www.kfckorea.com/menu/nutrition,2026-08-11,True,False,,,,,https://www.kfckorea.com/nas/kfcimg/info/info_allergy.png,,매장별 확인,,
KFC,밀크티아이스,음료,62.0,1.0,2.0,7.0,41.0,,https://www.kfckorea.com/menu/nutrition,2026-08-11,True,False,,,,,https://www.kfckorea.com/nas/kfcimg/info/info_allergy.png,,매장별 확인,,
KFC,맥주425ml,음료,157.0,2.0,0.0,0.0,38.0,,https://www.kfckorea.com/menu/nutrition,2026-08-11,True,False,,,,,https://www.kfckorea.com/nas/kfcimg/info/info_allergy.png,,매장별 확인,,
써브웨이,로스트 치킨 아보카도,샌드위치(기본 레시피),356.0,26.6,2.1,9.0,694.0,대두|밀|토마토|닭고기|쇠고기,https://www.subway.co.kr/menuView/sandwich?menuItemIdx=1613,2026-08-11,True,True,https://www.subway.co.kr/upload/menu/1785741671083_TyCRBr.png,"오븐에 구운 촉촉한 닭가슴살에 부드러운 아보카도를 더해, 맛과 영양을 모두 잡은 든든한 메뉴",https://www.subway.co.kr/menuList/sandwich,2026-08-11,https://www.subway.co.kr/sandwichAllergy,,매장별 확인,,
써브웨이,아기맹새우,샌드위치(기본 레시피),511.0,22.0,6.4,10.5,1028.0,,https://www.subway.co.kr/menuView/sandwich?menuItemIdx=1612,2026-08-11,True,False,https://www.subway.co.kr/upload/menu/1784523876481_AJ8csx.png,"아기맹수 스페셜! 쉬림프 7마리(담백4+매콤3)와 부드러운 아보카도, 고소상큼 소스의 맹렬한 조합! (고정레시피 제품입니다)",https://www.subway.co.kr/menuList/sandwich,2026-08-11,,,매장별 확인,,
써브웨이,피자썹,샌드위치(기본 레시피),551.0,22.9,9.5,5.9,1183.0,계란|메밀|땅콩|대두|밀|고등어|게|새우|돼지고기|복숭아|토마토|아황산류|호두|닭고기|오징어|조개류|잣,https://www.subway.co.kr/menuView/sandwich?menuItemIdx=1611,2026-08-11,True,True,https://www.subway.co.kr/upload/menu/1781152604561_TA6XRx.png,"토마토살사에 모차렐라치즈가 듬뿍, 간편하고 맛있게 즐기는 피자썹 (고정레시피 제품입니다)",https://www.subway.co.kr/menuList/sandwich,2026-08-11,https://www.subway.co.kr/sandwichAllergy,,매장별 확인,,
써브웨이,안창 비프&머쉬룸,샌드위치(기본 레시피),292.0,16.5,2.5,8.0,598.0,계란|우유|대두|밀|토마토|쇠고기,https://www.subway.co.kr/menuView/sandwich?menuItemIdx=1514,2026-08-11,True,True,https://www.subway.co.kr/upload/menu/안창-비프&머쉬룸_20240912031749239.png,부드럽고 풍미 넘치는 안창살과 담백하고 건강한 머쉬룸이 함께 어우러져 이루는 맛있는 조합의 샌드위치,https://www.subway.co.kr/menuList/sandwich,2026-08-11,https://www.subway.co.kr/sandwichAllergy,,매장별 확인,,
써브웨이,스테이크 & 치즈,샌드위치(기본 레시피),355.0,28.1,4.2,8.8,780.0,계란|우유|대두|밀|토마토|쇠고기,https://www.subway.co.kr/menuView/sandwich?menuItemIdx=1519,2026-08-11,True,True,https://www.subway.co.kr/upload/menu/Steak-&-Cheese_20211231095455613.png,육즙이 쫙~풍부한 비프 스테이크의 풍미가 입안 한가득,https://www.subway.co.kr/menuList/sandwich,2026-08-11,https://www.subway.co.kr/sandwichAllergy,,매장별 확인,,
써브웨이,이탈리안 비엠티,샌드위치(기본 레시피),388.0,21.0,5.9,8.6,1064.0,계란|우유|대두|밀|돼지고기|토마토,https://www.subway.co.kr/menuView/sandwich?menuItemIdx=1528,2026-08-11,True,True,https://www.subway.co.kr/upload/menu/Italian_B.M.T_20211231094910899.png,"페퍼로니, 살라미 그리고 햄이 만들어내는 최상의 조화 전세계가 사랑하는 써브웨이의 베스트셀러 Biggest Meatiest Tastiest, its’ B.M.T.",https://www.subway.co.kr/menuList/sandwich,2026-08-11,https://www.subway.co.kr/sandwichAllergy,,매장별 확인,,
써브웨이,로티세리 바비큐 치킨,샌드위치(기본 레시피),327.0,29.1,2.5,7.8,542.0,계란|우유|대두|밀|토마토|닭고기,https://www.subway.co.kr/menuView/sandwich?menuItemIdx=1406,2026-08-11,True,True,https://www.subway.co.kr/upload/menu/Rotisserie-Barbecue-Chicken_20211231023137878.png,촉촉한 바비큐 치킨의 풍미가득. 손으로 찢어 더욱 부드러운 치킨의 혁명,https://www.subway.co.kr/menuList/sandwich,2026-08-11,https://www.subway.co.kr/sandwichAllergy,,매장별 확인,,
써브웨이,에그마요,샌드위치(기본 레시피),416.0,16.4,4.8,7.7,554.0,계란|우유|대두|밀|토마토|조개류,https://www.subway.co.kr/menuView/sandwich?menuItemIdx=1530,2026-08-11,True,True,https://www.subway.co.kr/upload/menu/img_toppping_02.png,신선한 달걀과 고소한 마요네즈의 만남,https://www.subway.co.kr/menuList/salad,2026-08-11,https://www.subway.co.kr/sandwichAllergy,,매장별 확인,,
써브웨이,안창 비프,샌드위치(기본 레시피),342.0,21.6,4.3,8.3,830.0,계란|우유|대두|밀|토마토|쇠고기,https://www.subway.co.kr/menuView/sandwich?menuItemIdx=1515,2026-08-11,True,True,https://www.subway.co.kr/upload/menu/안창-비프_20240912031758775.png,"안창살을 써브웨의만의 이국적인 특제 시즈닝을 더해 더 부드럽고, 더 풍미있게 즐기는 프리미엄 샌드위치",https://www.subway.co.kr/menuList/sandwich,2026-08-11,https://www.subway.co.kr/sandwichAllergy,,매장별 확인,,
써브웨이,잠봉 플러스,샌드위치(기본 레시피),475.0,24.3,7.3,6.4,828.0,계란|우유|메밀|땅콩|대두|밀|고등어|게|새우|돼지고기|복숭아|토마토|아황산류|호두|닭고기|쇠고기|오징어|조개류|잣,https://www.subway.co.kr/menuView/sandwich?menuItemIdx=1571,2026-08-11,True,True,https://www.subway.co.kr/upload/menu/1775028694110_UEczXJ.png,깊게 번지는 잠봉의 풍미를 더욱 풍성하게 느껴보세요.,https://www.subway.co.kr/menuList/sandwich,2026-08-11,https://www.subway.co.kr/sandwichAllergy,,매장별 확인,,
써브웨이,치킨 베이컨 아보카도,샌드위치(기본 레시피),355.0,20.2,3.2,9.0,940.0,계란|우유|대두|밀|돼지고기|토마토|닭고기,https://www.subway.co.kr/menuView/sandwich?menuItemIdx=1448,2026-08-11,True,True,https://www.subway.co.kr/upload/menu/1775029949721_F6B8G2.png,담백한 치킨 슬라이스에 고소한 베이컨과 아보카도까지 건강하고 든든하게,https://www.subway.co.kr/menuList/sandwich,2026-08-11,https://www.subway.co.kr/sandwichAllergy,,매장별 확인,,
써브웨이,스파이시 쉬림프,샌드위치(기본 레시피),245.0,16.5,0.9,9.1,570.0,계란|우유|대두|밀|새우|토마토,https://www.subway.co.kr/menuView/sandwich?menuItemIdx=1518,2026-08-11,True,True,https://www.subway.co.kr/upload/menu/Spicy_Shrimp_front_20230703125534663.png,탱글한 쉬림프에 이국적인 시즈닝을 더해 색다른 매콤함을 만나보세요!,https://www.subway.co.kr/menuList/sandwich,2026-08-11,https://www.subway.co.kr/sandwichAllergy,,매장별 확인,,
써브웨이,쉬림프,샌드위치(기본 레시피),241.0,16.3,0.6,7.9,415.0,계란|우유|대두|밀|새우|토마토,https://www.subway.co.kr/menuView/sandwich?menuItemIdx=1520,2026-08-11,True,True,https://www.subway.co.kr/upload/menu/Shrimp_front_20230703123439107.png,"탱글한 쉬림프 5마리가 그대로, 신선하고 담백한 쉬림프의 맛 그대로 즐겨보세요!",https://www.subway.co.kr/menuList/sandwich,2026-08-11,https://www.subway.co.kr/sandwichAllergy,,매장별 확인,,
써브웨이,로스트 치킨,샌드위치(기본 레시피),300.0,26.0,1.3,8.7,605.0,계란|우유|대두|밀|토마토|닭고기|쇠고기,https://www.subway.co.kr/menuView/sandwich?menuItemIdx=1401,2026-08-11,True,True,https://www.subway.co.kr/upload/menu/Roasted-Chicken_20211231095032718.png,오븐에 구워 담백한 저칼로리 닭가슴살의 건강한 풍미,https://www.subway.co.kr/menuList/sandwich,2026-08-11,https://www.subway.co.kr/sandwichAllergy,,매장별 확인,,
써브웨이,풀드포크 바비큐,샌드위치(기본 레시피),327.0,24.8,2.1,7.8,689.0,계란|우유|대두|밀|돼지고기|토마토,https://www.subway.co.kr/menuView/sandwich?menuItemIdx=1524,2026-08-11,True,True,https://www.subway.co.kr/upload/menu/Pulled-Pork+cheese_20211231095012512.png,미국 스타일의 풀드 포크 바비큐가 가득 들어간 샌드위치,https://www.subway.co.kr/menuList/sandwich,2026-08-11,https://www.subway.co.kr/sandwichAllergy,,매장별 확인,,
써브웨이,써브웨이 클럽,샌드위치(기본 레시피),299.0,19.8,2.4,8.53,853.0,계란|우유|대두|밀|돼지고기|토마토|아황산류,https://www.subway.co.kr/menuView/sandwich?menuItemIdx=1511,2026-08-11,True,True,https://www.subway.co.kr/upload/menu/써브웨이 클럽(치킨)_20241107120457089.png,"고소한 베이컨, 담백한 터키에 햄까지 더해 완벽해진 조화를 즐겨보세요.",https://www.subway.co.kr/menuList/sandwich,2026-08-11,https://www.subway.co.kr/sandwichAllergy,,매장별 확인,,
써브웨이,치킨 데리야끼,샌드위치(기본 레시피),314.0,26.5,1.2,10.1,698.0,계란|우유|대두|밀|토마토|닭고기,https://www.subway.co.kr/menuView/sandwich?menuItemIdx=1521,2026-08-11,True,True,https://www.subway.co.kr/upload/menu/Chicken-Teriyaki_20211231094803381.png,담백한 치킨 스트립에 달콤짭쪼름한 써브웨이 특제 데리야끼 소스와의 환상적인 만남,https://www.subway.co.kr/menuList/sandwich,2026-08-11,https://www.subway.co.kr/sandwichAllergy,,매장별 확인,,
써브웨이,스파이시 이탈리안,샌드위치(기본 레시피),464.0,20.7,9.1,8.7,1250.0,계란|우유|대두|밀|돼지고기|토마토,https://www.subway.co.kr/menuView/sandwich?menuItemIdx=1522,2026-08-11,True,True,https://www.subway.co.kr/upload/menu/spicy_italian_20211231095435532.png,"페퍼로니 & 살라미가 입안 가득, 페퍼로니의 부드러운 매콤함을 만나보세요!",https://www.subway.co.kr/menuList/sandwich,2026-08-11,https://www.subway.co.kr/sandwichAllergy,,매장별 확인,,
써브웨이,잠봉,샌드위치(기본 레시피),376.0,18.3,4.7,6.0,621.0,계란|우유|메밀|땅콩|대두|밀|고등어|게|새우|돼지고기|복숭아|토마토|아황산류|호두|닭고기|쇠고기|오징어|조개류|잣,https://www.subway.co.kr/menuView/sandwich?menuItemIdx=1570,2026-08-11,True,True,https://www.subway.co.kr/upload/menu/1775028649948_aR4ERo.png,깊게 번지는 잠봉의 풍미를 느껴보세요.,https://www.subway.co.kr/menuList/sandwich,2026-08-11,https://www.subway.co.kr/sandwichAllergy,,매장별 확인,,
써브웨이,비엘티,샌드위치(기본 레시피),300.0,15.9,3.7,7.9,666.0,계란|우유|대두|밀|돼지고기|토마토,https://www.subway.co.kr/menuView/sandwich?menuItemIdx=1529,2026-08-11,True,True,https://www.subway.co.kr/upload/menu/B.L.T_20211231094744175.png,오리지널 아메리칸 스타일 베이컨의 풍미와 바삭함 그대로~,https://www.subway.co.kr/menuList/sandwich,2026-08-11,https://www.subway.co.kr/sandwichAllergy,,매장별 확인,,
써브웨이,치킨 슬라이스,샌드위치(기본 레시피),265.0,18.6,0.9,8.7,751.0,계란|우유|대두|밀|토마토|닭고기,https://www.subway.co.kr/menuView/sandwich?menuItemIdx=1449,2026-08-11,True,True,https://www.subway.co.kr/upload/menu/1775029900211_BC6sgL.png,담백한 치킨 슬라이스로 맛과 건강까지 한입에,https://www.subway.co.kr/menuList/sandwich,2026-08-11,https://www.subway.co.kr/sandwichAllergy,,매장별 확인,,
써브웨이,머쉬룸,샌드위치(기본 레시피),245.0,11.8,0.6,7.7,376.0,계란|메밀|땅콩|대두|밀|고등어|게|새우|돼지고기|복숭아|토마토|아황산류|호두|닭고기|쇠고기|오징어|조개류|잣,https://www.subway.co.kr/menuView/sandwich?menuItemIdx=1526,2026-08-11,True,True,https://www.subway.co.kr/upload/menu/1757375591323_zQLUtM.png,버섯의 건강함을 그대로 담아 신선한 야채와 함께 담백하게 즐기는 샌드위치,https://www.subway.co.kr/menuList/sandwich,2026-08-11,https://www.subway.co.kr/sandwichAllergy,,매장별 확인,,
써브웨이,참치,샌드위치(기본 레시피),316.0,26.9,1.4,7.6,535.0,계란|우유|대두|밀|토마토,https://www.subway.co.kr/menuView/sandwich?menuItemIdx=1532,2026-08-11,True,True,https://www.subway.co.kr/upload/menu/Tuna_20211231095535268.png,남녀노소 누구나 좋아하는 담백한 참치와 고소한 마요네즈의 완벽한 조화,https://www.subway.co.kr/menuList/sandwich,2026-08-11,https://www.subway.co.kr/sandwichAllergy,,매장별 확인,,
써브웨이,에그 슬라이스,샌드위치(기본 레시피),279.0,15.2,2.3,7.6,447.0,계란|우유|대두|밀|토마토,https://www.subway.co.kr/menuView/sandwich?menuItemIdx=1469,2026-08-11,True,True,https://www.subway.co.kr/upload/menu/에그슬라이스_원물_20240304114445412.png,"신선한 달걀의 담백함을 추가해, 더 든든하게 즐겨보세요.",https://www.subway.co.kr/menuList/salad,2026-08-11,https://www.subway.co.kr/sandwichAllergy,,매장별 확인,,
써브웨이,베지,샌드위치(기본 레시피),209.0,9.2,0.6,7.6,262.0,계란|우유|대두|밀|토마토,https://www.subway.co.kr/menuView/sandwich?menuItemIdx=1403,2026-08-11,True,True,https://www.subway.co.kr/upload/menu/Veggie-Delite_20211231095658375.png,갓 구운 빵과 신선한 8가지 야채로 즐기는 깔끔한 한끼,https://www.subway.co.kr/menuList/sandwich,2026-08-11,https://www.subway.co.kr/sandwichAllergy,,매장별 확인,,
써브웨이,스테이크 & 머쉬룸 그레인 샐러드,그레인 샐러드,338.0,24.0,4.4,6.2,568.0,,https://www.subway.co.kr/menuView/grain_salad?menuItemIdx=1590,2026-08-11,True,False,https://www.subway.co.kr/upload/menu/1780247247143_ct1BTq.png,"스테이크, 머쉬룸, 그레인 믹스, 슈레드 치즈와 5가지 야채, 블랙올리브 (소스 선택)",https://www.subway.co.kr/menuList/grain_salad,2026-08-11,,,매장별 확인,,
써브웨이,쉬림프 아보카도 그레인 샐러드,그레인 샐러드,327.0,16.5,3.7,6.2,411.0,,https://www.subway.co.kr/menuView/grain_salad?menuItemIdx=1591,2026-08-11,True,False,https://www.subway.co.kr/upload/menu/1781490060879_VpDzDc.png,"쉬림프, 아보카도, 그레인 믹스, 슈레드 치즈와 5가지 야채, 블랙올리브 (소스 선택)",https://www.subway.co.kr/menuList/grain_salad,2026-08-11,,,매장별 확인,,
써브웨이,로티세리 치킨 더블치즈 그레인 샐러드,그레인 샐러드,439.0,34.2,6.6,5.7,694.0,,https://www.subway.co.kr/menuView/grain_salad?menuItemIdx=1594,2026-08-11,True,False,https://www.subway.co.kr/upload/menu/1780246803058_9tvYFJ.png,"로티세리 치킨, 그레인 믹스, 더블 슈레드 치즈와 5가지 야채, 블랙올리브 (소스 선택)",https://www.subway.co.kr/menuList/grain_salad,2026-08-11,,,매장별 확인,,
써브웨이,풀드포크 타코 그레인 샐러드,그레인 샐러드,968.0,39.9,16.3,13.3,2003.0,,https://www.subway.co.kr/menuView/grain_salad?menuItemIdx=1599,2026-08-11,True,False,https://www.subway.co.kr/upload/menu/1780247327402_DgoO1R.png,"풀드포크, 더블 슈레드 치즈, 아보카도, 그레인 믹스, 살사,각종 야채와 치폴레 & 랜치, 또띠야",https://www.subway.co.kr/menuList/grain_salad,2026-08-11,,,매장별 확인,,
써브웨이,스파이시 쉬림프 타코 그레인 샐러드,그레인 샐러드,861.0,31.4,14.0,16.4,2136.0,,https://www.subway.co.kr/menuView/grain_salad?menuItemIdx=1597,2026-08-11,True,False,https://www.subway.co.kr/upload/menu/1780247474536_coGrkI.png,"스파이시 쉬림프, 더블 슈레드 치즈, 아보카도, 그레인 믹스, 살사, 각종 야채와 치폴레 & 랜치, 또띠야",https://www.subway.co.kr/menuList/grain_salad,2026-08-11,,,매장별 확인,,
써브웨이,로티세리 치킨 타코 그레인 샐러드,그레인 샐러드,951.0,41.8,14.8,13.2,1937.0,,https://www.subway.co.kr/menuView/grain_salad?menuItemIdx=1598,2026-08-11,True,False,https://www.subway.co.kr/upload/menu/1780247409860_8i3Db9.png,"로티세리 치킨, 더블 슈레드 치즈, 아보카도, 그레인 믹스, 살사, 각종 야채와 치폴레 & 랜치, 또띠야",https://www.subway.co.kr/menuList/grain_salad,2026-08-11,,,매장별 확인,,
써브웨이,로스트 치킨 베이컨 그레인 샐러드,그레인 샐러드,362.0,26.3,4.5,6.2,758.0,,https://www.subway.co.kr/menuView/grain_salad?menuItemIdx=1593,2026-08-11,True,False,https://www.subway.co.kr/upload/menu/1780246887800_yVSmx5.png,"로스트 치킨, 베이컨 비츠, 그레인 믹스, 슈레드 치즈와 5가지 야채, 블랙올리브 (소스 선택)",https://www.subway.co.kr/menuList/grain_salad,2026-08-11,,,매장별 확인,,
써브웨이,에그마요 베이컨 그레인 샐러드,그레인 샐러드,497.0,19.3,8.5,5.8,683.0,,https://www.subway.co.kr/menuView/grain_salad?menuItemIdx=1592,2026-08-11,True,False,https://www.subway.co.kr/upload/menu/1780246974321_HcYRnL.png,"에그마요, 베이컨 비츠, 그레인 믹스, 슈레드 치즈와 5가지 야채, 블랙올리브 (소스 선택)",https://www.subway.co.kr/menuList/grain_salad,2026-08-11,,,매장별 확인,,
써브웨이,참치 아보카도 그레인 샐러드,그레인 샐러드,400.0,26.9,4.5,5.9,550.0,,https://www.subway.co.kr/menuView/grain_salad?menuItemIdx=1595,2026-08-11,True,False,https://www.subway.co.kr/upload/menu/1780246705509_nO9R10.png,"참치, 아보카도, 그레인 믹스, 슈레드 치즈와 5가지 야채, 블랙올리브 (소스 선택)",https://www.subway.co.kr/menuList/grain_salad,2026-08-11,,,매장별 확인,,
써브웨이,그린 그레인 샐러드,그레인 샐러드,237.0,8.6,2.9,5.5,165.0,,https://www.subway.co.kr/menuView/grain_salad?menuItemIdx=1596,2026-08-11,True,False,https://www.subway.co.kr/upload/menu/1780246369197_6hSKF4.png,"그레인 믹스, 슈레드 치즈와 5가지 야채, 블랙올리브 (소스 선택)",https://www.subway.co.kr/menuList/grain_salad,2026-08-11,,,매장별 확인,,
써브웨이,스테이크 & 머쉬룸 샐러드,샐러드,193.0,20.2,4.0,5.8,514.0,,https://www.subway.co.kr/menuView/salad?menuItemIdx=1585,2026-08-11,True,False,https://www.subway.co.kr/upload/menu/1780053845700_O4gV5S.png,"스테이크, 머쉬룸, 슈레드 치즈와 5가지 야채, 블랙올리브 (소스 선택)",https://www.subway.co.kr/menuList/salad,2026-08-11,,,매장별 확인,,
써브웨이,쉬림프 아보카도 샐러드,샐러드,182.0,12.6,3.3,5.8,357.0,,https://www.subway.co.kr/menuView/salad?menuItemIdx=1584,2026-08-11,True,False,https://www.subway.co.kr/upload/menu/1780053990778_UPYE2R.png,"쉬림프, 아보카도, 슈레드 치즈와 5가지 야채, 블랙올리브 (소스 선택)",https://www.subway.co.kr/menuList/salad,2026-08-11,,,매장별 확인,,
써브웨이,로티세리 치킨 더블치즈 샐러드,샐러드,294.0,30.4,6.2,5.3,640.0,,https://www.subway.co.kr/menuView/salad?menuItemIdx=1582,2026-08-11,True,False,https://www.subway.co.kr/upload/menu/1780054312268_XvxurJ.png,"로티세리 치킨, 더블 슈레드 치즈와 5가지 야채, 블랙올리브 (소스 선택)",https://www.subway.co.kr/menuList/salad,2026-08-11,,,매장별 확인,,
써브웨이,풀드포크 타코 샐러드,샐러드,820.0,35.9,15.9,12.5,1947.0,,https://www.subway.co.kr/menuView/salad?menuItemIdx=1587,2026-08-11,True,False,https://www.subway.co.kr/upload/menu/1780245800755_EKmpXa.png,"풀드포크, 더블 슈레드 치즈, 아보카도, 살사, 각종 야채와 치폴레 & 랜치, 또띠야",https://www.subway.co.kr/menuList/salad,2026-08-11,,,매장별 확인,,
써브웨이,스파이시 쉬림프 타코 샐러드,샐러드,713.0,27.4,13.6,15.6,1841.0,,https://www.subway.co.kr/menuView/salad?menuItemIdx=1589,2026-08-11,True,False,https://www.subway.co.kr/upload/menu/1780245593336_L9IxX5.png,"스파이시 쉬림프, 더블 슈레드 치즈, 아보카도, 살사, 각종 야채와 치폴레 & 랜치, 또띠야",https://www.subway.co.kr/menuList/salad,2026-08-11,,,매장별 확인,,
써브웨이,로티세리 치킨 타코 샐러드,샐러드,802.0,37.8,14.4,12.4,1881.0,,https://www.subway.co.kr/menuView/salad?menuItemIdx=1588,2026-08-11,True,False,https://www.subway.co.kr/upload/menu/1781526219541_vmWvWu.png,"로티세리 치킨, 더블 슈레드 치즈, 아보카도, 살사,각종 야채와 치폴레 & 랜치, 또띠야",https://www.subway.co.kr/menuList/salad,2026-08-11,,,매장별 확인,,
써브웨이,로스트 치킨 베이컨 샐러드,샐러드,216.0,22.5,4.1,5.8,704.0,,https://www.subway.co.kr/menuView/salad?menuItemIdx=1583,2026-08-11,True,False,https://www.subway.co.kr/upload/menu/1780054181135_F8I2en.png,"로스트 치킨, 베이컨 비츠, 슈레드 치즈와 5가지 야채, 블랙올리브 (소스 선택)",https://www.subway.co.kr/menuList/salad,2026-08-11,,,매장별 확인,,
써브웨이,에그마요 베이컨 샐러드,샐러드,352.0,15.5,8.1,5.4,629.0,,https://www.subway.co.kr/menuView/salad?menuItemIdx=1581,2026-08-11,True,False,https://www.subway.co.kr/upload/menu/1780054419393_n9ZR4X.png,"에그마요, 베이컨 비츠, 슈레드 치즈와 5가지 야채, 블랙올리브 (소스 선택)",https://www.subway.co.kr/menuList/salad,2026-08-11,,,매장별 확인,,
써브웨이,참치 아보카도 샐러드,샐러드,255.0,23.0,4.1,5.5,496.0,,https://www.subway.co.kr/menuView/salad?menuItemIdx=1580,2026-08-11,True,False,https://www.subway.co.kr/upload/menu/1780054522284_QUZRYs.png,"참치, 아보카도, 슈레드 치즈와 5가지 야채, 블랙올리브 (소스 선택)",https://www.subway.co.kr/menuList/salad,2026-08-11,,,매장별 확인,,
써브웨이,그린 샐러드,샐러드,91.8,4.8,2.5,5.1,111.0,,https://www.subway.co.kr/menuView/salad?menuItemIdx=1579,2026-08-11,True,False,https://www.subway.co.kr/upload/menu/1780054599695_Smoqn0.png,"슈레드 치즈와 5가지 야채, 블랙올리브 (소스 선택)",https://www.subway.co.kr/menuList/salad,2026-08-11,,,매장별 확인,,
써브웨이,미니 로티세리 치킨 샐러드,샐러드,42.0,5.3,0.6,3.0,72.0,,https://www.subway.co.kr/menuView/salad?menuItemIdx=1473,2026-08-11,True,False,https://www.subway.co.kr/upload/menu/미니 로티세리 치킨 샐러드_20240415094842327.png,"신선함과 간편함을 한 컵에 담아, 가볍고 건강하게 즐기는 미니 샐러드",https://www.subway.co.kr/menuList/salad,2026-08-11,,,매장별 확인,,
써브웨이,"잠봉, 에그&치즈",아침메뉴,319.0,20.3,3.2,6.5,951.0,,https://www.subway.co.kr/menuView/morning?menuItemIdx=1339,2026-08-11,True,False,"https://www.subway.co.kr/upload/menu/햄, 에그&치즈 단품_20220407064307837.png",푹신한 오믈렛과 잠봉의 가장 클래식한 조화 ※ 아침메뉴 제공시간 : 오전 11시까지 ※ 본 메뉴에는 야채가 포함되지 않습니다.,https://www.subway.co.kr/menuList/morning,2026-08-11,,,매장별 확인,,
써브웨이,"웨스턴, 에그 & 치즈",아침메뉴,315.0,18.2,3.1,7.8,849.0,,https://www.subway.co.kr/menuView/morning?menuItemIdx=1340,2026-08-11,True,False,"https://www.subway.co.kr/upload/menu/웨스턴, 에그 & 치즈 단품_20220407064319864.png","토마토, 피망, 양파 세가지 야채가 더해져 더욱 신선한 하루 시작 ※ 아침메뉴 제공시간 : 오전 11시까지 ※ 본 메뉴에는 토마토, 피망, 양파 이외의 야채가 포함되지 않습니다.",https://www.subway.co.kr/menuList/morning,2026-08-11,,,매장별 확인,,
써브웨이,"잠봉, 에그 & 치즈 랩",아침메뉴,288.0,8.0,1.0,6.0,667.0,,https://www.subway.co.kr/menuView/morning?menuItemIdx=1335,2026-08-11,True,False,https://www.subway.co.kr/upload/menu/ham_egg_n_cheese_wrap_20210315010301754.png,이제 랩으로 즐기세요! 푹신한 오믈렛과 잠봉의 가장 클래식한 조화 ※아침메뉴 제공시간 : 오전 11시까지,https://www.subway.co.kr/menuList/morning,2026-08-11,,,매장별 확인,,
써브웨이,"웨스턴, 에그 & 치즈 랩",아침메뉴,298.0,8.0,1.0,7.0,669.0,,https://www.subway.co.kr/menuView/morning?menuItemIdx=1336,2026-08-11,True,False,https://www.subway.co.kr/upload/menu/western_egg_n_cheese_wrap_20210315125949618.png,"이제 랩으로 즐기세요! 토마토, 피망, 양파 세가지 야채가 더해져 더욱 신선한 하루 시작 ※아침메뉴 제공시간 : 오전 11시까지",https://www.subway.co.kr/menuList/morning,2026-08-11,,,매장별 확인,,
써브웨이,포테이토 베이컨 수프,사이드·음료,80.0,2.3,3.1,3.4,355.0,,https://www.subway.co.kr/menuView/sidedrink?menuItemIdx=1565,2026-08-11,True,False,https://www.subway.co.kr/upload/menu/1763518099882_7YKwTk.png,국내산 감자로 만들어 부드럽고 진한 맛에 베이컨으로 풍미를 더한 포테이토 베이컨 수프,https://www.subway.co.kr/menuList/sidedrink,2026-08-11,,,매장별 확인,,
써브웨이,콘 수프,사이드·음료,81.0,2.5,1.4,5.3,283.0,,https://www.subway.co.kr/menuView/sidedrink?menuItemIdx=1465,2026-08-11,True,False,https://www.subway.co.kr/upload/menu/corn-soup_20231204124355500.png,달콤한 옥수수의 깊은 풍미가 느껴지는 콘 수프,https://www.subway.co.kr/menuList/sidedrink,2026-08-11,,,매장별 확인,,
써브웨이,머쉬룸 수프,사이드·음료,64.0,1.5,2.3,2.2,336.0,,https://www.subway.co.kr/menuView/sidedrink?menuItemIdx=1317,2026-08-11,True,False,https://www.subway.co.kr/upload/menu/Mushroom-soup_20231204012446176.png,부드러운 머쉬룸의 풍미가 가득한 머쉬룸 수프,https://www.subway.co.kr/menuList/sidedrink,2026-08-11,,,매장별 확인,,
써브웨이,초코칩,사이드·음료,228.0,2.1,5.6,19.3,165.0,,https://www.subway.co.kr/menuView/sidedrink?menuItemIdx=1308,2026-08-11,True,False,https://www.subway.co.kr/upload/menu/chocolate_chip_20210315021446423.jpg,알알이 가득한 초코의 가장 클래식한 달콤함,https://www.subway.co.kr/menuList/sidedrink,2026-08-11,,,매장별 확인,,
써브웨이,더블 초코칩,사이드·음료,212.0,2.0,5.4,19.9,165.0,,https://www.subway.co.kr/menuView/sidedrink?menuItemIdx=1307,2026-08-11,True,False,https://www.subway.co.kr/upload/menu/double_chocolate_chip_20210315021500386.jpg,부드러운 화이트초콜릿과 다크 초콜릿의 절묘한 조화로 더욱 풍부한 달콤함,https://www.subway.co.kr/menuList/sidedrink,2026-08-11,,,매장별 확인,,
써브웨이,오트밀 레이즌,사이드·음료,200.0,2.4,3.8,15.8,130.0,,https://www.subway.co.kr/menuView/sidedrink?menuItemIdx=1309,2026-08-11,True,False,https://www.subway.co.kr/upload/menu/oatmeal_rasin_20210315021428482.jpg,건포도와 귀리에 살짝 더해진 계피향의 환상적인 조화,https://www.subway.co.kr/menuList/sidedrink,2026-08-11,,,매장별 확인,,
써브웨이,라즈베리 치즈케익,사이드·음료,204.0,2.0,5.0,15.8,176.0,,https://www.subway.co.kr/menuView/sidedrink?menuItemIdx=1310,2026-08-11,True,False,https://www.subway.co.kr/upload/menu/raspberry_cheese_cake_20210315021413854.jpg,부드럽고 풍부한 치즈와 새콤달콤 라즈베리의 달콤한 만남,https://www.subway.co.kr/menuList/sidedrink,2026-08-11,,,매장별 확인,,
써브웨이,화이트 초코 마카다미아,사이드·음료,245.0,2.1,5.7,18.9,178.0,,https://www.subway.co.kr/menuView/sidedrink?menuItemIdx=1311,2026-08-11,True,False,https://www.subway.co.kr/upload/menu/white_choco_macadamia_20210315021402115.jpg,고소함 가득한 마카다미아와 달콤한 화이트 초콜릿의 환상 궁합,https://www.subway.co.kr/menuList/sidedrink,2026-08-11,,,매장별 확인,,
써브웨이,웨지 포테이토,사이드·음료,140.0,2.5,1.5,0.7,369.0,,https://www.subway.co.kr/menuView/sidedrink?menuItemIdx=1321,2026-08-11,True,False,https://www.subway.co.kr/upload/menu/웨지포테이토_20220916104739353.jpg,"오븐에 구워 더 담백, 겉은 바삭 속은 촉촉한 건강한 사이드 ※제공시간 : 오전 11시 ~",https://www.subway.co.kr/menuList/sidedrink,2026-08-11,,,매장별 확인,,
써브웨이,Cheesy 웨지 포테이토,사이드·음료,194.0,5.8,3.9,0.8,454.0,,https://www.subway.co.kr/menuView/sidedrink?menuItemIdx=1322,2026-08-11,True,False,https://www.subway.co.kr/upload/menu/치지웨지포테이토_20220916104711296.jpg,"치즈 풍미 한가득, 오븐에 구워 더 담백한 겉은 바삭 속은 촉촉한 건강한 사이드 ※제공시간 : 오전 11시 ~",https://www.subway.co.kr/menuList/sidedrink,2026-08-11,,,매장별 확인,,
써브웨이,Bacon Cheesy 웨지 포테이토,사이드·음료,247.0,9.3,5.3,0.9,679.0,,https://www.subway.co.kr/menuView/sidedrink?menuItemIdx=1323,2026-08-11,True,False,https://www.subway.co.kr/upload/menu/베이컨치지웨지포테이토_20220916104811767.jpg,"짭쪼름한 베이컨과 치즈의 궁합을 더한, 오븐에 구워 더 담백한 겉은 바삭 속은 촉촉한 건강한 사이드 ※제공시간 : 오전 11시 ~",https://www.subway.co.kr/menuList/sidedrink,2026-08-11,,,매장별 확인,,
써브웨이,치킨 베이컨 미니 랩,사이드·음료,391.0,20.8,7.4,5.5,1091.0,,https://www.subway.co.kr/menuView/sidedrink?menuItemIdx=1320,2026-08-11,True,False,https://www.subway.co.kr/upload/menu/chicken_bacon_mini_wrap_20210315105919945.jpg,"담백한 치킨, 바삭한 베이컨 비츠가 쫀득한 통밀 랩에 쏘옥! 치킨 베이컨 미니 랩",https://www.subway.co.kr/menuList/unit,2026-08-11,,,매장별 확인,,
써브웨이,스테이크 & 치즈 아보카도 랩,랩·기타,478.0,22.3,9.8,5.3,1009.0,,https://www.subway.co.kr/menuView/unit?menuItemIdx=1342,2026-08-11,True,False,https://www.subway.co.kr/upload/menu/steak_n_cheese_avocado_wrap_20210315105638140.jpg,육즙 가득 스테이크에 프레쉬함을 더해줄 아보카도와 슈레드치즈 그리고 모차렐라치즈까지! 최상의 야채와 소스 조합으로 탄생한 스테이크 & 치즈 아보카도 랩!,https://www.subway.co.kr/menuList/unit,2026-08-11,,,매장별 확인,,
써브웨이,쉬림프 에그마요 랩,랩·기타,516.0,20.1,9.5,7.4,1082.0,,https://www.subway.co.kr/menuView/unit?menuItemIdx=1382,2026-08-11,True,False,https://www.subway.co.kr/upload/menu/shrimp_egg_mayo_wrap_20210315105650669.jpg,"고소한 에그마요와 탱글한 통새우의 만남, 부드럽고 담백한 조화를 즐겨보세요!",https://www.subway.co.kr/menuList/unit,2026-08-11,,,매장별 확인,,
이디야,(L) 얼박사 코코 에이드,음료,123.0,1.0,0.0,28.0,154.0,,https://ediya.com/contents/drink.html,2026-08-11,True,False,,,,,,,매장별 확인,,
이디야,(EX) 얼박사 코코 에이드,음료,178.0,2.0,0.0,41.0,229.0,,https://ediya.com/contents/drink.html,2026-08-11,True,False,,,,,,,매장별 확인,,
이디야,(L) 얼박삿추,음료,117.0,2.0,0.0,25.0,149.0,,https://ediya.com/contents/drink.html,2026-08-11,True,False,,,,,,,매장별 확인,,
이디야,(EX) 얼박삿추,음료,172.0,2.0,0.0,38.0,223.0,,https://ediya.com/contents/drink.html,2026-08-11,True,False,,,,,,,매장별 확인,,
이디야,(L) 얼박삿추(디카페인 원두),음료,114.0,2.0,0.0,25.0,149.0,,https://ediya.com/contents/drink.html,2026-08-11,True,False,,,,,,,매장별 확인,,
이디야,(EX) 얼박삿추(디카페인 원두),음료,169.0,2.0,0.0,38.0,223.0,,https://ediya.com/contents/drink.html,2026-08-11,True,False,,,,,,,매장별 확인,,
이디야,(L) 얼박사 젤리 플랫치노,음료,206.0,2.0,0.0,47.0,263.0,,https://ediya.com/contents/drink.html,2026-08-11,True,False,,,,,,,매장별 확인,,
이디야,(EX) 얼박사 젤리 플랫치노,음료,303.0,3.0,0.0,69.0,378.0,,https://ediya.com/contents/drink.html,2026-08-11,True,False,,,,,,,매장별 확인,,
이디야,(L) ICED 우베 코코넛,음료,353.0,4.0,14.0,42.0,206.0,우유,https://ediya.com/contents/drink.html,2026-08-11,True,True,,,,,,,매장별 확인,,
이디야,(EX) ICED 우베 코코넛,음료,502.0,5.0,19.0,61.0,288.0,우유,https://ediya.com/contents/drink.html,2026-08-11,True,True,,,,,,,매장별 확인,,
이디야,(L) HOT 에스프레소 코코넛,음료,288.0,6.0,19.0,16.0,208.0,우유,https://ediya.com/contents/drink.html,2026-08-11,True,True,,,,,,,매장별 확인,,
이디야,(EX) HOT 에스프레소 코코넛,음료,416.0,8.0,28.0,23.0,300.0,우유,https://ediya.com/contents/drink.html,2026-08-11,True,True,,,,,,,매장별 확인,,
이디야,(L) ICED 에스프레소 코코넛,음료,216.0,4.0,14.0,12.0,153.0,우유,https://ediya.com/contents/drink.html,2026-08-11,True,True,,,,,,,매장별 확인,,
이디야,(EX) ICED 에스프레소 코코넛,음료,296.0,6.0,19.0,16.0,208.0,우유,https://ediya.com/contents/drink.html,2026-08-11,True,True,,,,,,,매장별 확인,,
이디야,팥 인절미 1인빙수,음료,574.0,12.0,5.0,64.0,217.0,우유|대두,https://ediya.com/contents/drink.html,2026-08-11,True,True,,,,,,,매장별 확인,,
이디야,더블베리 요거트 1인빙수,음료,361.0,5.0,4.0,56.0,89.0,우유|대두,https://ediya.com/contents/drink.html,2026-08-11,True,True,,,,,,,매장별 확인,,
이디야,(L) 생과일 수박주스,음료,163.0,2.0,0.0,26.0,21.0,,https://ediya.com/contents/drink.html,2026-08-11,True,False,,,,,,,매장별 확인,,
이디야,(EX) 생과일 수박주스,음료,260.0,3.0,0.0,42.0,41.0,,https://ediya.com/contents/drink.html,2026-08-11,True,False,,,,,,,매장별 확인,,
이디야,(L) 생과일 토마토주스,음료,150.0,3.0,0.0,23.0,35.0,토마토,https://ediya.com/contents/drink.html,2026-08-11,True,True,,,,,,,매장별 확인,,
이디야,(EX) 생과일 토마토주스,음료,242.0,4.0,0.0,38.0,59.0,토마토,https://ediya.com/contents/drink.html,2026-08-11,True,True,,,,,,,매장별 확인,,
이디야,(L) 생수박 과일 화채,음료,263.0,2.0,0.0,54.0,19.0,우유|대두,https://ediya.com/contents/drink.html,2026-08-11,True,True,,,,,,,매장별 확인,,
이디야,(EX) 생수박 과일 화채,음료,386.0,2.0,0.0,80.0,29.0,우유|대두,https://ediya.com/contents/drink.html,2026-08-11,True,True,,,,,,,매장별 확인,,
이디야,컵 팥절빙,음료,582.0,12.0,6.0,72.0,236.0,우유|대두,https://ediya.com/contents/drink.html,2026-08-11,True,True,,,,,,,매장별 확인,,
이디야,컵 망코빙,음료,470.0,5.0,7.0,81.0,103.0,우유|대두|밀,https://ediya.com/contents/drink.html,2026-08-11,True,True,,,,,,,매장별 확인,,
이디야,컵 두초빙,음료,715.0,5.0,23.0,91.0,149.0,우유|대두|밀,https://ediya.com/contents/drink.html,2026-08-11,True,True,,,,,,,매장별 확인,,
이디야,접시 팥절빙,음료,700.0,17.0,5.0,68.0,323.0,우유|대두|밀,https://ediya.com/contents/drink.html,2026-08-11,True,True,,,,,,,매장별 확인,,
이디야,접시 망코빙,음료,636.0,10.0,9.0,92.0,134.0,우유|대두|밀,https://ediya.com/contents/drink.html,2026-08-11,True,True,,,,,,,매장별 확인,,
이디야,접시 두초빙,음료,966.0,11.0,30.0,115.0,483.0,우유|대두|밀,https://ediya.com/contents/drink.html,2026-08-11,True,True,,,,,,,매장별 확인,,
이디야,모구모구(리치),음료,115.0,0.0,0.0,26.0,40.0,,https://ediya.com/contents/drink.html,2026-08-11,True,False,,,,,,,매장별 확인,,
이디야,모구모구(복숭아),음료,110.0,0.0,0.0,24.0,60.0,,https://ediya.com/contents/drink.html,2026-08-11,True,False,,,,,,,매장별 확인,,
이디야,아이스크림 스무디볼 딸기,음료,446.0,5.0,7.0,57.0,96.0,계란|우유|대두|밀,https://ediya.com/contents/drink.html,2026-08-11,True,True,,,,,,,매장별 확인,,
이디야,아이스크림 스무디볼 망고,음료,441.0,5.0,7.0,56.0,93.0,계란|우유|대두|밀,https://ediya.com/contents/drink.html,2026-08-11,True,True,,,,,,,매장별 확인,,
이디야,아이스크림 스무디볼 블루베리,음료,396.0,5.0,7.0,43.0,91.0,계란|우유|대두|밀,https://ediya.com/contents/drink.html,2026-08-11,True,True,,,,,,,매장별 확인,,
이디야,(병)프루츠 스파클링 사과,음료,39.0,0.0,0.0,5.0,25.0,,https://ediya.com/contents/drink.html,2026-08-11,True,False,,,,,,,매장별 확인,,
이디야,(병)프루츠 스파클링 복숭아,음료,23.0,0.0,0.0,5.5,25.0,,https://ediya.com/contents/drink.html,2026-08-11,True,False,,,,,,,매장별 확인,,
이디야,(병)프루츠 스파클링 체리,음료,23.0,0.0,0.0,5.0,25.0,,https://ediya.com/contents/drink.html,2026-08-11,True,False,,,,,,,매장별 확인,,
이디야,(L) HOT 말차라떼,음료,357.0,12.0,8.0,43.0,214.0,우유,https://ediya.com/contents/drink.html,2026-08-11,True,True,,,,,,,매장별 확인,,
이디야,(EX) HOT 말차라떼,음료,524.0,18.0,12.0,64.0,312.0,우유,https://ediya.com/contents/drink.html,2026-08-11,True,True,,,,,,,매장별 확인,,
이디야,(L) ICED 말차라떼,음료,283.0,9.0,5.0,37.0,157.0,우유,https://ediya.com/contents/drink.html,2026-08-11,True,True,,,,,,,매장별 확인,,
이디야,(EX) ICED 말차라떼,음료,396.0,12.0,7.0,54.0,213.0,우유,https://ediya.com/contents/drink.html,2026-08-11,True,True,,,,,,,매장별 확인,,
이디야,(EX) HOT 민트 초콜릿,음료,555.0,14.0,19.0,61.0,288.0,우유|대두,https://ediya.com/contents/drink.html,2026-08-11,True,True,,,,,,,매장별 확인,,
이디야,(콘)소프트 아이스크림(일부 매장 판매),음료,287.0,6.0,6.0,21.0,95.0,계란|우유,https://ediya.com/contents/drink.html,2026-08-11,True,True,,,,,,,매장별 확인,,
이디야,(EX) ICED 민트 초콜릿,음료,504.0,12.0,17.0,57.0,248.0,우유|대두,https://ediya.com/contents/drink.html,2026-08-11,True,True,,,,,,,매장별 확인,,
이디야,(L) ICED 말차초코라떼,음료,311.0,9.0,5.0,43.0,171.0,우유,https://ediya.com/contents/drink.html,2026-08-11,True,True,,,,,,,매장별 확인,,
이디야,(EX) ICED 말차초코라떼,음료,471.0,12.0,7.0,67.0,256.0,우유,https://ediya.com/contents/drink.html,2026-08-11,True,True,,,,,,,매장별 확인,,
이디야,(L) ICED 딸기 초코 라떼,음료,249.0,6.0,4.0,38.0,110.0,우유,https://ediya.com/contents/drink.html,2026-08-11,True,True,,,,,,,매장별 확인,,
이디야,(EX) ICED 딸기 초코 라떼,음료,367.0,8.0,6.0,56.0,169.0,우유,https://ediya.com/contents/drink.html,2026-08-11,True,True,,,,,,,매장별 확인,,
이디야,더블베리 아이스크림 파르페,음료,578.0,7.0,17.0,50.0,177.0,계란|우유|대두,https://ediya.com/contents/drink.html,2026-08-11,True,True,,,,,,,매장별 확인,,
이디야,더블초코 아이스크림 파르페,음료,686.0,10.0,22.0,49.0,265.0,계란|우유|대두|밀,https://ediya.com/contents/drink.html,2026-08-11,True,True,,,,,,,매장별 확인,,
이디야,(L) 망고 플랫치노,음료,345.0,0.0,0.0,86.0,10.0,,https://ediya.com/contents/drink.html,2026-08-11,True,False,,,,,,,매장별 확인,,
이디야,(L) HOT 자몽차,음료,228.0,0.0,0.0,47.0,5.0,,https://ediya.com/contents/drink.html,2026-08-11,True,False,,,,,,,매장별 확인,,
이디야,(L) HOT 카페 아메리카노,음료,16.0,1.0,0.0,0.0,0.0,,https://ediya.com/contents/drink.html,2026-08-11,True,False,,,,,,,매장별 확인,,
이디야,HOT 에스프레소,음료,5.0,0.0,0.0,0.0,0.0,,https://ediya.com/contents/drink.html,2026-08-11,True,True,,,,,,,매장별 확인,,
이디야,내맘대로 요거트,음료,175.0,5.0,0.0,34.0,61.0,우유,https://ediya.com/contents/drink.html,2026-08-11,True,True,,,,,,,매장별 확인,,
이디야,(L) HOT 카라멜 마끼아또,음료,307.0,10.0,7.0,40.0,183.0,계란|우유|대두|아황산류,https://ediya.com/contents/drink.html,2026-08-11,True,True,,,,,,,매장별 확인,,
이디야,(L) ICED 헤이즐넛 아메리카노,음료,150.0,1.0,2.0,23.0,170.0,우유,https://ediya.com/contents/drink.html,2026-08-11,True,True,,,,,,,매장별 확인,,
이디야,(L) ICED 살얼음 식혜,음료,241.0,0.0,0.0,55.0,6.0,,https://ediya.com/contents/drink.html,2026-08-11,True,False,,,,,,,매장별 확인,,
이디야,(EX) HOT 연유 카페 라떼,음료,542.0,17.0,12.0,67.0,255.0,우유|대두,https://ediya.com/contents/drink.html,2026-08-11,True,True,,,,,,,매장별 확인,,
이디야,(EX) HOT 카라멜 마끼아또,음료,445.0,14.0,10.0,59.0,244.0,계란|우유|대두|아황산류,https://ediya.com/contents/drink.html,2026-08-11,True,True,,,,,,,매장별 확인,,
이디야,(EX) ICED 살얼음 식혜,음료,359.0,1.0,0.0,82.0,9.0,,https://ediya.com/contents/drink.html,2026-08-11,True,False,,,,,,,매장별 확인,,
이디야,(L) ICED 연유 카페 라떼,음료,314.0,9.0,6.0,41.0,133.0,우유|대두,https://ediya.com/contents/drink.html,2026-08-11,True,True,,,,,,,매장별 확인,,
이디야,(EX) 플레인 요거트 플랫치노,음료,659.0,7.0,5.0,71.0,109.0,우유,https://ediya.com/contents/drink.html,2026-08-11,True,True,,,,,,,매장별 확인,,
이디야,(L) ICED 카라멜 마끼아또,음료,253.0,7.0,5.0,36.0,141.0,계란|우유|대두|아황산류,https://ediya.com/contents/drink.html,2026-08-11,True,True,,,,,,,매장별 확인,,
이디야,(L) HOT 루이보스,음료,8.0,0.0,0.0,0.0,5.0,복숭아,https://ediya.com/contents/drink.html,2026-08-11,True,True,,,,,,,매장별 확인,,
이디야,(EX) ICED 연유 카페 라떼,음료,451.0,13.0,8.0,60.0,185.0,우유|대두,https://ediya.com/contents/drink.html,2026-08-11,True,True,,,,,,,매장별 확인,,
이디야,(EX) ICED 카라멜 마끼아또,음료,355.0,9.0,6.0,52.0,174.0,계란|우유|대두|아황산류,https://ediya.com/contents/drink.html,2026-08-11,True,True,,,,,,,매장별 확인,,
이디야,(EX) HOT 루이보스,음료,15.0,0.0,0.0,0.0,11.0,복숭아,https://ediya.com/contents/drink.html,2026-08-11,True,True,,,,,,,매장별 확인,,
이디야,(EX) HOT 달달커피,음료,417.0,2.0,9.0,41.0,13.0,우유,https://ediya.com/contents/drink.html,2026-08-11,True,True,,,,,,,매장별 확인,,
이디야,달콤 초코,음료,416.0,7.0,14.0,50.0,77.0,우유|대두,https://ediya.com/contents/drink.html,2026-08-11,True,True,,,,,,,매장별 확인,,
이디야,(EX) 말차 초코 쉐이크,음료,606.0,11.0,17.0,78.0,438.0,우유|대두,https://ediya.com/contents/drink.html,2026-08-11,True,True,,,,,,,매장별 확인,,
이디야,(L) HOT 바닐라 라떼,음료,345.0,11.0,8.0,26.0,166.0,우유|대두,https://ediya.com/contents/drink.html,2026-08-11,True,True,,,,,,,매장별 확인,,
이디야,(L) 딸기 쉐이크,음료,492.0,7.0,19.0,57.0,438.0,우유|대두,https://ediya.com/contents/drink.html,2026-08-11,True,True,,,,,,,매장별 확인,,
이디야,(L) ICED 루이보스,음료,8.0,0.0,0.0,0.0,5.0,복숭아,https://ediya.com/contents/drink.html,2026-08-11,True,True,,,,,,,매장별 확인,,
이디야,(EX) HOT 카페 아메리카노,음료,16.0,1.0,0.0,0.0,1.0,,https://ediya.com/contents/drink.html,2026-08-11,True,False,,,,,,,매장별 확인,,
이디야,(L) 블루베리 요거트 플랫치노,음료,525.0,5.0,4.0,64.0,83.0,우유|대두,https://ediya.com/contents/drink.html,2026-08-11,True,True,,,,,,,매장별 확인,,
이디야,(EX) HOT 바닐라 라떼,음료,506.0,16.0,11.0,39.0,241.0,우유|대두,https://ediya.com/contents/drink.html,2026-08-11,True,True,,,,,,,매장별 확인,,
이디야,(EX) ICED 루이보스,음료,15.0,0.0,0.0,0.0,11.0,복숭아,https://ediya.com/contents/drink.html,2026-08-11,True,True,,,,,,,매장별 확인,,
이디야,(L) ICED 꿀화이트 아메리카노,음료,310.0,3.0,11.0,32.0,73.0,우유,https://ediya.com/contents/drink.html,2026-08-11,True,True,,,,,,,매장별 확인,,
이디야,(L) ICED 바닐라 라떼,음료,271.0,8.0,5.0,21.0,109.0,우유|대두,https://ediya.com/contents/drink.html,2026-08-11,True,True,,,,,,,매장별 확인,,
이디야,(L) HOT 히비스커스,음료,8.0,0.0,0.0,0.0,0.0,,https://ediya.com/contents/drink.html,2026-08-11,True,False,,,,,,,매장별 확인,,
이디야,(EX) ICED 꿀화이트 아메리카노,음료,451.0,3.0,14.0,48.0,91.0,우유,https://ediya.com/contents/drink.html,2026-08-11,True,True,,,,,,,매장별 확인,,
이디야,(EX) ICED 바닐라 라떼,음료,377.0,10.0,6.0,29.0,141.0,우유|대두,https://ediya.com/contents/drink.html,2026-08-11,True,True,,,,,,,매장별 확인,,
이디야,(EX) ICED 헤이즐넛 아메리카노,음료,225.0,2.0,3.0,35.0,256.0,우유,https://ediya.com/contents/drink.html,2026-08-11,True,True,,,,,,,매장별 확인,,
이디야,(L) ICED 히비스커스,음료,8.0,0.0,0.0,0.0,0.0,,https://ediya.com/contents/drink.html,2026-08-11,True,False,,,,,,,매장별 확인,,
이디야,(L) HOT 카페 모카,음료,384.0,10.0,16.0,32.0,213.0,우유|대두,https://ediya.com/contents/drink.html,2026-08-11,True,True,,,,,,,매장별 확인,,
이디야,상큼 자몽,음료,453.0,8.0,9.0,59.0,99.0,우유|대두|돼지고기,https://ediya.com/contents/drink.html,2026-08-11,True,True,,,,,,,매장별 확인,,
이디야,(L) HOT 제로슈가 달달커피,음료,151.0,1.0,10.0,0.0,36.0,우유,https://ediya.com/contents/drink.html,2026-08-11,True,True,,,,,,,매장별 확인,,
이디야,(L) ICED 넛츠 크림 라떼,음료,391.0,9.0,15.0,31.0,194.0,우유|대두,https://ediya.com/contents/drink.html,2026-08-11,True,True,,,,,,,매장별 확인,,
이디야,(EX) HOT 히비스커스,음료,16.0,0.0,0.0,1.0,0.0,,https://ediya.com/contents/drink.html,2026-08-11,True,False,,,,,,,매장별 확인,,
이디야,(EX) HOT 카페 모카,음료,511.0,14.0,19.0,45.0,300.0,우유|대두,https://ediya.com/contents/drink.html,2026-08-11,True,True,,,,,,,매장별 확인,,
이디야,(EX) ICED 고구마 라떼,음료,407.0,11.0,8.0,51.0,236.0,우유,https://ediya.com/contents/drink.html,2026-08-11,True,True,,,,,,,매장별 확인,,
이디야,(EX) ICED 히비스커스,음료,16.0,0.0,0.0,1.0,0.0,,https://ediya.com/contents/drink.html,2026-08-11,True,False,,,,,,,매장별 확인,,
이디야,(L) ICED 카페 모카,음료,322.0,7.0,14.0,28.0,165.0,우유|대두,https://ediya.com/contents/drink.html,2026-08-11,True,True,,,,,,,매장별 확인,,
이디야,(L) 에스프레소 쉐이크,음료,406.0,7.0,19.0,34.0,421.0,우유|대두,https://ediya.com/contents/drink.html,2026-08-11,True,True,,,,,,,매장별 확인,,
이디야,(EX) ICED 넛츠 크림 라떼,음료,524.0,12.0,19.0,40.0,257.0,우유|대두,https://ediya.com/contents/drink.html,2026-08-11,True,True,,,,,,,매장별 확인,,
이디야,(L) HOT 화이트 초콜릿 모카,음료,443.0,9.0,16.0,52.0,204.0,우유|대두,https://ediya.com/contents/drink.html,2026-08-11,True,True,,,,,,,매장별 확인,,
이디야,(L) HOT 캐모마일,음료,7.0,0.0,0.0,0.0,7.0,,https://ediya.com/contents/drink.html,2026-08-11,True,False,,,,,,,매장별 확인,,
이디야,(EX) ICED 카페 모카,음료,393.0,8.0,15.0,36.0,208.0,우유|대두,https://ediya.com/contents/drink.html,2026-08-11,True,True,,,,,,,매장별 확인,,
이디야,(L) HOT 헤이즐넛 아메리카노,음료,150.0,1.0,2.0,23.0,170.0,우유,https://ediya.com/contents/drink.html,2026-08-11,True,True,,,,,,,매장별 확인,,
이디야,(EX) HOT 화이트 초콜릿 모카,음료,601.0,14.0,19.0,74.0,291.0,우유|대두,https://ediya.com/contents/drink.html,2026-08-11,True,True,,,,,,,매장별 확인,,
이디야,(L) ICED 캐모마일,음료,7.0,0.0,0.0,0.0,7.0,,https://ediya.com/contents/drink.html,2026-08-11,True,False,,,,,,,매장별 확인,,
이디야,(L) HOT 시그니처 라떼,음료,486.0,8.0,35.0,13.0,231.0,우유,https://ediya.com/contents/drink.html,2026-08-11,True,True,,,,,,,매장별 확인,,
이디야,(EX) 블루베리 요거트 플랫치노,음료,782.0,7.0,5.0,98.0,109.0,우유|대두,https://ediya.com/contents/drink.html,2026-08-11,True,True,,,,,,,매장별 확인,,
이디야,(L) ICED 화이트 초콜릿 모카,음료,381.0,6.0,14.0,47.0,157.0,우유|대두,https://ediya.com/contents/drink.html,2026-08-11,True,True,,,,,,,매장별 확인,,
이디야,(EX) ICED 배모과차,음료,263.0,0.0,0.0,59.0,22.0,,https://ediya.com/contents/drink.html,2026-08-11,True,False,,,,,,,매장별 확인,,
이디야,(EX) 망고 플랫치노,음료,517.0,0.0,0.0,129.0,15.0,,https://ediya.com/contents/drink.html,2026-08-11,True,False,,,,,,,매장별 확인,,
이디야,(EX) HOT 캐모마일,음료,15.0,1.0,0.0,0.0,14.0,,https://ediya.com/contents/drink.html,2026-08-11,True,False,,,,,,,매장별 확인,,
이디야,(EX) HOT 시그니처 라떼,음료,711.0,11.0,51.0,19.0,336.0,우유,https://ediya.com/contents/drink.html,2026-08-11,True,True,,,,,,,매장별 확인,,
이디야,(EX) ICED 화이트 초콜릿 모카,음료,484.0,8.0,15.0,65.0,201.0,우유|대두,https://ediya.com/contents/drink.html,2026-08-11,True,True,,,,,,,매장별 확인,,
이디야,(EX) HOT 제로슈가 달달커피,음료,227.0,2.0,15.0,0.0,55.0,우유,https://ediya.com/contents/drink.html,2026-08-11,True,True,,,,,,,매장별 확인,,
이디야,(EX) ICED 캐모마일,음료,15.0,1.0,0.0,0.0,14.0,,https://ediya.com/contents/drink.html,2026-08-11,True,False,,,,,,,매장별 확인,,
이디야,(EX) 꿀복숭아 플랫치노,음료,460.0,0.0,0.0,98.0,42.0,복숭아,https://ediya.com/contents/drink.html,2026-08-11,True,True,,,,,,,매장별 확인,,
이디야,(L) 흑당 콜드브루,음료,306.0,6.0,4.0,45.0,109.0,우유|아황산류,https://ediya.com/contents/drink.html,2026-08-11,True,True,,,,,,,매장별 확인,,
이디야,(L) ICED 시그니처 라떼,음료,370.0,6.0,27.0,9.0,171.0,우유,https://ediya.com/contents/drink.html,2026-08-11,True,True,,,,,,,매장별 확인,,
이디야,(L) 블루베리바나나주스,음료,353.0,9.0,5.0,51.0,118.0,우유|대두,https://ediya.com/contents/drink.html,2026-08-11,True,True,,,,,,,매장별 확인,,
이디야,아포가토 오리지널,음료,150.0,3.0,5.0,13.0,43.0,우유,https://ediya.com/contents/drink.html,2026-08-11,True,True,,,,,,,매장별 확인,,
이디야,(L) ICED 민트 모카,음료,368.0,7.0,14.0,38.0,159.0,우유|대두,https://ediya.com/contents/drink.html,2026-08-11,True,True,,,,,,,매장별 확인,,
이디야,(EX) ICED 생강차,음료,339.0,1.0,0.0,72.0,25.0,,https://ediya.com/contents/drink.html,2026-08-11,True,False,,,,,,,매장별 확인,,
이디야,(EX) 딸기 쉐이크,음료,668.0,9.0,28.0,73.0,634.0,우유|대두,https://ediya.com/contents/drink.html,2026-08-11,True,True,,,,,,,매장별 확인,,
이디야,(L) 레몬 아이스티,음료,238.0,0.0,0.0,58.0,21.0,대두,https://ediya.com/contents/drink.html,2026-08-11,True,True,,,,,,,매장별 확인,,
이디야,(L) HOT 민트 모카,음료,435.0,11.0,17.0,43.0,207.0,우유|대두,https://ediya.com/contents/drink.html,2026-08-11,True,True,,,,,,,매장별 확인,,
이디야,(L) 초코쿠키 쉐이크,음료,483.0,8.0,21.0,39.0,479.0,우유|대두|밀,https://ediya.com/contents/drink.html,2026-08-11,True,True,,,,,,,매장별 확인,,
이디야,(EX) 레몬 아이스티,음료,317.0,0.0,0.0,77.0,28.0,대두,https://ediya.com/contents/drink.html,2026-08-11,True,True,,,,,,,매장별 확인,,
이디야,(L) HOT 페퍼민트,음료,7.0,0.0,0.0,0.0,3.0,,https://ediya.com/contents/drink.html,2026-08-11,True,False,,,,,,,매장별 확인,,
이디야,(L) HOT 생강차,음료,241.0,0.0,0.0,51.0,19.0,,https://ediya.com/contents/drink.html,2026-08-11,True,False,,,,,,,매장별 확인,,
이디야,(EX) ICED 시그니처 라떼,음료,505.0,8.0,36.0,13.0,234.0,우유,https://ediya.com/contents/drink.html,2026-08-11,True,True,,,,,,,매장별 확인,,
이디야,(L) HOT 유자차,음료,223.0,0.0,0.0,46.0,5.0,,https://ediya.com/contents/drink.html,2026-08-11,True,False,,,,,,,매장별 확인,,
이디야,(EX) 흑당 콜드브루,음료,424.0,8.0,5.0,63.0,148.0,우유|아황산류,https://ediya.com/contents/drink.html,2026-08-11,True,True,,,,,,,매장별 확인,,
이디야,(L) ICED 페퍼민트,음료,7.0,0.0,0.0,0.0,3.0,,https://ediya.com/contents/drink.html,2026-08-11,True,False,,,,,,,매장별 확인,,
이디야,(EX) ICED 유자차,음료,315.0,1.0,0.0,66.0,7.0,,https://ediya.com/contents/drink.html,2026-08-11,True,False,,,,,,,매장별 확인,,
이디야,(EX) 머스캣 모히또 에이드,음료,249.0,0.0,0.0,60.0,13.0,,https://ediya.com/contents/drink.html,2026-08-11,True,True,,,,,,,매장별 확인,,
이디야,비타민 주스 애플망고,음료,136.0,0.0,0.0,31.0,10.0,,https://ediya.com/contents/drink.html,2026-08-11,True,False,,,,,,,매장별 확인,,
이디야,비타민 주스 믹스베리,음료,125.0,0.5,0.0,28.0,10.0,,https://ediya.com/contents/drink.html,2026-08-11,True,False,,,,,,,매장별 확인,,
이디야,(L) 토피넛 플랫치노,음료,397.0,7.0,11.0,46.0,151.0,우유|대두|밀,https://ediya.com/contents/drink.html,2026-08-11,True,True,,,,,,,매장별 확인,,
이디야,(L) 딸기주스,음료,199.0,1.0,0.0,48.0,10.0,,https://ediya.com/contents/drink.html,2026-08-11,True,False,,,,,,,매장별 확인,,
이디야,(EX) 사과당근클렌즈주스,음료,164.0,1.0,0.0,28.0,69.0,,https://ediya.com/contents/drink.html,2026-08-11,True,False,,,,,,,매장별 확인,,
이디야,(EX) 연유 콜드브루,음료,450.0,13.0,8.0,60.0,189.0,우유|대두,https://ediya.com/contents/drink.html,2026-08-11,True,True,,,,,,,매장별 확인,,
이디야,(L) 망고바나나주스,음료,436.0,9.0,5.0,73.0,116.0,우유,https://ediya.com/contents/drink.html,2026-08-11,True,True,,,,,,,매장별 확인,,
이디야,(EX) HOT 민트 모카,음료,590.0,16.0,20.0,62.0,295.0,우유|대두,https://ediya.com/contents/drink.html,2026-08-11,True,True,,,,,,,매장별 확인,,
이디야,(EX) HOT 헤이즐넛 아메리카노,음료,233.0,3.0,3.0,35.0,256.0,우유,https://ediya.com/contents/drink.html,2026-08-11,True,True,,,,,,,매장별 확인,,
이디야,(EX) HOT 얼그레이,음료,16.0,1.0,0.0,0.0,0.0,복숭아,https://ediya.com/contents/drink.html,2026-08-11,True,True,,,,,,,매장별 확인,,
이디야,(EX) 초콜릿 칩 플랫치노,음료,621.0,10.0,20.0,73.0,271.0,우유|대두,https://ediya.com/contents/drink.html,2026-08-11,True,True,,,,,,,매장별 확인,,
이디야,(EX) 에스프레소 쉐이크,음료,582.0,9.0,28.0,50.0,617.0,우유|대두,https://ediya.com/contents/drink.html,2026-08-11,True,True,,,,,,,매장별 확인,,
이디야,(EX) HOT 레몬차,음료,323.0,0.0,0.0,65.0,14.0,,https://ediya.com/contents/drink.html,2026-08-11,True,False,,,,,,,매장별 확인,,
이디야,(L) HOT 고구마 라떼,음료,344.0,11.0,8.0,40.0,214.0,우유,https://ediya.com/contents/drink.html,2026-08-11,True,True,,,,,,,매장별 확인,,
이디야,(EX) 콜드브루,음료,15.0,1.0,0.0,0.0,6.0,,https://ediya.com/contents/drink.html,2026-08-11,True,False,,,,,,,매장별 확인,,
이디야,(L) ICED 토피넛 라떼,음료,270.0,8.0,9.0,24.0,151.0,우유|대두|밀,https://ediya.com/contents/drink.html,2026-08-11,True,True,,,,,,,매장별 확인,,
이디야,(L) 샹그리아 에이드,음료,169.0,0.0,0.0,35.0,14.0,,https://ediya.com/contents/drink.html,2026-08-11,True,False,,,,,,,매장별 확인,,
이디야,(L) 민트 초콜릿칩 플랫치노,음료,580.0,9.0,20.0,73.0,199.0,우유|대두,https://ediya.com/contents/drink.html,2026-08-11,True,True,,,,,,,매장별 확인,,
이디야,(L) ICED 카페 라떼,음료,137.0,6.0,5.0,10.0,98.0,우유,https://ediya.com/contents/drink.html,2026-08-11,True,True,,,,,,,매장별 확인,,
이디야,(EX) 초코쿠키 쉐이크,음료,706.0,11.0,31.0,57.0,705.0,우유|대두|밀,https://ediya.com/contents/drink.html,2026-08-11,True,True,,,,,,,매장별 확인,,
이디야,(L) 초콜릿 칩 플랫치노,음료,505.0,8.0,19.0,56.0,197.0,우유|대두,https://ediya.com/contents/drink.html,2026-08-11,True,True,,,,,,,매장별 확인,,
이디야,(EX) ICED 토피넛 라떼,음료,376.0,11.0,12.0,34.0,204.0,우유|대두|밀,https://ediya.com/contents/drink.html,2026-08-11,True,True,,,,,,,매장별 확인,,
이디야,(EX) ICED 제로슈가 달달커피,음료,227.0,2.0,15.0,0.0,55.0,우유,https://ediya.com/contents/drink.html,2026-08-11,True,True,,,,,,,매장별 확인,,
이디야,(EX) HOT 생강차,음료,339.0,1.0,0.0,72.0,25.0,,https://ediya.com/contents/drink.html,2026-08-11,True,False,,,,,,,매장별 확인,,
이디야,(EX) ICED 복분자 뱅쇼,음료,295.0,0.0,0.0,57.0,23.0,,https://ediya.com/contents/drink.html,2026-08-11,True,False,,,,,,,매장별 확인,,
이디야,(EX) HOT 카페 라떼,음료,311.0,15.0,10.0,22.0,223.0,우유,https://ediya.com/contents/drink.html,2026-08-11,True,True,,,,,,,매장별 확인,,
이디야,(L) HOT 카푸치노,음료,141.0,6.0,5.0,10.0,99.0,우유,https://ediya.com/contents/drink.html,2026-08-11,True,True,,,,,,,매장별 확인,,
이디야,(L) ICED 흑당 라떼,음료,315.0,6.0,5.0,46.0,121.0,우유|아황산류,https://ediya.com/contents/drink.html,2026-08-11,True,True,,,,,,,매장별 확인,,
이디야,(L) HOT 카페 라떼,음료,210.0,10.0,7.0,15.0,155.0,우유,https://ediya.com/contents/drink.html,2026-08-11,True,True,,,,,,,매장별 확인,,
이디야,(EX) 민트 초콜릿칩 플랫치노,음료,738.0,12.0,21.0,100.0,272.0,우유|대두,https://ediya.com/contents/drink.html,2026-08-11,True,True,,,,,,,매장별 확인,,
이디야,(EX) HOT 쌍화차,음료,318.0,1.0,0.0,46.0,214.0,,https://ediya.com/contents/drink.html,2026-08-11,True,False,,,,,,,매장별 확인,,
이디야,(EX) HOT 카푸치노,음료,203.0,9.0,7.0,14.0,144.0,우유,https://ediya.com/contents/drink.html,2026-08-11,True,True,,,,,,,매장별 확인,,
이디야,(EX) HOT 페퍼민트,음료,15.0,1.0,0.0,0.0,6.0,,https://ediya.com/contents/drink.html,2026-08-11,True,False,,,,,,,매장별 확인,,
이디야,(EX) ICED 흑당 라떼,음료,430.0,8.0,6.0,65.0,157.0,우유|아황산류,https://ediya.com/contents/drink.html,2026-08-11,True,True,,,,,,,매장별 확인,,
이디야,(L) ICED 제로슈가 아샷추 복숭아,음료,40.0,1.0,0.0,0.0,1.0,복숭아,https://ediya.com/contents/drink.html,2026-08-11,True,True,,,,,,,매장별 확인,,
이디야,(L) ICED 제로슈가 달달커피,음료,151.0,1.0,10.0,0.0,36.0,우유,https://ediya.com/contents/drink.html,2026-08-11,True,True,,,,,,,매장별 확인,,
이디야,(EX) ICED 민트 모카,음료,470.0,10.0,15.0,52.0,203.0,우유|대두,https://ediya.com/contents/drink.html,2026-08-11,True,True,,,,,,,매장별 확인,,
이디야,(L) ICED 버블 흑당 라떼,음료,416.0,6.0,4.0,50.0,121.0,우유|아황산류,https://ediya.com/contents/drink.html,2026-08-11,True,True,,,,,,,매장별 확인,,
이디야,(L) HOT 연유 카페 라떼,음료,374.0,12.0,8.0,45.0,176.0,우유|대두,https://ediya.com/contents/drink.html,2026-08-11,True,True,,,,,,,매장별 확인,,
이디야,(L) HOT 복분자 뱅쇼,음료,228.0,0.0,0.0,43.0,18.0,,https://ediya.com/contents/drink.html,2026-08-11,True,False,,,,,,,매장별 확인,,
이디야,(L) 키위케일샐러리클렌즈주스,음료,139.0,0.0,0.0,31.0,14.0,,https://ediya.com/contents/drink.html,2026-08-11,True,False,,,,,,,매장별 확인,,
이디야,(EX) ICED 카페 아메리카노,음료,24.0,1.0,0.0,0.0,0.0,,https://ediya.com/contents/drink.html,2026-08-11,True,False,,,,,,,매장별 확인,,
이디야,(L) HOT 얼그레이,음료,8.0,1.0,0.0,0.0,0.0,복숭아,https://ediya.com/contents/drink.html,2026-08-11,True,True,,,,,,,매장별 확인,,
이디야,(L) 자몽 포멜로 에이드,음료,199.0,1.0,0.0,44.0,14.0,대두,https://ediya.com/contents/drink.html,2026-08-11,True,True,,,,,,,매장별 확인,,
이디야,(EX) ICED 버블 흑당 라떼,음료,652.0,8.0,5.0,73.0,172.0,우유|아황산류,https://ediya.com/contents/drink.html,2026-08-11,True,True,,,,,,,매장별 확인,,
이디야,(EX) ICED 얼그레이,음료,16.0,1.0,0.0,0.0,0.0,복숭아,https://ediya.com/contents/drink.html,2026-08-11,True,True,,,,,,,매장별 확인,,
이디야,(L) 사과당근클렌즈주스,음료,123.0,0.0,0.0,21.0,52.0,,https://ediya.com/contents/drink.html,2026-08-11,True,False,,,,,,,매장별 확인,,
이디야,(EX) 감귤 레몬 에이드,음료,244.0,1.0,0.0,51.0,57.0,복숭아,https://ediya.com/contents/drink.html,2026-08-11,True,True,,,,,,,매장별 확인,,
이디야,(EX) 블루베리바나나주스,음료,508.0,12.0,7.0,76.0,160.0,우유|대두,https://ediya.com/contents/drink.html,2026-08-11,True,True,,,,,,,매장별 확인,,
이디야,(EX) HOT 자몽차,음료,321.0,1.0,0.0,67.0,7.0,,https://ediya.com/contents/drink.html,2026-08-11,True,False,,,,,,,매장별 확인,,
이디야,(EX) ICED 로열 밀크티,음료,346.0,8.0,6.0,52.0,135.0,우유,https://ediya.com/contents/drink.html,2026-08-11,True,True,,,,,,,매장별 확인,,
이디야,(EX) 샹그리아 에이드,음료,263.0,0.0,0.0,56.0,20.0,,https://ediya.com/contents/drink.html,2026-08-11,True,False,,,,,,,매장별 확인,,
이디야,(EX) 망고바나나주스,음료,574.0,12.0,7.0,95.0,158.0,우유,https://ediya.com/contents/drink.html,2026-08-11,True,True,,,,,,,매장별 확인,,
이디야,(L) 딸기 듬뿍 라떼,음료,262.0,6.0,4.0,44.0,88.0,우유,https://ediya.com/contents/drink.html,2026-08-11,True,True,,,,,,,매장별 확인,,
이디야,(EX) 아샷추 복숭아,음료,334.0,0.0,0.0,78.0,24.0,복숭아,https://ediya.com/contents/drink.html,2026-08-11,True,True,,,,,,,매장별 확인,,
이디야,(EX) 딸기 듬뿍 라떼,음료,354.0,7.0,5.0,61.0,114.0,우유,https://ediya.com/contents/drink.html,2026-08-11,True,True,,,,,,,매장별 확인,,
이디야,(EX) ICED 카페 라떼,음료,175.0,8.0,6.0,12.0,124.0,우유,https://ediya.com/contents/drink.html,2026-08-11,True,True,,,,,,,매장별 확인,,
이디야,(L) ICED 로열 밀크티,음료,250.0,6.0,5.0,36.0,105.0,우유,https://ediya.com/contents/drink.html,2026-08-11,True,True,,,,,,,매장별 확인,,
이디야,(EX) ICED 페퍼민트,음료,15.0,1.0,0.0,0.0,6.0,,https://ediya.com/contents/drink.html,2026-08-11,True,False,,,,,,,매장별 확인,,
이디야,(L) ICED 복분자 뱅쇼,음료,228.0,0.0,0.0,43.0,18.0,,https://ediya.com/contents/drink.html,2026-08-11,True,False,,,,,,,매장별 확인,,
이디야,(L) 망고주스,음료,302.0,2.0,0.0,68.0,3.0,,https://ediya.com/contents/drink.html,2026-08-11,True,False,,,,,,,매장별 확인,,
이디야,(컵)소프트 아이스크림,음료,224.0,4.0,6.0,16.0,70.0,계란|우유,https://ediya.com/contents/drink.html,2026-08-11,True,True,,,,,,,매장별 확인,,
이디야,(L) ICED 쌍화차,음료,244.0,1.0,0.0,36.0,161.0,,https://ediya.com/contents/drink.html,2026-08-11,True,False,,,,,,,매장별 확인,,
이디야,(EX) ICED 쌍화차,음료,318.0,1.0,0.0,46.0,214.0,,https://ediya.com/contents/drink.html,2026-08-11,True,False,,,,,,,매장별 확인,,
이디야,(L) ICED 달달커피,음료,278.0,1.0,6.0,27.0,8.0,우유,https://ediya.com/contents/drink.html,2026-08-11,True,True,,,,,,,매장별 확인,,
이디야,(L) 머스캣 모히또 에이드,음료,159.0,0.0,0.0,38.0,9.0,,https://ediya.com/contents/drink.html,2026-08-11,True,True,,,,,,,매장별 확인,,
이디야,(L) 감귤 레몬 에이드,음료,156.0,0.0,0.0,32.0,38.0,복숭아,https://ediya.com/contents/drink.html,2026-08-11,True,True,,,,,,,매장별 확인,,
이디야,(EX) ICED 레몬차,음료,323.0,0.0,0.0,65.0,14.0,,https://ediya.com/contents/drink.html,2026-08-11,True,False,,,,,,,매장별 확인,,
이디야,(L) 유자몽 플랫치노,음료,325.0,1.0,0.0,71.0,15.0,,https://ediya.com/contents/drink.html,2026-08-11,True,False,,,,,,,매장별 확인,,
이디야,(L) 아이스크림 카페라떼,음료,318.0,8.0,8.0,31.0,127.0,계란|우유,https://ediya.com/contents/drink.html,2026-08-11,True,True,,,,,,,매장별 확인,,
이디야,(EX) 토피넛 플랫치노,음료,577.0,10.0,16.0,67.0,213.0,우유|대두|밀,https://ediya.com/contents/drink.html,2026-08-11,True,True,,,,,,,매장별 확인,,
이디야,(L) ICED 생강차,음료,241.0,0.0,0.0,51.0,19.0,,https://ediya.com/contents/drink.html,2026-08-11,True,False,,,,,,,매장별 확인,,
이디야,(L) 콜드브루 라떼,음료,156.0,7.0,5.0,11.0,117.0,우유,https://ediya.com/contents/drink.html,2026-08-11,True,True,,,,,,,매장별 확인,,
이디야,(EX) 망고주스,음료,460.0,2.0,0.0,106.0,6.0,,https://ediya.com/contents/drink.html,2026-08-11,True,False,,,,,,,매장별 확인,,
이디야,(L) HOT 로열 밀크티,음료,325.0,10.0,7.0,42.0,163.0,우유,https://ediya.com/contents/drink.html,2026-08-11,True,True,,,,,,,매장별 확인,,
이디야,(EX) HOT 미숫가루 라떼,음료,524.0,19.0,12.0,31.0,357.0,우유|대두|밀,https://ediya.com/contents/drink.html,2026-08-11,True,True,,,,,,,매장별 확인,,
이디야,이디야 콤부차 복숭아 망고,음료,142.0,0.0,0.0,32.0,0.0,복숭아,https://ediya.com/contents/drink.html,2026-08-11,True,True,,,,,,,매장별 확인,,
이디야,(L) ICED 카푸치노,음료,140.0,6.0,5.0,10.0,98.0,우유,https://ediya.com/contents/drink.html,2026-08-11,True,True,,,,,,,매장별 확인,,
이디야,(L) ICED 카페 아메리카노,음료,11.0,0.0,0.0,0.0,0.0,,https://ediya.com/contents/drink.html,2026-08-11,True,True,,,,,,,매장별 확인,,
이디야,(L) 연유 콜드브루,음료,313.0,9.0,6.0,41.0,136.0,우유|대두,https://ediya.com/contents/drink.html,2026-08-11,True,True,,,,,,,매장별 확인,,
이디야,(EX) HOT 유자차,음료,315.0,1.0,0.0,66.0,7.0,,https://ediya.com/contents/drink.html,2026-08-11,True,False,,,,,,,매장별 확인,,
이디야,(EX) HOT 로열 밀크티,음료,476.0,14.0,11.0,62.0,235.0,우유,https://ediya.com/contents/drink.html,2026-08-11,True,True,,,,,,,매장별 확인,,
이디야,(EX) 딸기주스,음료,332.0,1.0,0.0,80.0,16.0,,https://ediya.com/contents/drink.html,2026-08-11,True,False,,,,,,,매장별 확인,,
이디야,이디야 콤부차 청포도 레몬,음료,142.0,3.0,0.0,32.0,0.0,,https://ediya.com/contents/drink.html,2026-08-11,True,False,,,,,,,매장별 확인,,
이디야,(L) HOT 배모과차,음료,184.0,0.0,0.0,41.0,16.0,,https://ediya.com/contents/drink.html,2026-08-11,True,False,,,,,,,매장별 확인,,
이디야,(EX) 키위케일샐러리클렌즈주스,음료,185.0,0.0,0.0,41.0,19.0,,https://ediya.com/contents/drink.html,2026-08-11,True,False,,,,,,,매장별 확인,,
이디야,(L) 아샷추 복숭아,음료,252.0,0.0,0.0,59.0,18.0,복숭아,https://ediya.com/contents/drink.html,2026-08-11,True,True,,,,,,,매장별 확인,,
이디야,(L) ICED 유자차,음료,223.0,0.0,0.0,46.0,5.0,,https://ediya.com/contents/drink.html,2026-08-11,True,False,,,,,,,매장별 확인,,
이디야,(L) 복숭아 아이스티,음료,247.0,0.0,0.0,59.0,18.0,복숭아,https://ediya.com/contents/drink.html,2026-08-11,True,True,,,,,,,매장별 확인,,
이디야,이디야키즈 뽀로로 오렌지,음료,45.0,0.0,0.0,9.0,10.0,,https://ediya.com/contents/drink.html,2026-08-11,True,False,,,,,,,매장별 확인,,
이디야,팝핑캔디,음료,33.0,0.0,0.0,8.0,1.0,우유,https://ediya.com/contents/drink.html,2026-08-11,True,True,,,,,,,매장별 확인,,
이디야,초코쿠키 아이스크림,음료,278.0,4.0,7.0,22.0,101.0,계란|우유|대두|밀,https://ediya.com/contents/drink.html,2026-08-11,True,True,,,,,,,매장별 확인,,
이디야,(L) HOT 레몬차,음료,229.0,0.0,0.0,46.0,10.0,,https://ediya.com/contents/drink.html,2026-08-11,True,False,,,,,,,매장별 확인,,
이디야,이디야키즈 뽀로로 사과매실,음료,45.0,0.0,0.0,9.0,15.0,,https://ediya.com/contents/drink.html,2026-08-11,True,False,,,,,,,매장별 확인,,
이디야,(L) 아망추 복숭아,음료,247.0,0.0,0.0,59.0,18.0,복숭아,https://ediya.com/contents/drink.html,2026-08-11,True,True,,,,,,,매장별 확인,,
이디야,(EX) 꿀복숭아 에이드,음료,288.0,1.0,0.0,62.0,24.0,복숭아,https://ediya.com/contents/drink.html,2026-08-11,True,True,,,,,,,매장별 확인,,
이디야,(EX) ICED 카푸치노,음료,186.0,9.0,6.0,12.0,124.0,우유,https://ediya.com/contents/drink.html,2026-08-11,True,True,,,,,,,매장별 확인,,
이디야,(L) HOT 쌍화차,음료,244.0,1.0,0.0,36.0,161.0,,https://ediya.com/contents/drink.html,2026-08-11,True,False,,,,,,,매장별 확인,,
이디야,(EX) 콜드브루 라떼,음료,214.0,10.0,7.0,15.0,160.0,우유,https://ediya.com/contents/drink.html,2026-08-11,True,True,,,,,,,매장별 확인,,
이디야,(EX) HOT 화이트 초콜릿,음료,634.0,15.0,21.0,79.0,335.0,우유|대두,https://ediya.com/contents/drink.html,2026-08-11,True,True,,,,,,,매장별 확인,,
이디야,이디야 감귤&한라봉 주스,음료,108.0,2.0,0.3,22.0,12.0,복숭아,https://ediya.com/contents/drink.html,2026-08-11,True,True,,,,,,,매장별 확인,,
이디야,이디야키즈 뽀로로 포도블루베리,음료,45.0,0.0,0.0,9.0,10.0,,https://ediya.com/contents/drink.html,2026-08-11,True,False,,,,,,,매장별 확인,,
이디야,냉동 바나나,음료,43.0,1.0,0.0,7.0,0.0,,https://ediya.com/contents/drink.html,2026-08-11,True,False,,,,,,,매장별 확인,,
이디야,(EX) ICED 달달커피,음료,471.0,2.0,9.0,41.0,13.0,우유,https://ediya.com/contents/drink.html,2026-08-11,True,True,,,,,,,매장별 확인,,
이디야,(L) HOT 초콜릿,음료,438.0,11.0,18.0,40.0,249.0,우유|대두,https://ediya.com/contents/drink.html,2026-08-11,True,True,,,,,,,매장별 확인,,
이디야,(EX) 유자몽 플랫치노,음료,500.0,1.0,0.0,109.0,22.0,,https://ediya.com/contents/drink.html,2026-08-11,True,False,,,,,,,매장별 확인,,
이디야,냉동 자몽,음료,29.0,0.0,0.0,4.0,0.0,,https://ediya.com/contents/drink.html,2026-08-11,True,False,,,,,,,매장별 확인,,
이디야,(L) ICED 레몬차,음료,229.0,0.0,0.0,46.0,10.0,,https://ediya.com/contents/drink.html,2026-08-11,True,False,,,,,,,매장별 확인,,
이디야,아몬드슬라이스,음료,59.0,3.0,0.0,0.0,0.0,,https://ediya.com/contents/drink.html,2026-08-11,True,False,,,,,,,매장별 확인,,
이디야,냉동망고,음료,52.0,1.0,0.0,11.0,0.0,,https://ediya.com/contents/drink.html,2026-08-11,True,False,,,,,,,매장별 확인,,
이디야,사양꿀,음료,49.0,0.0,0.0,8.0,0.0,,https://ediya.com/contents/drink.html,2026-08-11,True,False,,,,,,,매장별 확인,,
이디야,딸기 과육,음료,34.0,0.0,0.0,8.0,1.0,,https://ediya.com/contents/drink.html,2026-08-11,True,False,,,,,,,매장별 확인,,
이디야,(L) 아이스크림 딸기 라떼,음료,402.0,8.0,8.0,54.0,129.0,계란|우유,https://ediya.com/contents/drink.html,2026-08-11,True,True,,,,,,,매장별 확인,,
이디야,(L) ICED 초콜릿,음료,378.0,8.0,16.0,35.0,203.0,우유|대두,https://ediya.com/contents/drink.html,2026-08-11,True,True,,,,,,,매장별 확인,,
이디야,(EX) ICED 화이트 초콜릿,음료,518.0,10.0,17.0,70.0,245.0,우유|대두,https://ediya.com/contents/drink.html,2026-08-11,True,True,,,,,,,매장별 확인,,
이디야,(L) HOT 토피넛 라떼,음료,343.0,12.0,12.0,30.0,208.0,우유|대두|밀,https://ediya.com/contents/drink.html,2026-08-11,True,True,,,,,,,매장별 확인,,
이디야,연유,음료,49.0,1.0,0.0,8.0,11.0,우유|대두,https://ediya.com/contents/drink.html,2026-08-11,True,True,,,,,,,매장별 확인,,
이디야,이디야 콤부차 석류애플라임,음료,126.0,0.0,0.0,28.0,0.0,,https://ediya.com/contents/drink.html,2026-08-11,True,False,,,,,,,매장별 확인,,
이디야,카라멜 소스,음료,30.0,0.0,0.0,7.0,40.0,우유|대두,https://ediya.com/contents/drink.html,2026-08-11,True,True,,,,,,,매장별 확인,,
이디야,(EX) 아망추 복숭아,음료,329.0,0.0,0.0,78.0,24.0,복숭아,https://ediya.com/contents/drink.html,2026-08-11,True,True,,,,,,,매장별 확인,,
이디야,(EX) ICED 제로슈가 아샷추 복숭아,음료,60.0,1.0,0.0,0.0,1.0,복숭아,https://ediya.com/contents/drink.html,2026-08-11,True,True,,,,,,,매장별 확인,,
이디야,(L) HOT 달달커피,음료,278.0,1.0,6.0,27.0,8.0,우유,https://ediya.com/contents/drink.html,2026-08-11,True,True,,,,,,,매장별 확인,,
이디야,(L) HOT 화이트 초콜릿,음료,465.0,10.0,18.0,55.0,233.0,우유|대두,https://ediya.com/contents/drink.html,2026-08-11,True,True,,,,,,,매장별 확인,,
이디야,(L) ICED 달고나 라떼,음료,349.0,7.0,5.0,51.0,159.0,우유,https://ediya.com/contents/drink.html,2026-08-11,True,True,,,,,,,매장별 확인,,
이디야,블루베리 시럽,음료,41.0,0.0,0.0,9.0,0.0,우유|대두,https://ediya.com/contents/drink.html,2026-08-11,True,True,,,,,,,매장별 확인,,
이디야,(EX) ICED 미숫가루 라떼,음료,427.0,14.0,8.0,23.0,281.0,우유|대두|밀,https://ediya.com/contents/drink.html,2026-08-11,True,True,,,,,,,매장별 확인,,
이디야,냉동블루베리,음료,7.0,0.0,0.0,1.0,1.0,,https://ediya.com/contents/drink.html,2026-08-11,True,False,,,,,,,매장별 확인,,
이디야,초코 시럽,음료,27.0,0.0,0.0,5.0,8.0,,https://ediya.com/contents/drink.html,2026-08-11,True,False,,,,,,,매장별 확인,,
이디야,그래놀라,음료,60.0,1.0,2.0,2.0,10.0,,https://ediya.com/contents/drink.html,2026-08-11,True,False,,,,,,,매장별 확인,,
이디야,(EX) 블루베리주스,음료,438.0,11.0,7.0,64.0,166.0,우유|대두,https://ediya.com/contents/drink.html,2026-08-11,True,True,,,,,,,매장별 확인,,
이디야,(EX) HOT 고구마 라떼,음료,505.0,15.0,11.0,58.0,312.0,우유,https://ediya.com/contents/drink.html,2026-08-11,True,True,,,,,,,매장별 확인,,
이디야,(EX) HOT 초콜릿,음료,578.0,16.0,21.0,54.0,351.0,우유|대두,https://ediya.com/contents/drink.html,2026-08-11,True,True,,,,,,,매장별 확인,,
이디야,딸기쿠키 아이스크림,음료,271.0,4.0,6.0,23.0,86.0,계란|우유|대두|밀,https://ediya.com/contents/drink.html,2026-08-11,True,True,,,,,,,매장별 확인,,
이디야,브라운쿠키크럼블,음료,57.0,1.0,1.0,3.0,30.0,대두|밀|땅콩,https://ediya.com/contents/drink.html,2026-08-11,True,True,,,,,,,매장별 확인,,
이디야,멜로우 초코,음료,287.0,7.0,2.0,48.0,103.0,우유|대두|밀|돼지고기,https://ediya.com/contents/drink.html,2026-08-11,True,True,,,,,,,매장별 확인,,
이디야,치즈케익큐브,음료,53.0,1.0,2.0,3.0,48.0,계란|우유|돼지고기,https://ediya.com/contents/drink.html,2026-08-11,True,True,,,,,,,매장별 확인,,
이디야,(EX) HOT 복분자 뱅쇼,음료,295.0,0.0,0.0,57.0,23.0,,https://ediya.com/contents/drink.html,2026-08-11,True,False,,,,,,,매장별 확인,,
이디야,이디야 사과주스,음료,115.0,0.0,0.0,27.0,20.0,,https://ediya.com/contents/drink.html,2026-08-11,True,False,,,,,,,매장별 확인,,
이디야,(EX) HOT 토피넛 라떼,음료,504.0,17.0,17.0,44.0,303.0,우유|대두|밀,https://ediya.com/contents/drink.html,2026-08-11,True,True,,,,,,,매장별 확인,,
이디야,(L) ICED 제로슈가 아이스티 복숭아,음료,35.0,1.0,0.0,0.0,0.0,복숭아,https://ediya.com/contents/drink.html,2026-08-11,True,True,,,,,,,매장별 확인,,
이디야,인절미,음료,92.0,2.0,0.0,2.0,93.0,대두,https://ediya.com/contents/drink.html,2026-08-11,True,True,,,,,,,매장별 확인,,
이디야,(L) 블루베리주스,음료,299.0,8.0,5.0,42.0,122.0,우유|대두,https://ediya.com/contents/drink.html,2026-08-11,True,True,,,,,,,매장별 확인,,
이디야,(L) ICED 배모과차,음료,184.0,0.0,0.0,41.0,16.0,,https://ediya.com/contents/drink.html,2026-08-11,True,False,,,,,,,매장별 확인,,
이디야,(L) ICED 화이트 초콜릿,음료,403.0,7.0,15.0,50.0,186.0,우유|대두,https://ediya.com/contents/drink.html,2026-08-11,True,True,,,,,,,매장별 확인,,
이디야,(EX) ICED 달고나 라떼,음료,460.0,9.0,7.0,66.0,203.0,우유,https://ediya.com/contents/drink.html,2026-08-11,True,True,,,,,,,매장별 확인,,
이디야,블랙쿠키분태,음료,47.0,1.0,1.0,3.0,29.0,대두|밀,https://ediya.com/contents/drink.html,2026-08-11,True,True,,,,,,,매장별 확인,,
이디야,타피오카펄,음료,121.0,0.0,0.0,5.0,15.0,,https://ediya.com/contents/drink.html,2026-08-11,True,False,,,,,,,매장별 확인,,
이디야,카라멜 크런치,음료,323.0,9.0,1.0,44.0,131.0,우유|대두|밀|땅콩,https://ediya.com/contents/drink.html,2026-08-11,True,True,,,,,,,매장별 확인,,
이디야,(L) 말차 초코 쉐이크,음료,435.0,8.0,11.0,56.0,307.0,우유|대두,https://ediya.com/contents/drink.html,2026-08-11,True,True,,,,,,,매장별 확인,,
이디야,(L) ICED 고구마 라떼,음료,292.0,8.0,6.0,35.0,173.0,우유,https://ediya.com/contents/drink.html,2026-08-11,True,True,,,,,,,매장별 확인,,
이디야,(EX) ICED 초콜릿,음료,464.0,11.0,17.0,45.0,262.0,우유|대두,https://ediya.com/contents/drink.html,2026-08-11,True,True,,,,,,,매장별 확인,,
이디야,복숭아 베이스,음료,43.0,0.0,0.0,9.0,5.0,복숭아,https://ediya.com/contents/drink.html,2026-08-11,True,True,,,,,,,매장별 확인,,
이디야,(EX)자몽 포멜로 에이드,음료,309.0,1.0,0.0,69.0,20.0,대두,https://ediya.com/contents/drink.html,2026-08-11,True,True,,,,,,,매장별 확인,,
이디야,생초콜릿,음료,91.0,1.0,5.0,7.0,3.0,우유|대두,https://ediya.com/contents/drink.html,2026-08-11,True,True,,,,,,,매장별 확인,,
이디야,(L) 콜드브루,음료,10.0,0.0,0.0,0.0,4.0,,https://ediya.com/contents/drink.html,2026-08-11,True,False,,,,,,,매장별 확인,,
이디야,(L) ICED 얼그레이,음료,8.0,1.0,0.0,0.0,0.0,복숭아,https://ediya.com/contents/drink.html,2026-08-11,True,True,,,,,,,매장별 확인,,
이디야,든든 베리 망고,음료,337.0,7.0,2.0,57.0,72.0,우유|대두,https://ediya.com/contents/drink.html,2026-08-11,True,True,,,,,,,매장별 확인,,
이디야,(EX) 딸기 요거트 플랫치노,음료,842.0,7.0,5.0,116.0,119.0,우유,https://ediya.com/contents/drink.html,2026-08-11,True,True,,,,,,,매장별 확인,,
이디야,(EX) 꿀복숭아 요거트 플랫치노,음료,889.0,7.0,5.0,120.0,130.0,우유|복숭아,https://ediya.com/contents/drink.html,2026-08-11,True,True,,,,,,,매장별 확인,,
이디야,(L) 딸기 요거트 플랫치노,음료,534.0,5.0,4.0,69.0,87.0,우유,https://ediya.com/contents/drink.html,2026-08-11,True,True,,,,,,,매장별 확인,,
이디야,꿀인절미 아이스크림,음료,293.0,4.0,6.0,22.0,104.0,계란|우유|대두|밀,https://ediya.com/contents/drink.html,2026-08-11,True,True,,,,,,,매장별 확인,,
이디야,(EX) 딸기바나나주스,음료,501.0,11.0,7.0,82.0,164.0,우유,https://ediya.com/contents/drink.html,2026-08-11,True,True,,,,,,,매장별 확인,,
이디야,(EX) ICED 자몽차,음료,321.0,1.0,0.0,67.0,7.0,,https://ediya.com/contents/drink.html,2026-08-11,True,False,,,,,,,매장별 확인,,
이디야,(EX) 복숭아 아이스티,음료,329.0,0.0,0.0,78.0,24.0,복숭아,https://ediya.com/contents/drink.html,2026-08-11,True,True,,,,,,,매장별 확인,,
이디야,(L) HOT 민트 초콜릿,음료,457.0,12.0,18.0,46.0,236.0,우유|대두,https://ediya.com/contents/drink.html,2026-08-11,True,True,,,,,,,매장별 확인,,
이디야,초코쉘,음료,149.0,1.0,9.0,9.0,13.0,대두,https://ediya.com/contents/drink.html,2026-08-11,True,True,,,,,,,매장별 확인,,
이디야,(EX) HOT 배모과차,음료,263.0,0.0,0.0,59.0,22.0,,https://ediya.com/contents/drink.html,2026-08-11,True,False,,,,,,,매장별 확인,,
이디야,(L) ICED 자몽차,음료,228.0,0.0,0.0,47.0,5.0,,https://ediya.com/contents/drink.html,2026-08-11,True,False,,,,,,,매장별 확인,,
이디야,(L) 꿀복숭아 에이드,음료,185.0,0.0,0.0,39.0,17.0,복숭아,https://ediya.com/contents/drink.html,2026-08-11,True,True,,,,,,,매장별 확인,,
이디야,허니 치즈 그래놀라,음료,339.0,8.0,4.0,46.0,120.0,계란|우유|돼지고기,https://ediya.com/contents/drink.html,2026-08-11,True,True,,,,,,,매장별 확인,,
이디야,(L) 꿀복숭아 요거트 플랫치노,음료,596.0,6.0,4.0,79.0,96.0,우유|복숭아,https://ediya.com/contents/drink.html,2026-08-11,True,True,,,,,,,매장별 확인,,
이디야,(L) 플레인 요거트 플랫치노,음료,443.0,5.0,4.0,46.0,82.0,우유,https://ediya.com/contents/drink.html,2026-08-11,True,True,,,,,,,매장별 확인,,
이디야,팥,음료,85.0,2.0,0.0,13.0,20.0,,https://ediya.com/contents/drink.html,2026-08-11,True,False,,,,,,,매장별 확인,,
이디야,아몬드시리얼,음료,34.0,1.0,0.0,1.0,23.0,대두,https://ediya.com/contents/drink.html,2026-08-11,True,True,,,,,,,매장별 확인,,
이디야,(L) ICED 민트 초콜릿,음료,395.0,9.0,16.0,41.0,188.0,우유|대두,https://ediya.com/contents/drink.html,2026-08-11,True,True,,,,,,,매장별 확인,,
이디야,초콜릿칩,음료,107.0,1.0,5.0,12.0,0.0,우유|대두,https://ediya.com/contents/drink.html,2026-08-11,True,True,,,,,,,매장별 확인,,
이디야,(EX) ICED 제로슈가 아이스티 복숭아,음료,52.0,1.0,0.0,0.0,1.0,복숭아,https://ediya.com/contents/drink.html,2026-08-11,True,True,,,,,,,매장별 확인,,
이디야,(L) ICED 미숫가루 라떼,음료,322.0,11.0,6.0,17.0,212.0,우유|대두|밀,https://ediya.com/contents/drink.html,2026-08-11,True,True,,,,,,,매장별 확인,,
이디야,달고나 분태,음료,44.0,0.0,0.0,9.0,20.0,,https://ediya.com/contents/drink.html,2026-08-11,True,False,,,,,,,매장별 확인,,
이디야,(EX) 밀크 쉐이크,음료,566.0,9.0,28.0,50.0,617.0,우유|대두,https://ediya.com/contents/drink.html,2026-08-11,True,True,,,,,,,매장별 확인,,
이디야,(L) HOT 미숫가루 라떼,음료,372.0,13.0,8.0,21.0,251.0,우유|대두|밀,https://ediya.com/contents/drink.html,2026-08-11,True,True,,,,,,,매장별 확인,,
이디야,(L) 밀크 쉐이크,음료,390.0,6.0,19.0,34.0,421.0,우유|대두,https://ediya.com/contents/drink.html,2026-08-11,True,True,,,,,,,매장별 확인,,
이디야,(L) 꿀복숭아 플랫치노,음료,307.0,0.0,0.0,65.0,28.0,복숭아,https://ediya.com/contents/drink.html,2026-08-11,True,True,,,,,,,매장별 확인,,
이디야,유산균 마시멜로우,음료,16.0,0.0,0.0,3.0,1.0,우유|대두|돼지고기,https://ediya.com/contents/drink.html,2026-08-11,True,True,,,,,,,매장별 확인,,
이디야,(L) 딸기바나나주스,음료,390.0,8.0,6.0,65.0,121.0,우유,https://ediya.com/contents/drink.html,2026-08-11,True,True,,,,,,,매장별 확인,,
이디야,햄 치즈 샌드위치,베이커리,210.0,7.0,4.0,6.0,355.0,계란|우유|대두|밀|돼지고기|닭고기,https://ediya.com/contents/bakery.html,2026-08-11,True,True,,,,,,,매장별 확인,,
이디야,에그 포테이토 샌드위치,베이커리,180.0,4.0,3.0,8.0,235.0,계란|우유|대두|밀,https://ediya.com/contents/bakery.html,2026-08-11,True,True,,,,,,,매장별 확인,,
이디야,딸기 샌드위치,베이커리,194.0,3.0,2.0,17.0,165.0,우유|대두|밀,https://ediya.com/contents/bakery.html,2026-08-11,True,True,,,,,,,매장별 확인,,
이디야,땅콩 샌드위치,베이커리,240.0,6.0,5.0,7.0,230.0,우유|대두|밀|땅콩,https://ediya.com/contents/bakery.html,2026-08-11,True,True,,,,,,,매장별 확인,,
이디야,바스크치즈케이크,베이커리,306.0,6.0,13.0,13.0,170.0,계란|우유|아황산류,https://ediya.com/contents/bakery.html,2026-08-11,True,True,,,,,,,매장별 확인,,
이디야,현미 소불고기볶음밥,베이커리,420.0,16.0,2.0,8.0,830.0,우유|대두|밀|돼지고기|쇠고기|닭고기|토마토,https://ediya.com/contents/bakery.html,2026-08-11,True,True,,,,,,,매장별 확인,,
이디야,크림 퐁듀 김치볶음밥,베이커리,505.0,10.0,5.0,3.0,1115.0,우유|대두|밀|새우|쇠고기|닭고기,https://ediya.com/contents/bakery.html,2026-08-11,True,True,,,,,,,매장별 확인,,
이디야,저당 오리지널 떡볶이,베이커리,494.0,8.0,1.0,2.0,1289.0,우유|대두|밀|돼지고기|쇠고기|닭고기|토마토|아황산류|조개류,https://ediya.com/contents/bakery.html,2026-08-11,True,True,,,,,,,매장별 확인,,
이디야,저당 짜장 떡볶이,베이커리,495.0,9.0,1.0,3.0,1105.0,우유|대두|밀|돼지고기|쇠고기|닭고기|토마토|아황산류|조개류,https://ediya.com/contents/bakery.html,2026-08-11,True,True,,,,,,,매장별 확인,,
이디야,저당 마라로제 떡볶이,베이커리,495.0,11.0,2.0,3.0,1190.0,우유|대두|밀|돼지고기|쇠고기|닭고기|토마토|아황산류|조개류,https://ediya.com/contents/bakery.html,2026-08-11,True,True,,,,,,,매장별 확인,,
이디야,멕시칸타코 베이글칩,베이커리,313.0,6.0,7.0,6.0,400.0,우유|대두|밀|토마토,https://ediya.com/contents/bakery.html,2026-08-11,True,True,,,,,,,매장별 확인,,
이디야,불닭 베이글칩,베이커리,317.0,6.0,7.0,6.0,395.0,우유|대두|밀|닭고기,https://ediya.com/contents/bakery.html,2026-08-11,True,True,,,,,,,매장별 확인,,
이디야,미니말차크런치,베이커리,517.0,4.7,7.0,18.0,115.0,우유|밀,https://ediya.com/contents/bakery.html,2026-08-11,True,True,,,,,,,매장별 확인,,
이디야,미니코코크런치,베이커리,530.0,4.6,10.0,19.0,140.0,우유|대두|밀,https://ediya.com/contents/bakery.html,2026-08-11,True,True,,,,,,,매장별 확인,,
이디야,미니프레첼 볶음양념맛,베이커리,320.0,6.0,5.0,3.0,560.0,우유|대두|밀|새우|쇠고기|닭고기|토마토|오징어|조개류,https://ediya.com/contents/bakery.html,2026-08-11,True,True,,,,,,,매장별 확인,,
이디야,저당 제육 단백 브리또,베이커리,320.0,13.0,3.2,2.4,570.0,우유|대두|밀|돼지고기|쇠고기|조개류,https://ediya.com/contents/bakery.html,2026-08-11,True,True,,,,,,,매장별 확인,,
이디야,저당 찜닭 단백브리또,베이커리,315.0,15.0,2.2,1.0,530.0,계란|우유|대두|밀|쇠고기|닭고기|토마토|아황산류|조개류,https://ediya.com/contents/bakery.html,2026-08-11,True,True,,,,,,,매장별 확인,,
이디야,두쫀쿠,베이커리,181.0,2.0,3.0,8.0,158.0,계란|우유|대두|밀,https://ediya.com/contents/bakery.html,2026-08-11,True,True,,,,,,,매장별 확인,,
이디야,초코프레첼 미니,베이커리,213.0,4.0,5.0,10.0,340.0,우유|대두|밀,https://ediya.com/contents/bakery.html,2026-08-11,True,True,,,,,,,매장별 확인,,
이디야,고구마 말랭이,베이커리,170.0,1.0,0.0,22.0,25.0,,https://ediya.com/contents/bakery.html,2026-08-11,True,False,,,,,,,매장별 확인,,
이디야,떠먹는 티라미수,베이커리,296.0,3.0,10.0,14.0,103.0,계란|우유|대두|밀|돼지고기|쇠고기|아황산류,https://ediya.com/contents/bakery.html,2026-08-11,True,True,,,,,,,매장별 확인,,
이디야,플레인 베이글,베이커리,283.0,11.0,0.5,6.0,290.0,밀,https://ediya.com/contents/bakery.html,2026-08-11,True,True,,,,,,,매장별 확인,,
이디야,버터 팬케이크,베이커리,412.0,6.0,6.0,42.0,225.0,계란|우유|대두|밀,https://ediya.com/contents/bakery.html,2026-08-11,True,True,,,,,,,매장별 확인,,
이디야,초코렛 청크 쿠키,베이커리,360.0,5.0,10.0,23.0,180.0,계란|우유|대두|밀|아황산류,https://ediya.com/contents/bakery.html,2026-08-11,True,True,,,,,,,매장별 확인,,
이디야,화이트초코 마카다미아 쿠키,베이커리,356.0,5.0,8.0,24.0,320.0,계란|우유|대두|밀|아황산류,https://ediya.com/contents/bakery.html,2026-08-11,True,True,,,,,,,매장별 확인,,
이디야,펄 슈가 카스테라,베이커리,242.0,6.0,1.2,27.0,150.0,계란|대두|밀,https://ediya.com/contents/bakery.html,2026-08-11,True,True,,,,,,,매장별 확인,,
이디야,레몬 아이싱 파운드,베이커리,308.0,4.0,7.0,23.0,153.0,계란|우유|대두|밀,https://ediya.com/contents/bakery.html,2026-08-11,True,True,,,,,,,매장별 확인,,
이디야,초코 생크림 케이크,베이커리,242.0,3.0,10.0,16.0,75.0,계란|우유|대두|밀|돼지고기,https://ediya.com/contents/bakery.html,2026-08-11,True,True,,,,,,,매장별 확인,,
이디야,우유 생크림 케이크,베이커리,248.0,3.0,11.0,13.0,85.0,계란|우유|대두|밀,https://ediya.com/contents/bakery.html,2026-08-11,True,True,,,,,,,매장별 확인,,
이디야,플레인 치즈 스틱케익,베이커리,166.0,3.0,6.0,9.0,75.0,계란|우유|대두|밀,https://ediya.com/contents/bakery.html,2026-08-11,True,True,,,,,,,매장별 확인,,
이디야,초코 치즈 스틱 케익,베이커리,199.0,2.0,7.0,15.0,85.0,계란|우유|대두|밀,https://ediya.com/contents/bakery.html,2026-08-11,True,True,,,,,,,매장별 확인,,
이디야,쌍쌍 츄로스,베이커리,265.0,3.0,8.0,6.0,270.0,계란|우유|대두|밀,https://ediya.com/contents/bakery.html,2026-08-11,True,True,,,,,,,매장별 확인,,
이디야,초코 티라미수 케이크,베이커리,340.0,5.0,16.0,21.0,103.0,계란|우유|대두|밀|돼지고기|아황산류,https://ediya.com/contents/bakery.html,2026-08-11,True,True,,,,,,,매장별 확인,,
이디야,수플레 치즈 케이크,베이커리,370.0,8.0,16.0,20.0,280.0,계란|우유|대두|밀,https://ediya.com/contents/bakery.html,2026-08-11,True,True,,,,,,,매장별 확인,,
이디야,까르보나라 구운주먹밥,베이커리,211.0,6.0,3.1,2.0,342.0,우유|대두|밀|돼지고기|쇠고기|닭고기,https://ediya.com/contents/bakery.html,2026-08-11,True,True,,,,,,,매장별 확인,,
이디야,오리지널 핫 번,베이커리,240.0,4.0,2.1,4.0,190.0,계란|우유|대두|밀|땅콩,https://ediya.com/contents/bakery.html,2026-08-11,True,True,,,,,,,매장별 확인,,
이디야,플레인 와플,베이커리,327.0,3.0,9.0,21.0,300.0,계란|우유|대두|밀,https://ediya.com/contents/bakery.html,2026-08-11,True,True,,,,,,,매장별 확인,,
이디야,이너츠,베이커리,132.0,3.0,2.0,2.0,0.0,,https://ediya.com/contents/bakery.html,2026-08-11,True,False,,,,,,,매장별 확인,,
이디야,데블스 초코 케이크,베이커리,426.0,5.0,17.0,27.0,110.0,계란|우유|대두|밀,https://ediya.com/contents/bakery.html,2026-08-11,True,True,,,,,,,매장별 확인,,
이디야,달고나 아이스크림 와플,베이커리,562.0,5.0,15.0,52.0,376.0,계란|우유|대두|밀,https://ediya.com/contents/bakery.html,2026-08-11,True,True,,,,,,,매장별 확인,,
이디야,스노우 쿠키슈,베이커리,215.0,3.0,9.0,9.0,180.0,계란|우유|대두|밀,https://ediya.com/contents/bakery.html,2026-08-11,True,True,,,,,,,매장별 확인,,
이디야,프레즐,베이커리,250.0,7.0,3.0,5.0,310.0,우유|대두|밀,https://ediya.com/contents/bakery.html,2026-08-11,True,True,,,,,,,매장별 확인,,
이디야,소금빵,베이커리,227.8,6.7,4.9,2.0,293.0,우유|밀,https://ediya.com/contents/bakery.html,2026-08-11,True,True,,,,,,,매장별 확인,,
이디야,메이플 와플,베이커리,354.0,3.0,9.0,28.0,300.0,계란|우유|대두|밀,https://ediya.com/contents/bakery.html,2026-08-11,True,True,,,,,,,매장별 확인,,
이디야,에그 베이컨 과카몰리 샌드위치,베이커리,392.0,18.0,7.0,4.0,855.0,계란|우유|대두|밀|돼지고기|아황산류|조개류,https://ediya.com/contents/bakery.html,2026-08-11,True,True,,,,,,,매장별 확인,,
이디야,아이스콘 초코,베이커리,362.0,4.7,15.0,25.0,80.0,우유|대두|밀,https://ediya.com/contents/bakery.html,2026-08-11,True,True,,,,,,,매장별 확인,,
이디야,크림치즈 와플,베이커리,415.0,5.0,16.0,22.0,390.0,계란|우유|대두|밀,https://ediya.com/contents/bakery.html,2026-08-11,True,True,,,,,,,매장별 확인,,
이디야,페퍼로니 피자 샌드위치,베이커리,398.0,20.0,9.0,3.0,578.0,우유|대두|밀|돼지고기|쇠고기|토마토|조개류,https://ediya.com/contents/bakery.html,2026-08-11,True,True,,,,,,,매장별 확인,,
이디야,플레인 크로플,베이커리,265.0,5.0,6.0,8.0,220.0,우유|대두|밀,https://ediya.com/contents/bakery.html,2026-08-11,True,True,,,,,,,매장별 확인,,
이디야,크로크 무슈,베이커리,457.0,19.0,4.8,5.0,1020.0,계란|우유|대두|밀|돼지고기,https://ediya.com/contents/bakery.html,2026-08-11,True,True,,,,,,,매장별 확인,,
이디야,메이플 넛 브레드,베이커리,850.0,13.0,27.0,39.0,745.0,우유|대두|밀,https://ediya.com/contents/bakery.html,2026-08-11,True,True,,,,,,,매장별 확인,,
이디야,크리미피넛 감자쿠키,베이커리,402.0,6.0,9.0,16.0,410.0,우유|대두|밀|땅콩,https://ediya.com/contents/bakery.html,2026-08-11,True,True,,,,,,,매장별 확인,,
이디야,잉글리쉬 머핀,베이커리,278.0,13.0,4.2,2.0,770.0,계란|우유|대두|밀|돼지고기|쇠고기|조개류,https://ediya.com/contents/bakery.html,2026-08-11,True,True,,,,,,,매장별 확인,,
이디야,허니 카라멜 브레드,베이커리,746.0,9.0,27.0,39.0,824.0,우유|대두|밀,https://ediya.com/contents/bakery.html,2026-08-11,True,True,,,,,,,매장별 확인,,
이디야,크리미초코 감자쿠키,베이커리,403.0,6.0,10.0,20.0,430.0,우유|대두|밀,https://ediya.com/contents/bakery.html,2026-08-11,True,True,,,,,,,매장별 확인,,
이디야,크루아상,베이커리,260.0,4.0,4.8,3.0,190.0,계란|우유|대두|밀,https://ediya.com/contents/bakery.html,2026-08-11,True,True,,,,,,,매장별 확인,,
이디야,대파베이컨 크림치즈 베이글,베이커리,445.0,15.0,8.3,7.0,731.0,계란|우유|대두|밀|돼지고기|닭고기,https://ediya.com/contents/bakery.html,2026-08-11,True,True,,,,,,,매장별 확인,,
이디야,생크림 와플,베이커리,397.0,4.0,15.0,25.0,314.0,계란|우유|대두|밀,https://ediya.com/contents/bakery.html,2026-08-11,True,True,,,,,,,매장별 확인,,
이디야,매콤 로제 구운주먹밥,베이커리,209.0,5.0,2.2,3.0,518.0,우유|대두|밀|돼지고기|쇠고기|닭고기|토마토|조개류,https://ediya.com/contents/bakery.html,2026-08-11,True,True,,,,,,,매장별 확인,,
배스킨라빈스,솔티 조청 뉴욕치즈케이크,아이스크림,301.0,4.0,11.0,23.0,118.0,우유|대두|밀,https://www.baskinrobbins.co.kr/menu/view.php?seq=1124,2026-08-11,True,True,https://www.baskinrobbins.co.kr/upload/product/main/9418d2b2c4cae02181ee12191f79c6fd.png,#크림치즈 #조청카라멜 #현미그라함쿠키,https://www.baskinrobbins.co.kr/menu/list.php?top=A,2026-08-11,,3900.0,싱글레귤러 115g 공식 표시가,https://www.baskinrobbins.co.kr/menu/view.php?seq=1124,2026-08-11
배스킨라빈스,비스코프 에스프레소 크런치,아이스크림,297.0,4.0,8.0,25.0,140.0,우유|대두|밀,https://www.baskinrobbins.co.kr/menu/view.php?seq=1123,2026-08-11,True,True,https://www.baskinrobbins.co.kr/upload/product/main/fd0eb06100515840c356b4da58f05297.png,#에스프레소 #크림아이스크림 #비스코프쿠키,https://www.baskinrobbins.co.kr/menu/list.php?top=A,2026-08-11,,3900.0,싱글레귤러 115g 공식 표시가,https://www.baskinrobbins.co.kr/menu/view.php?seq=1123,2026-08-11
배스킨라빈스,산딸기가 끌리는 연유,아이스크림,189.0,2.0,3.1,26.0,38.0,우유,https://www.baskinrobbins.co.kr/menu/view.php?seq=1121,2026-08-11,True,True,https://www.baskinrobbins.co.kr/upload/product/main/e97152372159daa503e512f139644e1f.png,#산딸기 #연유,https://www.baskinrobbins.co.kr/menu/list.php?top=A,2026-08-11,,3900.0,싱글레귤러 115g 공식 표시가,https://www.baskinrobbins.co.kr/menu/view.php?seq=1121,2026-08-11
배스킨라빈스,고무고무 블루베리 마카롱,아이스크림,243.0,3.0,6.0,28.0,67.0,계란|우유,https://www.baskinrobbins.co.kr/menu/view.php?seq=1075,2026-08-11,True,True,https://www.baskinrobbins.co.kr/upload/product/main/32ec4c8b5afef7498bf80e3545fe0289.png,#블루베리요거트,https://www.baskinrobbins.co.kr/menu/list.php?top=A,2026-08-11,,3900.0,싱글레귤러 115g 공식 표시가,https://www.baskinrobbins.co.kr/menu/view.php?seq=1075,2026-08-11
배스킨라빈스,트로피컬 콜라다,아이스크림,177.0,1.0,1.2,26.0,16.0,우유,https://www.baskinrobbins.co.kr/menu/view.php?seq=1118,2026-08-11,True,True,https://www.baskinrobbins.co.kr/upload/product/main/55ed46ba5d65efbc659e363045a6b8f1.png,#파인애플 #망고 #코코넛 #라임,https://www.baskinrobbins.co.kr/menu/list.php?top=A,2026-08-11,,3900.0,싱글레귤러 115g 공식 표시가,https://www.baskinrobbins.co.kr/menu/view.php?seq=1118,2026-08-11
배스킨라빈스,블루 서퍼 비치,아이스크림,277.0,4.0,10.0,19.0,175.0,우유|대두|밀,https://www.baskinrobbins.co.kr/menu/view.php?seq=1076,2026-08-11,True,True,https://www.baskinrobbins.co.kr/upload/product/main/c5daa8047e934525c03a072dee84917b.png,#솔티 #바닐라 #카라멜 #초콜릿,https://www.baskinrobbins.co.kr/menu/list.php?top=A,2026-08-11,,3900.0,싱글레귤러 115g 공식 표시가,https://www.baskinrobbins.co.kr/menu/view.php?seq=1076,2026-08-11
배스킨라빈스,훌라훌라 코코넛,아이스크림,248.0,3.0,8.0,27.0,96.0,우유,https://www.baskinrobbins.co.kr/menu/view.php?seq=1119,2026-08-11,True,True,https://www.baskinrobbins.co.kr/upload/product/main/264b198eea5402abee54445d12323a5e.png,#코코넛 #파인애플,https://www.baskinrobbins.co.kr/menu/list.php?top=A,2026-08-11,,3900.0,싱글레귤러 115g 공식 표시가,https://www.baskinrobbins.co.kr/menu/view.php?seq=1119,2026-08-11
배스킨라빈스,바삭한 쫀꾸렛,아이스크림,312.0,5.0,10.0,26.0,144.0,계란|우유|대두|밀,https://www.baskinrobbins.co.kr/menu/view.php?seq=1122,2026-08-11,True,True,https://www.baskinrobbins.co.kr/upload/product/main/505922a65553ca7551b33014def92901.png,#초콜릿 #초콜릿무스 #브라우니 #초코쿠키,https://www.baskinrobbins.co.kr/menu/list.php?top=A,2026-08-11,,3900.0,싱글레귤러 115g 공식 표시가,https://www.baskinrobbins.co.kr/menu/view.php?seq=1122,2026-08-11
배스킨라빈스,버즈의 애플 리치 빔,아이스크림,204.0,2.0,2.0,31.0,26.0,우유|대두,https://www.baskinrobbins.co.kr/menu/view.php?seq=1038,2026-08-11,True,True,https://www.baskinrobbins.co.kr/upload/product/main/6f8070977eb06ba859f7e45d257dafa2.png,#버즈,https://www.baskinrobbins.co.kr/menu/list.php?top=A,2026-08-11,,3900.0,싱글레귤러 115g 공식 표시가,https://www.baskinrobbins.co.kr/menu/view.php?seq=1038,2026-08-11
배스킨라빈스,우디의 후르츠 어드벤처,아이스크림,162.0,0.0,0.4,28.0,11.0,우유|복숭아,https://www.baskinrobbins.co.kr/menu/view.php?seq=1037,2026-08-11,True,True,https://www.baskinrobbins.co.kr/upload/product/main/d343eae3174d7367ba5d3296753ef4b2.png,#우디,https://www.baskinrobbins.co.kr/menu/list.php?top=A,2026-08-11,,3900.0,싱글레귤러 115g 공식 표시가,https://www.baskinrobbins.co.kr/menu/view.php?seq=1037,2026-08-11
배스킨라빈스,두바이에서 온 엄마는 외계인,아이스크림,295.0,5.0,8.0,24.0,153.0,우유|대두|밀,https://www.baskinrobbins.co.kr/menu/view.php?seq=933,2026-08-11,True,True,https://www.baskinrobbins.co.kr/upload/product/main/60b01f68d496cc0ce0ba1709dbd83cd8.png,#리얼카다이프 #초콜릿쫀떡볼,https://www.baskinrobbins.co.kr/menu/list.php?top=A,2026-08-11,,3900.0,싱글레귤러 115g 공식 표시가,https://www.baskinrobbins.co.kr/menu/view.php?seq=933,2026-08-11
배스킨라빈스,레인보우 샤베트,아이스크림,163.0,1.0,1.2,25.0,15.0,우유,https://www.baskinrobbins.co.kr/menu/view.php?seq=1070,2026-08-11,True,True,https://www.baskinrobbins.co.kr/upload/product/main/e84c2a6e281e463a09c5bc17d7ad8f57.png,#파인애플 #오렌지 #라즈베리,https://www.baskinrobbins.co.kr/menu/list.php?top=A,2026-08-11,,3900.0,싱글레귤러 115g 공식 표시가,https://www.baskinrobbins.co.kr/menu/view.php?seq=1070,2026-08-11
배스킨라빈스,그린티,아이스크림,250.0,4.0,8.0,22.0,73.0,우유,https://www.baskinrobbins.co.kr/menu/view.php?seq=1060,2026-08-11,True,True,https://www.baskinrobbins.co.kr/upload/product/main/8442bc93873c58520f38a113a86effd4.png,#녹차 #그린티,https://www.baskinrobbins.co.kr/menu/list.php?top=A,2026-08-11,,3900.0,싱글레귤러 115g 공식 표시가,https://www.baskinrobbins.co.kr/menu/view.php?seq=1060,2026-08-11
배스킨라빈스,메롱 멜론,아이스크림,218.0,2.0,3.8,25.0,41.0,우유,https://www.baskinrobbins.co.kr/menu/view.php?seq=1051,2026-08-11,True,True,https://www.baskinrobbins.co.kr/upload/product/main/3f9cd88ca35a16c4521c590996734351.png,#멜론,https://www.baskinrobbins.co.kr/menu/list.php?top=A,2026-08-11,,3900.0,싱글레귤러 115g 공식 표시가,https://www.baskinrobbins.co.kr/menu/view.php?seq=1051,2026-08-11
배스킨라빈스,(Lessly Edition) 바 베 바,아이스크림,135.0,3.0,1.7,17.0,45.0,우유,https://www.baskinrobbins.co.kr/menu/view.php?seq=944,2026-08-11,True,True,https://www.baskinrobbins.co.kr/upload/product/main/9fa5da5a7c1320d6a29bf1e44af5ee5e.png,#바나나 #딸기 #바닐라,https://www.baskinrobbins.co.kr/menu/list.php?top=A,2026-08-11,,3900.0,싱글레귤러 115g 공식 표시가,https://www.baskinrobbins.co.kr/menu/view.php?seq=944,2026-08-11
배스킨라빈스,(Lessly Edition) 엄마는 외계인,아이스크림,156.0,5.0,3.8,14.0,57.0,우유|대두|밀,https://www.baskinrobbins.co.kr/menu/view.php?seq=777,2026-08-11,True,True,https://www.baskinrobbins.co.kr/upload/product/main/09ce6b140dad71186b063fbc77fa6617.png,#레슬리에디션 #LesslyEdition #엄마는외계인,https://www.baskinrobbins.co.kr/menu/list.php?top=A,2026-08-11,,3900.0,싱글레귤러 115g 공식 표시가,https://www.baskinrobbins.co.kr/menu/view.php?seq=777,2026-08-11
배스킨라빈스,사랑에 빠진 딸기,아이스크림,292.0,4.0,8.0,26.0,103.0,계란|우유|대두|밀|땅콩,https://www.baskinrobbins.co.kr/menu/view.php?seq=786,2026-08-11,True,True,https://www.baskinrobbins.co.kr/upload/product/main/fea066eec3455d92b954428498ad30b3.png,#딸기 #치즈 #크런치초콜릿,https://www.baskinrobbins.co.kr/menu/list.php?top=A,2026-08-11,,3900.0,싱글레귤러 115g 공식 표시가,https://www.baskinrobbins.co.kr/menu/view.php?seq=786,2026-08-11
배스킨라빈스,엄마는 외계인,아이스크림,296.0,5.0,11.0,23.0,114.0,우유|대두|밀,https://www.baskinrobbins.co.kr/menu/view.php?seq=17,2026-08-11,True,True,https://www.baskinrobbins.co.kr/upload/product/main/91c8668227bcf556c43a968b97e342e6.png,#초콜릿 #초코볼,https://www.baskinrobbins.co.kr/menu/list.php?top=A,2026-08-11,,3900.0,싱글레귤러 115g 공식 표시가,https://www.baskinrobbins.co.kr/menu/view.php?seq=17,2026-08-11
배스킨라빈스,민트 초콜릿 칩,아이스크림,259.0,4.0,9.0,23.0,81.0,우유|대두,https://www.baskinrobbins.co.kr/menu/view.php?seq=6,2026-08-11,True,True,https://www.baskinrobbins.co.kr/upload/product/main/fb92d70dee836652115c4f3b13175541.png,#민트 #초콜릿 #민초,https://www.baskinrobbins.co.kr/menu/list.php?top=A,2026-08-11,,3900.0,싱글레귤러 115g 공식 표시가,https://www.baskinrobbins.co.kr/menu/view.php?seq=6,2026-08-11
배스킨라빈스,뉴욕 치즈케이크,아이스크림,275.0,4.0,10.0,21.0,105.0,우유|대두|밀,https://www.baskinrobbins.co.kr/menu/view.php?seq=3,2026-08-11,True,True,https://www.baskinrobbins.co.kr/upload/product/main/60a04a3a5d1b0119f065d12ee7797b2c.png,#치즈 #치즈케이크,https://www.baskinrobbins.co.kr/menu/list.php?top=A,2026-08-11,,3900.0,싱글레귤러 115g 공식 표시가,https://www.baskinrobbins.co.kr/menu/view.php?seq=3,2026-08-11
배스킨라빈스,체리쥬빌레,아이스크림,239.0,3.0,7.0,28.0,48.0,우유,https://www.baskinrobbins.co.kr/menu/view.php?seq=24,2026-08-11,True,True,https://www.baskinrobbins.co.kr/upload/product/main/f6609e3e3431d54beceeb1d3787403af.png,#체리,https://www.baskinrobbins.co.kr/menu/list.php?top=A,2026-08-11,,3900.0,싱글레귤러 115g 공식 표시가,https://www.baskinrobbins.co.kr/menu/view.php?seq=24,2026-08-11
배스킨라빈스,슈팅스타,아이스크림,260.0,3.0,7.0,27.0,65.0,우유|대두|밀,https://www.baskinrobbins.co.kr/menu/view.php?seq=15,2026-08-11,True,True,https://www.baskinrobbins.co.kr/upload/product/main/a4b71e8b99743c93a7824331850b0a3d.png,#톡톡 #팝핑캔디 #체리,https://www.baskinrobbins.co.kr/menu/list.php?top=A,2026-08-11,,3900.0,싱글레귤러 115g 공식 표시가,https://www.baskinrobbins.co.kr/menu/view.php?seq=15,2026-08-11
배스킨라빈스,오레오 쿠키 앤 크림,아이스크림,254.0,4.0,8.0,20.0,92.0,우유|대두|밀,https://www.baskinrobbins.co.kr/menu/view.php?seq=19,2026-08-11,True,True,https://www.baskinrobbins.co.kr/upload/product/main/414246bd9041530d6ad4d30d97aac87c.png,#바닐라 #오레오,https://www.baskinrobbins.co.kr/menu/list.php?top=A,2026-08-11,,3900.0,싱글레귤러 115g 공식 표시가,https://www.baskinrobbins.co.kr/menu/view.php?seq=19,2026-08-11
배스킨라빈스,베리베리 스트로베리,아이스크림,228.0,3.0,7.0,24.0,69.0,우유,https://www.baskinrobbins.co.kr/menu/view.php?seq=12,2026-08-11,True,True,https://www.baskinrobbins.co.kr/upload/product/main/ea6608b4f72563b360da5c44c946ddc7.png,#스트로베리 #새콤상큼,https://www.baskinrobbins.co.kr/menu/list.php?top=A,2026-08-11,,3900.0,싱글레귤러 115g 공식 표시가,https://www.baskinrobbins.co.kr/menu/view.php?seq=12,2026-08-11
배스킨라빈스,31요거트,아이스크림,198.0,5.0,4.0,26.0,67.0,우유|대두,https://www.baskinrobbins.co.kr/menu/view.php?seq=1,2026-08-11,True,True,https://www.baskinrobbins.co.kr/upload/product/main/d56328637eaf86e3273ebc39c57aada7.png,#요거트 #31요거트,https://www.baskinrobbins.co.kr/menu/list.php?top=A,2026-08-11,,3900.0,싱글레귤러 115g 공식 표시가,https://www.baskinrobbins.co.kr/menu/view.php?seq=1,2026-08-11
배스킨라빈스,바람과 함께 사라지다,아이스크림,269.0,4.0,8.0,25.0,95.0,계란|우유|대두|밀,https://www.baskinrobbins.co.kr/menu/view.php?seq=8,2026-08-11,True,True,https://www.baskinrobbins.co.kr/upload/product/main/01ecc320f5d3a6f32e5188eda373842d.png,#블루베리 #스트로베리 #치즈케이크,https://www.baskinrobbins.co.kr/menu/list.php?top=A,2026-08-11,,3900.0,싱글레귤러 115g 공식 표시가,https://www.baskinrobbins.co.kr/menu/view.php?seq=8,2026-08-11
배스킨라빈스,피스타치오 아몬드,아이스크림,302.0,7.0,8.0,27.0,72.0,우유,https://www.baskinrobbins.co.kr/menu/view.php?seq=29,2026-08-11,True,True,https://www.baskinrobbins.co.kr/upload/product/main/868364b0ed6038d0c9aee0a10e50d4a9.png,#피스타치오 #아몬드,https://www.baskinrobbins.co.kr/menu/list.php?top=A,2026-08-11,,3900.0,싱글레귤러 115g 공식 표시가,https://www.baskinrobbins.co.kr/menu/view.php?seq=29,2026-08-11
배스킨라빈스,초콜릿 무스,아이스크림,318.0,5.0,12.0,27.0,96.0,우유|대두,https://www.baskinrobbins.co.kr/menu/view.php?seq=28,2026-08-11,True,True,https://www.baskinrobbins.co.kr/upload/product/main/0d67607c2ca4dde4ec24ac8109a343c2.png,#초코속에 #초콜릿,https://www.baskinrobbins.co.kr/menu/list.php?top=A,2026-08-11,,3900.0,싱글레귤러 115g 공식 표시가,https://www.baskinrobbins.co.kr/menu/view.php?seq=28,2026-08-11
배스킨라빈스,초콜릿,아이스크림,274.0,5.0,8.0,24.0,85.0,우유,https://www.baskinrobbins.co.kr/menu/view.php?seq=27,2026-08-11,True,True,https://www.baskinrobbins.co.kr/upload/product/main/aff1c39b1653ddb7701abd9b4c8394ee.png,#진정한 #초콜릿,https://www.baskinrobbins.co.kr/menu/list.php?top=A,2026-08-11,,3900.0,싱글레귤러 115g 공식 표시가,https://www.baskinrobbins.co.kr/menu/view.php?seq=27,2026-08-11
배스킨라빈스,아몬드 봉봉,아이스크림,312.0,5.0,8.0,26.0,94.0,우유|대두,https://www.baskinrobbins.co.kr/menu/view.php?seq=16,2026-08-11,True,True,https://www.baskinrobbins.co.kr/upload/product/main/e7cb5667c3147ddb0b31e28d1f365980.png,#아몬드 #초콜릿,https://www.baskinrobbins.co.kr/menu/list.php?top=A,2026-08-11,,3900.0,싱글레귤러 115g 공식 표시가,https://www.baskinrobbins.co.kr/menu/view.php?seq=16,2026-08-11
배스킨라빈스,바닐라,아이스크림,246.0,4.0,8.0,21.0,74.0,우유,https://www.baskinrobbins.co.kr/menu/view.php?seq=7,2026-08-11,True,True,https://www.baskinrobbins.co.kr/upload/product/main/901f131644310c0eb356cbab7ecc4738.png,#바닐라,https://www.baskinrobbins.co.kr/menu/list.php?top=A,2026-08-11,,3900.0,싱글레귤러 115g 공식 표시가,https://www.baskinrobbins.co.kr/menu/view.php?seq=7,2026-08-11
파리바게뜨,로만밀 에그타르타르 샌드위치,샌드위치·샐러드,525.0,18.0,8.0,10.0,1290.0,계란|우유|대두|밀|돼지고기,https://www.paris.co.kr/product/%ea%b1%b4%ea%b0%95%ed%95%9c-%eb%a1%9c%eb%a7%8c%eb%b0%80-%ec%97%90%ea%b7%b8%ed%83%80%eb%a5%b4%ed%83%80%eb%a5%b4-%ec%83%8c%eb%93%9c%ec%9c%84%ec%b9%98/,2026-08-11,True,True,https://d2afncas1tel3t.cloudfront.net/wp-content/uploads/2023/08/건강한-로만밀-에그타르타르-샌드위치-1280x1280.jpg,,https://www.paris.co.kr/product/%ea%b1%b4%ea%b0%95%ed%95%9c-%eb%a1%9c%eb%a7%8c%eb%b0%80-%ec%97%90%ea%b7%b8%ed%83%80%eb%a5%b4%ed%83%80%eb%a5%b4-%ec%83%8c%eb%93%9c%ec%9c%84%ec%b9%98/,2026-08-11,,,매장별 확인,,
파리바게뜨,고구마 슈크림 식빵,빵,615.0,15.0,8.0,26.0,710.0,계란|우유|대두|밀,https://www.paris.co.kr/product/%ea%b3%a0%ea%b5%ac%eb%a7%88-%ec%8a%88%ed%81%ac%eb%a6%bc-%ec%8b%9d%eb%b9%b5-2/,2026-08-11,True,True,https://d2afncas1tel3t.cloudfront.net/wp-content/uploads/2023/09/d6761620-f8b5-44ff-a98f-56a65c0b87f0.png,,https://www.paris.co.kr/product/%ea%b3%a0%ea%b5%ac%eb%a7%88-%ec%8a%88%ed%81%ac%eb%a6%bc-%ec%8b%9d%eb%b9%b5-2/,2026-08-11,,,매장별 확인,,
파리바게뜨,우유 듬뿍 연유브레드,빵,375.0,9.0,8.0,16.0,370.0,계란|우유|대두|밀,https://www.paris.co.kr/product/%ea%b3%a0%ec%86%8c%ed%95%9c-%eb%b2%84%ed%84%b0%ed%95%91%ea%b1%b0%ec%8a%a4%ed%8b%b1/,2026-08-11,True,True,https://d2afncas1tel3t.cloudfront.net/wp-content/uploads/110207-목초木醋란으로-만든-핑거스틱_썸네일1-1280x1280.png,고소한 버터로 만들어 더욱 풍미가 깊고 부드러운 스틱 브레드,https://www.paris.co.kr/product/%ea%b3%a0%ec%86%8c%ed%95%9c-%eb%b2%84%ed%84%b0%ed%95%91%ea%b1%b0%ec%8a%a4%ed%8b%b1/,2026-08-11,,,매장별 확인,,
파리바게뜨,길어서 더 든든한 롱롱소시지빵,빵,490.0,17.0,9.0,12.0,1130.0,계란|우유|대두|밀|돼지고기|쇠고기|토마토,https://www.paris.co.kr/product/%ea%b8%b8%ec%96%b4%ec%84%9c-%eb%8d%94-%eb%93%a0%eb%93%a0%ed%95%9c-%eb%a1%b1%eb%a1%b1%ec%86%8c%ec%8b%9c%ec%a7%80%eb%b9%b5/,2026-08-11,True,True,https://d2afncas1tel3t.cloudfront.net/wp-content/uploads/2025/02/롱620_1.png,,https://www.paris.co.kr/product/%ea%b8%b8%ec%96%b4%ec%84%9c-%eb%8d%94-%eb%93%a0%eb%93%a0%ed%95%9c-%eb%a1%b1%eb%a1%b1%ec%86%8c%ec%8b%9c%ec%a7%80%eb%b9%b5/,2026-08-11,,,매장별 확인,,
파리바게뜨,뉴욕치즈타르트,디저트·스낵,195.0,4.0,8.0,8.0,130.0,계란|우유|밀,https://www.paris.co.kr/product/%eb%89%b4%ec%9a%95%ec%b9%98%ec%a6%88%ed%83%80%eb%a5%b4%ed%8a%b8/,2026-08-11,True,True,https://d2afncas1tel3t.cloudfront.net/wp-content/uploads/뉴욕치즈타르트_썸네일1.jpg,,https://www.paris.co.kr/product/%eb%89%b4%ec%9a%95%ec%b9%98%ec%a6%88%ed%83%80%eb%a5%b4%ed%8a%b8/,2026-08-11,,,매장별 확인,,
파리바게뜨,단팥소보루,빵,345.0,9.0,4.0,22.0,230.0,계란|우유|대두|밀|땅콩,https://www.paris.co.kr/product/%eb%8b%a8%ed%8c%a5%ec%86%8c%eb%b3%b4%eb%a3%a8/,2026-08-11,True,True,https://d2afncas1tel3t.cloudfront.net/wp-content/uploads/PB020017152115695821992759TKMT1S.png,,https://www.paris.co.kr/product/%eb%8b%a8%ed%8c%a5%ec%86%8c%eb%b3%b4%eb%a3%a8/,2026-08-11,,,매장별 확인,,
파리바게뜨,달콤바삭 크룽지,빵,115.0,1.0,3.5,9.0,100.0,계란|우유|대두|밀,https://www.paris.co.kr/product/%eb%8b%ac%ec%bd%a4%eb%b0%94%ec%82%ad-%ed%81%ac%eb%a3%bd%ec%a7%80/,2026-08-11,True,True,https://d2afncas1tel3t.cloudfront.net/wp-content/uploads/2023/08/달콤바삭크룽지-1280x1280.jpg,,https://www.paris.co.kr/product/%eb%8b%ac%ec%bd%a4%eb%b0%94%ec%82%ad-%ed%81%ac%eb%a3%bd%ec%a7%80/,2026-08-11,,,매장별 확인,,
파리바게뜨,블루베리 베이글,빵,345.0,9.0,3.5,17.0,990.0,우유|대두|밀,https://www.paris.co.kr/product/%eb%91%90-%eb%b2%88-%ec%ab%84%ea%b9%83-%eb%b8%94%eb%a3%a8%eb%b2%a0%eb%a6%ac-%eb%b2%a0%ec%9d%b4%ea%b8%80/,2026-08-11,True,True,https://d2afncas1tel3t.cloudfront.net/wp-content/uploads/2023/05/블루베리-베이글.jpg,,https://www.paris.co.kr/product/%eb%91%90-%eb%b2%88-%ec%ab%84%ea%b9%83-%eb%b8%94%eb%a3%a8%eb%b2%a0%eb%a6%ac-%eb%b2%a0%ec%9d%b4%ea%b8%80/,2026-08-11,,,매장별 확인,,
파리바게뜨,딸기아이스캔디,디저트·스낵,95.0,2.0,1.8,10.0,30.0,우유,https://www.paris.co.kr/product/%eb%94%b8%ea%b8%b0-%ec%95%84%ec%9d%b4%ec%8a%a4%ec%ba%94%eb%94%94/,2026-08-11,True,True,https://d2afncas1tel3t.cloudfront.net/wp-content/uploads/2025/03/딸기-아이스캔디-썸넬.jpg,,https://www.paris.co.kr/product/%eb%94%b8%ea%b8%b0-%ec%95%84%ec%9d%b4%ec%8a%a4%ec%ba%94%eb%94%94/,2026-08-11,,,매장별 확인,,
파리바게뜨,로스팅 호두로 더 고소한 조각호두파이,디저트·스낵,225.0,4.0,3.6,15.0,85.0,계란|우유|밀,https://www.paris.co.kr/product/%eb%a1%9c%ec%8a%a4%ed%8c%85-%ed%98%b8%eb%91%90%eb%a1%9c-%eb%8d%94-%ea%b3%a0%ec%86%8c%ed%95%9c-%ec%a1%b0%ea%b0%81%ed%98%b8%eb%91%90%ed%8c%8c%ec%9d%b4/,2026-08-11,True,True,https://d2afncas1tel3t.cloudfront.net/wp-content/uploads/2019/11/200203__102.jpg,,https://www.paris.co.kr/product/%eb%a1%9c%ec%8a%a4%ed%8c%85-%ed%98%b8%eb%91%90%eb%a1%9c-%eb%8d%94-%ea%b3%a0%ec%86%8c%ed%95%9c-%ec%a1%b0%ea%b0%81%ed%98%b8%eb%91%90%ed%8c%8c%ec%9d%b4/,2026-08-11,,,매장별 확인,,
파리바게뜨,롱스틱파이,디저트·스낵,322.0,4.0,7.0,16.0,180.0,계란|우유|대두|밀,https://www.paris.co.kr/product/%eb%a1%b1%ec%8a%a4%ed%8b%b1%ed%8c%8c%ec%9d%b4-2/,2026-08-11,True,True,https://d2afncas1tel3t.cloudfront.net/wp-content/uploads/211109_PB베어3종롱스틱파이-1280.jpg,,https://www.paris.co.kr/product/%eb%a1%b1%ec%8a%a4%ed%8b%b1%ed%8c%8c%ec%9d%b4-2/,2026-08-11,,,매장별 확인,,
파리바게뜨,맘모스브레드,빵,1215.0,24.0,20.0,69.0,920.0,계란|우유|대두|밀|땅콩,https://www.paris.co.kr/product/%eb%a7%98%eb%aa%a8%ec%8a%a4%eb%b8%8c%eb%a0%88%eb%93%9c/,2026-08-11,True,True,https://d2afncas1tel3t.cloudfront.net/wp-content/uploads/200508_맘모스빵_106.jpg,,https://www.paris.co.kr/product/%eb%a7%98%eb%aa%a8%ec%8a%a4%eb%b8%8c%eb%a0%88%eb%93%9c/,2026-08-11,,,매장별 확인,,
파리바게뜨,메론아이스캔디,디저트·스낵,110.0,2.0,2.6,14.0,0.0,우유,https://www.paris.co.kr/product/%eb%a9%94%eb%a1%a0-%ec%95%84%ec%9d%b4%ec%8a%a4%ec%ba%94%eb%94%94/,2026-08-11,True,True,https://d2afncas1tel3t.cloudfront.net/wp-content/uploads/2025/03/메론-아이스캔디-썸넬.jpg,,https://www.paris.co.kr/product/%eb%a9%94%eb%a1%a0-%ec%95%84%ec%9d%b4%ec%8a%a4%ec%ba%94%eb%94%94/,2026-08-11,,,매장별 확인,,
파리바게뜨,모카 크림빵,빵,205.0,4.0,5.0,8.0,190.0,계란|우유|대두|밀,https://www.paris.co.kr/product/%eb%aa%a8%ec%b9%b4%ed%81%ac%eb%a6%bc%eb%b9%b5/,2026-08-11,True,True,https://d2afncas1tel3t.cloudfront.net/wp-content/uploads/210105_모카크림빵.jpg,,https://www.paris.co.kr/product/%eb%aa%a8%ec%b9%b4%ed%81%ac%eb%a6%bc%eb%b9%b5/,2026-08-11,,,매장별 확인,,
파리바게뜨,몬테크리스토샌드위치,샌드위치·샐러드,350.0,11.0,4.9,11.0,740.0,계란|우유|대두|밀|돼지고기,https://www.paris.co.kr/product/%eb%aa%ac%ed%85%8c%ed%81%ac%eb%a6%ac%ec%8a%a4%ed%86%a0%ec%83%8c%eb%93%9c%ec%9c%84%ec%b9%98/,2026-08-11,True,True,https://d2afncas1tel3t.cloudfront.net/wp-content/uploads/210930_PB몬테크리스토샌드위치-1280.jpg,,https://www.paris.co.kr/product/%eb%aa%ac%ed%85%8c%ed%81%ac%eb%a6%ac%ec%8a%a4%ed%86%a0%ec%83%8c%eb%93%9c%ec%9c%84%ec%b9%98/,2026-08-11,,,매장별 확인,,
파리바게뜨,미니 호두아몬드 크림치즈빵(5개입),빵,465.0,12.0,8.0,16.0,460.0,계란|우유|대두|밀|쇠고기,https://www.paris.co.kr/product/%eb%af%b8%eb%8b%88-%ed%98%b8%eb%91%90%ec%95%84%eb%aa%ac%eb%93%9c-%ed%81%ac%eb%a6%bc%ec%b9%98%ec%a6%88%eb%b9%b55%ea%b0%9c%ec%9e%85/,2026-08-11,True,True,https://d2afncas1tel3t.cloudfront.net/wp-content/uploads/2023/07/미니-호두아몬드-크림치즈빵5개입.jpg,,https://www.paris.co.kr/product/%eb%af%b8%eb%8b%88-%ed%98%b8%eb%91%90%ec%95%84%eb%aa%ac%eb%93%9c-%ed%81%ac%eb%a6%bc%ec%b9%98%ec%a6%88%eb%b9%b55%ea%b0%9c%ec%9e%85/,2026-08-11,,,매장별 확인,,
파리바게뜨,바닐라아이스캔디,디저트·스낵,130.0,2.0,4.9,9.0,35.0,우유,https://www.paris.co.kr/product/%eb%b0%94%eb%8b%90%eb%9d%bc-%ec%95%84%ec%9d%b4%ec%8a%a4%ec%ba%94%eb%94%94-2/,2026-08-11,True,True,https://d2afncas1tel3t.cloudfront.net/wp-content/uploads/2025/03/바닐라-아이스캔디-썸넬.jpg,,https://www.paris.co.kr/product/%eb%b0%94%eb%8b%90%eb%9d%bc-%ec%95%84%ec%9d%b4%ec%8a%a4%ec%ba%94%eb%94%94-2/,2026-08-11,,,매장별 확인,,
파리바게뜨,발효버터 소금빵,빵,205.0,4.0,5.0,5.0,300.0,계란|우유|대두|밀,https://www.paris.co.kr/product/%eb%b0%9c%ed%9a%a8%eb%b2%84%ed%84%b0%ec%86%8c%ea%b8%88%eb%b9%b5/,2026-08-11,True,True,https://d2afncas1tel3t.cloudfront.net/wp-content/uploads/2025/02/발효버터소금빵-썸넬1.jpg,,https://www.paris.co.kr/product/%eb%b0%9c%ed%9a%a8%eb%b2%84%ed%84%b0%ec%86%8c%ea%b8%88%eb%b9%b5/,2026-08-11,,,매장별 확인,,
파리바게뜨,밤소보루 맘모스(1/2),빵,415.0,9.0,6.0,25.0,280.0,계란|우유|대두|밀|땅콩,https://www.paris.co.kr/product/%eb%b0%a4%ec%86%8c%eb%b3%b4%eb%a3%a8-%eb%a7%98%eb%aa%a8%ec%8a%a41-2/,2026-08-11,True,True,https://d2afncas1tel3t.cloudfront.net/wp-content/uploads/574786-밤소보루-맘모스_썸네일3.jpg,,https://www.paris.co.kr/product/%eb%b0%a4%ec%86%8c%eb%b3%b4%eb%a3%a8-%eb%a7%98%eb%aa%a8%ec%8a%a41-2/,2026-08-11,,,매장별 확인,,
파리바게뜨,버터롤,빵,325.0,8.0,6.0,11.0,410.0,계란|우유|대두|밀,https://www.paris.co.kr/product/%eb%b2%84%ed%84%b0%eb%a1%a4/,2026-08-11,True,True,https://d2afncas1tel3t.cloudfront.net/wp-content/uploads/2023/08/2Q4A2153.jpg,,https://www.paris.co.kr/product/%eb%b2%84%ed%84%b0%eb%a1%a4/,2026-08-11,,,매장별 확인,,
파리바게뜨,블랙 올리브 치즈 치아바타,빵,510.0,14.0,1.6,6.0,980.0,우유|대두|밀,https://www.paris.co.kr/product/%eb%b8%94%eb%9e%99-%ec%98%ac%eb%a6%ac%eb%b8%8c-%ec%b9%98%ec%a6%88-%ec%b9%98%ec%95%84%eb%b0%94%ed%83%80/,2026-08-11,True,True,https://d2afncas1tel3t.cloudfront.net/wp-content/uploads/2023/04/2Q4A1661-1280x1280.jpg,,https://www.paris.co.kr/product/%eb%b8%94%eb%9e%99-%ec%98%ac%eb%a6%ac%eb%b8%8c-%ec%b9%98%ec%a6%88-%ec%b9%98%ec%95%84%eb%b0%94%ed%83%80/,2026-08-11,,,매장별 확인,,
파리바게뜨,샐러드빵,샌드위치·샐러드,317.0,8.0,3.1,6.0,510.0,계란|우유|대두|밀|닭고기|토마토,https://www.paris.co.kr/product/%ec%83%90%eb%9f%ac%eb%93%9c%eb%b9%b5/,2026-08-11,True,True,https://d2afncas1tel3t.cloudfront.net/wp-content/uploads/201210_샐러드빵.jpg,,https://www.paris.co.kr/product/%ec%83%90%eb%9f%ac%eb%93%9c%eb%b9%b5/,2026-08-11,,,매장별 확인,,
파리바게뜨,고소한 소보루데니쉬식빵,빵,1130.0,23.0,17.0,24.0,1350.0,계란|우유|대두|밀|땅콩,https://www.paris.co.kr/product/%ec%86%8c%eb%b3%b4%eb%a3%a8%eb%93%ac%eb%bf%8d%eb%8d%b0%eb%8b%88%ec%89%ac%ec%8b%9d%eb%b9%b5-2/,2026-08-11,True,True,https://d2afncas1tel3t.cloudfront.net/wp-content/uploads/2023/03/소보루데니쉬_1.png,,https://www.paris.co.kr/product/%ec%86%8c%eb%b3%b4%eb%a3%a8%eb%93%ac%eb%bf%8d%eb%8d%b0%eb%8b%88%ec%89%ac%ec%8b%9d%eb%b9%b5-2/,2026-08-11,,,매장별 확인,,
파리바게뜨,소보루 완두앙금빵,빵,265.0,6.0,2.9,21.0,260.0,계란|우유|대두|밀|땅콩,https://www.paris.co.kr/product/%ec%86%8c%eb%b3%b4%eb%a3%a8-%ec%99%84%eb%91%90%ec%95%99%ea%b8%88%eb%b9%b5/,2026-08-11,True,True,https://d2afncas1tel3t.cloudfront.net/wp-content/uploads/2023/03/소보루완두앙금빵__1.png,,https://www.paris.co.kr/product/%ec%86%8c%eb%b3%b4%eb%a3%a8-%ec%99%84%eb%91%90%ec%95%99%ea%b8%88%eb%b9%b5/,2026-08-11,,,매장별 확인,,
파리바게뜨,순수(秀)우유 콘 아이스크림,디저트·스낵,285.0,4.4,10.0,22.0,55.0,우유|대두|밀,https://www.paris.co.kr/product/%ec%88%9c%ec%88%98%e7%a7%80%ec%9a%b0%ec%9c%a0%ec%bd%98/,2026-08-11,True,True,https://d2afncas1tel3t.cloudfront.net/wp-content/uploads/2023/03/230328_PB_순수우유콘아이스크림-crop-1280x1280.jpg,,https://www.paris.co.kr/product/%ec%88%9c%ec%88%98%e7%a7%80%ec%9a%b0%ec%9c%a0%ec%bd%98/,2026-08-11,,,매장별 확인,,
파리바게뜨,쉬림프 비스큐 리조또,간편식,590.0,15.0,13.0,13.0,1280.0,계란|우유|대두|밀|새우|게|돼지고기|쇠고기|닭고기|토마토,https://www.paris.co.kr/product/%ec%89%ac%eb%a6%bc%ed%94%84-%eb%b9%84%ec%8a%a4%ed%81%90-%eb%a6%ac%ec%a1%b0%eb%98%90/,2026-08-11,True,True,https://d2afncas1tel3t.cloudfront.net/wp-content/uploads/2022/07/쉬림프비스큐리조또_1_1000x1000.jpg,,https://www.paris.co.kr/product/%ec%89%ac%eb%a6%bc%ed%94%84-%eb%b9%84%ec%8a%a4%ed%81%90-%eb%a6%ac%ec%a1%b0%eb%98%90/,2026-08-11,,,매장별 확인,,
파리바게뜨,스위트 밀크롤,빵,340.0,8.0,4.1,9.0,460.0,계란|우유|대두|밀,https://www.paris.co.kr/product/%ec%8a%a4%ec%9c%84%ed%8a%b8-%eb%b0%80%ed%81%ac%eb%a1%a4/,2026-08-11,True,True,https://d2afncas1tel3t.cloudfront.net/wp-content/uploads/2023/08/스위트밀크롤.jpg,,https://www.paris.co.kr/product/%ec%8a%a4%ec%9c%84%ed%8a%b8-%eb%b0%80%ed%81%ac%eb%a1%a4/,2026-08-11,,,매장별 확인,,
파리바게뜨,아이스 카페라떼,음료,110.0,5.0,4.0,7.0,80.0,우유,https://www.paris.co.kr/product/%ec%95%84%ec%9d%b4%ec%8a%a4-%ec%b9%b4%ed%8e%98%eb%9d%bc%eb%96%bc/,2026-08-11,True,True,https://d2afncas1tel3t.cloudfront.net/wp-content/uploads/2023/10/아이스라떼-1280x1280-2.jpg,,https://www.paris.co.kr/product/%ec%95%84%ec%9d%b4%ec%8a%a4-%ec%b9%b4%ed%8e%98%eb%9d%bc%eb%96%bc/,2026-08-11,,,매장별 확인,,
파리바게뜨,에그 베이컨 토스트,샌드위치·샐러드,350.0,10.0,7.0,9.0,530.0,계란|우유|대두|밀|돼지고기|토마토,https://www.paris.co.kr/product/%ec%97%90%ea%b7%b8-%eb%b2%a0%ec%9d%b4%ec%bb%a8-%ed%86%a0%ec%8a%a4%ed%8a%b8/,2026-08-11,True,True,https://d2afncas1tel3t.cloudfront.net/wp-content/uploads/에그베이컨토스트-1.jpg,,https://www.paris.co.kr/product/%ec%97%90%ea%b7%b8-%eb%b2%a0%ec%9d%b4%ec%bb%a8-%ed%86%a0%ec%8a%a4%ed%8a%b8/,2026-08-11,,,매장별 확인,,
파리바게뜨,옛날왕슈크림도넛,빵,315.0,6.0,2.4,12.0,290.0,계란|우유|대두|밀,https://www.paris.co.kr/product/%ec%98%9b%eb%82%a0-%ec%99%95%ec%8a%88%ed%81%ac%eb%a6%bc%eb%8f%84%eb%84%9b/,2026-08-11,True,True,https://d2afncas1tel3t.cloudfront.net/wp-content/uploads/201119_홈페이지옛날왕슈크림도넛_01.jpg,,https://www.paris.co.kr/product/%ec%98%9b%eb%82%a0-%ec%99%95%ec%8a%88%ed%81%ac%eb%a6%bc%eb%8f%84%eb%84%9b/,2026-08-11,,,매장별 확인,,
파리바게뜨,오리지널 머핀,디저트·스낵,620.0,7.0,4.2,44.0,410.0,계란|우유|대두|밀,https://www.paris.co.kr/product/%ec%98%a4%eb%a6%ac%ec%a7%80%eb%84%90%eb%a8%b8%ed%95%80/,2026-08-11,True,True,https://d2afncas1tel3t.cloudfront.net/wp-content/uploads/2019/11/191104_1_140163.jpg,,https://www.paris.co.kr/product/%ec%98%a4%eb%a6%ac%ec%a7%80%eb%84%90%eb%a8%b8%ed%95%80/,2026-08-11,,,매장별 확인,,
파리바게뜨,온브레드크림치즈(플레인),기타,273.0,7.0,16.0,5.0,200.0,우유|대두,https://www.paris.co.kr/product/%ec%98%a8%eb%b8%8c%eb%a0%88%eb%93%9c%ed%81%ac%eb%a6%bc%ec%b9%98%ec%a6%88%ed%94%8c%eb%a0%88%ec%9d%b8/,2026-08-11,True,True,https://d2afncas1tel3t.cloudfront.net/wp-content/uploads/2023/03/온브레드크림치즈-1.png,,https://www.paris.co.kr/product/%ec%98%a8%eb%b8%8c%eb%a0%88%eb%93%9c%ed%81%ac%eb%a6%bc%ec%b9%98%ec%a6%88%ed%94%8c%eb%a0%88%ec%9d%b8/,2026-08-11,,,매장별 확인,,
파리바게뜨,우유가좋은뽀로로케익,빵,298.0,5.0,6.0,22.0,120.0,계란|우유|대두|밀,https://www.paris.co.kr/product/%ec%9a%b0%ec%9c%a0%ea%b0%80-%ec%a2%8b%ec%9d%80-%eb%bd%80%eb%a1%9c%eb%a1%9c%ec%bc%80%ec%9d%b5/,2026-08-11,True,True,https://d2afncas1tel3t.cloudfront.net/wp-content/uploads/201230_우유가좋은뽀로로케익-1.jpg,,https://www.paris.co.kr/product/%ec%9a%b0%ec%9c%a0%ea%b0%80-%ec%a2%8b%ec%9d%80-%eb%bd%80%eb%a1%9c%eb%a1%9c%ec%bc%80%ec%9d%b5/,2026-08-11,,,매장별 확인,,
파리바게뜨,우유 듬뿍 연유브레드(대),빵,1000.0,17.0,35.0,36.0,1150.0,우유|대두|밀,https://www.paris.co.kr/product/%ec%9a%b0%ec%9c%a0-%eb%93%ac%eb%bf%8d-%ec%97%b0%ec%9c%a0%eb%b8%8c%eb%a0%88%eb%93%9c%eb%8c%80/,2026-08-11,True,True,https://d2afncas1tel3t.cloudfront.net/wp-content/uploads/2023/06/우유듬뿍연유브레드대-1.jpg,,https://www.paris.co.kr/product/%ec%9a%b0%ec%9c%a0-%eb%93%ac%eb%bf%8d-%ec%97%b0%ec%9c%a0%eb%b8%8c%eb%a0%88%eb%93%9c%eb%8c%80/,2026-08-11,,,매장별 확인,,
파리바게뜨,우유 모나카 아이스크림,기타,160.0,3.0,2.0,14.0,40.0,계란|우유|대두|밀,https://www.paris.co.kr/product/%ec%9a%b0%ec%9c%a0-%eb%aa%a8%eb%82%98%ec%b9%b4-%ec%95%84%ec%9d%b4%ec%8a%a4%ed%81%ac%eb%a6%bc/,2026-08-11,True,True,https://d2afncas1tel3t.cloudfront.net/wp-content/uploads/2023/01/우유-모나카-아이스크림.jpg,,https://www.paris.co.kr/product/%ec%9a%b0%ec%9c%a0-%eb%aa%a8%eb%82%98%ec%b9%b4-%ec%95%84%ec%9d%b4%ec%8a%a4%ed%81%ac%eb%a6%bc/,2026-08-11,,,매장별 확인,,
파리바게뜨,인생크림빵 우유,빵,365.0,6.0,11.0,22.0,250.0,계란|우유|대두|밀,https://www.paris.co.kr/product/%ec%9d%b8%ec%83%9d%ed%81%ac%eb%a6%bc%eb%b9%b5-%eb%8b%a8%ed%8c%a5/,2026-08-11,True,True,https://d2afncas1tel3t.cloudfront.net/wp-content/uploads/2023/03/230308_PB_단팥생크림빵_제품이미지_단면.png,바닐라빈 듬뿍 우유생크림과 달콤한 닽팥을 더한 최고의 조합! 내 인생 최고의 인생 단팥 생크림빵,https://www.paris.co.kr/product/%ec%9d%b8%ec%83%9d%ed%81%ac%eb%a6%bc%eb%b9%b5-%eb%8b%a8%ed%8c%a5/,2026-08-11,,,매장별 확인,,
파리바게뜨,촉촉한 딸기케익,빵,395.0,7.0,11.0,18.0,230.0,계란|우유|대두|밀|땅콩,https://www.paris.co.kr/product/%ec%9d%b8%ec%83%9d%ed%81%ac%eb%a6%bc%eb%b9%b5-%ec%86%8c%eb%b3%b4%eb%a3%a8/,2026-08-11,True,True,https://d2afncas1tel3t.cloudfront.net/wp-content/uploads/2023/03/230308_PB_소보루생크림빵_제품이미지_단면.png,고소한 소보루 빵 속 바닐라빈 듬뿍 우유생크림이 가득! 인생 소보루 생크림빵,https://www.paris.co.kr/product/%ec%9d%b8%ec%83%9d%ed%81%ac%eb%a6%bc%eb%b9%b5-%ec%86%8c%eb%b3%b4%eb%a3%a8/,2026-08-11,,,매장별 확인,,
파리바게뜨,우리아이 한입 마들렌,빵,340.0,5.0,12.0,15.0,210.0,계란|우유|대두|밀,https://www.paris.co.kr/product/%ec%9d%b8%ec%83%9d%ed%81%ac%eb%a6%bc%eb%b9%b5-%ec%9a%b0%ec%9c%a0/,2026-08-11,True,True,https://d2afncas1tel3t.cloudfront.net/wp-content/uploads/2023/03/230308_PB_우유생크림빵_제품이미지_단면.png,"바닐라빈 듬뿍, 더 진한 우유생크림이 빵속에 가득! 내 인생 우유 생크림빵",https://www.paris.co.kr/product/%ec%9d%b8%ec%83%9d%ed%81%ac%eb%a6%bc%eb%b9%b5-%ec%9a%b0%ec%9c%a0/,2026-08-11,,,매장별 확인,,
파리바게뜨,정통 에그타르트,디저트·스낵,135.0,2.0,4.6,5.0,110.0,계란|우유|밀,https://www.paris.co.kr/product/%ec%a0%95%ed%86%b5-%ec%97%90%ea%b7%b8%ed%83%80%eb%a5%b4%ed%8a%b8/,2026-08-11,True,True,https://d2afncas1tel3t.cloudfront.net/wp-content/uploads/정통에그타르트_썸네일1.jpg,,https://www.paris.co.kr/product/%ec%a0%95%ed%86%b5-%ec%97%90%ea%b7%b8%ed%83%80%eb%a5%b4%ed%8a%b8/,2026-08-11,,,매장별 확인,,
파리바게뜨,쫀득고소한 추억의 찰깨빵,빵,230.0,2.0,3.0,4.0,400.0,계란|우유|밀,https://www.paris.co.kr/product/%ec%ab%80%eb%93%9d%ea%b3%a0%ec%86%8c%ed%95%9c-%ec%b6%94%ec%96%b5%ec%9d%98-%ec%b0%b0%ea%b9%a8%eb%b9%b5/,2026-08-11,True,True,https://d2afncas1tel3t.cloudfront.net/wp-content/uploads/2023/05/230518_파리바게뜨_제품합성_찰깨빵.png,,https://www.paris.co.kr/product/%ec%ab%80%eb%93%9d%ea%b3%a0%ec%86%8c%ed%95%9c-%ec%b6%94%ec%96%b5%ec%9d%98-%ec%b0%b0%ea%b9%a8%eb%b9%b5/,2026-08-11,,,매장별 확인,,
파리바게뜨,쫀득치즈스틱,빵,105.0,1.0,1.2,2.0,115.0,계란|우유|대두|밀,https://www.paris.co.kr/product/%ec%ab%80%eb%93%9d%ec%b9%98%ec%a6%88%ec%8a%a4%ed%8b%b1/,2026-08-11,True,True,https://d2afncas1tel3t.cloudfront.net/wp-content/uploads/2023/03/쫀득치즈스틱_1.png,,https://www.paris.co.kr/product/%ec%ab%80%eb%93%9d%ec%b9%98%ec%a6%88%ec%8a%a4%ed%8b%b1/,2026-08-11,,,매장별 확인,,
파리바게뜨,쫄깃담백 토종효모빵,빵,770.0,28.0,3.9,10.0,1220.0,우유|대두|밀,https://www.paris.co.kr/product/%ec%ab%84%ea%b9%83%eb%8b%b4%eb%b0%b1-%ed%86%a0%ec%a2%85%ed%9a%a8%eb%aa%a8%eb%b9%b5/,2026-08-11,True,True,https://d2afncas1tel3t.cloudfront.net/wp-content/uploads/2023/07/쫄깃담백-토종효모빵-1280x1280.jpg,,https://www.paris.co.kr/product/%ec%ab%84%ea%b9%83%eb%8b%b4%eb%b0%b1-%ed%86%a0%ec%a2%85%ed%9a%a8%eb%aa%a8%eb%b9%b5/,2026-08-11,,,매장별 확인,,
파리바게뜨,인생크림빵 옥수수,빵,260.0,5.0,4.3,5.0,460.0,계란|우유|대두|밀|돼지고기|토마토,https://www.paris.co.kr/product/%ec%ab%84%ea%b9%83%ed%95%9c-%ed%94%bc%ec%9e%90%eb%b9%b5-2/,2026-08-11,True,True,https://d2afncas1tel3t.cloudfront.net/wp-content/uploads/574789-쫄깃피자빵_썸네일1.jpg,쫄깃한 식감이 일품인 혼자서도 즐기는 피자,https://www.paris.co.kr/product/%ec%ab%84%ea%b9%83%ed%95%9c-%ed%94%bc%ec%9e%90%eb%b9%b5-2/,2026-08-11,,,매장별 확인,,
파리바게뜨,체다치즈와 고다치즈를 더한 롤치즈빵,빵,420.0,13.0,5.0,9.0,750.0,우유|대두|밀,https://www.paris.co.kr/product/%ec%b2%b4%eb%8b%a4%ec%b9%98%ec%a6%88%ec%99%80-%ea%b3%a0%eb%8b%a4%ec%b9%98%ec%a6%88%eb%a5%bc-%eb%8d%94%ed%95%9c-%eb%a1%a4%ec%b9%98%ec%a6%88%eb%b9%b5/,2026-08-11,True,True,https://d2afncas1tel3t.cloudfront.net/wp-content/uploads/2023/07/eumE0728-550.jpg,,https://www.paris.co.kr/product/%ec%b2%b4%eb%8b%a4%ec%b9%98%ec%a6%88%ec%99%80-%ea%b3%a0%eb%8b%a4%ec%b9%98%ec%a6%88%eb%a5%bc-%eb%8d%94%ed%95%9c-%eb%a1%a4%ec%b9%98%ec%a6%88%eb%b9%b5/,2026-08-11,,,매장별 확인,,
파리바게뜨,초코아이스캔디,디저트·스낵,130.0,3.0,4.7,9.0,35.0,우유|대두,https://www.paris.co.kr/product/%ec%b4%88%ec%bd%94-%ec%95%84%ec%9d%b4%ec%8a%a4%ec%ba%94%eb%94%94/,2026-08-11,True,True,https://d2afncas1tel3t.cloudfront.net/wp-content/uploads/2025/03/초코-아이스캔디-썸넬.jpg,,https://www.paris.co.kr/product/%ec%b4%88%ec%bd%94-%ec%95%84%ec%9d%b4%ec%8a%a4%ec%ba%94%eb%94%94/,2026-08-11,,,매장별 확인,,
파리바게뜨,초콜릿 머핀,디저트·스낵,570.0,8.0,5.0,34.0,500.0,계란|우유|대두|밀,https://www.paris.co.kr/product/%ec%b4%88%ec%bd%9c%eb%a6%bf%eb%a8%b8%ed%95%80/,2026-08-11,True,True,https://d2afncas1tel3t.cloudfront.net/wp-content/uploads/2019/11/191104_1_140164.jpg,,https://www.paris.co.kr/product/%ec%b4%88%ec%bd%9c%eb%a6%bf%eb%a8%b8%ed%95%80/,2026-08-11,,,매장별 확인,,
파리바게뜨,촉촉한 몽블랑,빵,675.0,10.0,25.0,27.0,660.0,계란|우유|대두|밀,https://www.paris.co.kr/product/%ec%b4%89%ec%b4%89%ed%95%9c-%eb%aa%bd%eb%b8%94%eb%9e%91-2/,2026-08-11,True,True,https://d2afncas1tel3t.cloudfront.net/wp-content/uploads/촉촉한-몽블랑_썸네일1.jpg,,https://www.paris.co.kr/product/%ec%b4%89%ec%b4%89%ed%95%9c-%eb%aa%bd%eb%b8%94%eb%9e%91-2/,2026-08-11,,,매장별 확인,,
파리바게뜨,촉촉한 치즈케익,빵,307.0,5.0,6.0,23.0,115.0,계란|우유|대두|밀,https://www.paris.co.kr/product/%ec%b4%89%ec%b4%89%ed%95%9c-%ec%b9%98%ec%a6%88%ec%bc%80%ec%9d%b5/,2026-08-11,True,True,https://d2afncas1tel3t.cloudfront.net/wp-content/uploads/2019/11/191105_1_910198.jpg,,https://www.paris.co.kr/product/%ec%b4%89%ec%b4%89%ed%95%9c-%ec%b9%98%ec%a6%88%ec%bc%80%ec%9d%b5/,2026-08-11,,,매장별 확인,,
파리바게뜨,추억의 생도나스,빵,335.0,7.0,3.3,14.0,180.0,계란|우유|대두|밀,https://www.paris.co.kr/product/%ec%b6%94%ec%96%b5%ec%9d%98-%ec%83%9d%eb%8f%84%eb%82%98%ec%8a%a4/,2026-08-11,True,True,https://d2afncas1tel3t.cloudfront.net/wp-content/uploads/2023/05/230518_파리바게뜨_제품합성_추억의생도나스.png,,https://www.paris.co.kr/product/%ec%b6%94%ec%96%b5%ec%9d%98-%ec%83%9d%eb%8f%84%eb%82%98%ec%8a%a4/,2026-08-11,,,매장별 확인,,
파리바게뜨,치즈 듬뿍 어니언,빵,565.0,15.0,9.0,11.0,710.0,계란|우유|대두|밀|돼지고기,https://www.paris.co.kr/product/%ec%b9%98%ec%a6%88%eb%93%ac%eb%bf%8d%ec%96%b4%eb%8b%88%ec%96%b8/,2026-08-11,True,True,https://d2afncas1tel3t.cloudfront.net/wp-content/uploads/200310_치즈듬뿍어니언_합성.jpg,,https://www.paris.co.kr/product/%ec%b9%98%ec%a6%88%eb%93%ac%eb%bf%8d%ec%96%b4%eb%8b%88%ec%96%b8/,2026-08-11,,,매장별 확인,,
파리바게뜨,치즈듬뿍 볼로네제 파스타,간편식,665.0,27.0,11.0,12.0,1580.0,우유|대두|밀|쇠고기|닭고기|토마토|조개류,https://www.paris.co.kr/product/%ec%b9%98%ec%a6%88%eb%93%ac%eb%bf%8d-%eb%b3%bc%eb%a1%9c%eb%84%a4%ec%a0%9c-%ed%8c%8c%ec%8a%a4%ed%83%80/,2026-08-11,True,True,https://d2afncas1tel3t.cloudfront.net/wp-content/uploads/2022/07/치즈듬뿍볼로네제파스타_1_1000x1000.jpg,,https://www.paris.co.kr/product/%ec%b9%98%ec%a6%88%eb%93%ac%eb%bf%8d-%eb%b3%bc%eb%a1%9c%eb%84%a4%ec%a0%9c-%ed%8c%8c%ec%8a%a4%ed%83%80/,2026-08-11,,,매장별 확인,,
파리바게뜨,칠리크랩샌드위치,샌드위치·샐러드,530.0,13.0,11.0,9.0,1050.0,계란|우유|대두|밀|게|토마토,https://www.paris.co.kr/product/%ec%b9%a0%eb%a6%ac%ed%81%ac%eb%9e%a9%ec%83%8c%eb%93%9c%ec%9c%84%ec%b9%98/,2026-08-11,True,True,https://d2afncas1tel3t.cloudfront.net/wp-content/uploads/200629_칠리크랩SW.jpg,,https://www.paris.co.kr/product/%ec%b9%a0%eb%a6%ac%ed%81%ac%eb%9e%a9%ec%83%8c%eb%93%9c%ec%9c%84%ec%b9%98/,2026-08-11,,,매장별 확인,,
파리바게뜨,커피아이스캔디,디저트·스낵,120.0,2.0,4.2,9.0,30.0,우유,https://www.paris.co.kr/product/%ec%bb%a4%ed%94%bc-%ec%95%84%ec%9d%b4%ec%8a%a4%ec%ba%94%eb%94%94/,2026-08-11,True,True,https://d2afncas1tel3t.cloudfront.net/wp-content/uploads/2025/03/커피-아이스캔디-썸넬.jpg,,https://www.paris.co.kr/product/%ec%bb%a4%ed%94%bc-%ec%95%84%ec%9d%b4%ec%8a%a4%ec%ba%94%eb%94%94/,2026-08-11,,,매장별 확인,,
파리바게뜨,쿠키앤크림마카롱아이스크림,디저트·스낵,275.0,6.0,5.0,29.0,70.0,계란|우유|대두|밀,https://www.paris.co.kr/product/%ec%bf%a0%ed%82%a4%ec%95%a4%ed%81%ac%eb%a6%bc-%eb%a7%88%ec%b9%b4%eb%a1%b1-%ec%95%84%ec%9d%b4%ec%8a%a4%ed%81%ac%eb%a6%bc/,2026-08-11,True,True,https://d2afncas1tel3t.cloudfront.net/wp-content/uploads/2021/10/KakaoTalk_20230531_093810580_05.jpg,,https://www.paris.co.kr/product/%ec%bf%a0%ed%82%a4%ec%95%a4%ed%81%ac%eb%a6%bc-%eb%a7%88%ec%b9%b4%eb%a1%b1-%ec%95%84%ec%9d%b4%ec%8a%a4%ed%81%ac%eb%a6%bc/,2026-08-11,,,매장별 확인,,
파리바게뜨,크랜베리 치킨 리코타 샐러드,샌드위치·샐러드,195.0,12.0,7.0,6.0,340.0,계란|우유|대두|닭고기|토마토,https://www.paris.co.kr/product/%ed%81%ac%eb%9e%9c%eb%b2%a0%eb%a6%ac-%ec%b9%98%ed%82%a8-%eb%a6%ac%ec%bd%94%ed%83%80-%ec%83%90%eb%9f%ac%eb%93%9c/,2026-08-11,True,True,https://d2afncas1tel3t.cloudfront.net/wp-content/uploads/2024/05/크랜베리-리코타-샐러드.jpg,,https://www.paris.co.kr/product/%ed%81%ac%eb%9e%9c%eb%b2%a0%eb%a6%ac-%ec%b9%98%ed%82%a8-%eb%a6%ac%ec%bd%94%ed%83%80-%ec%83%90%eb%9f%ac%eb%93%9c/,2026-08-11,,,매장별 확인,,
파리바게뜨,크랩 샐러드랩,기타,280.0,9.0,2.3,20.0,940.0,계란|우유|대두|밀|게|토마토,https://www.paris.co.kr/product/%ed%81%ac%eb%9e%a9-%ec%83%90%eb%9f%ac%eb%93%9c%eb%9e%a9/,2026-08-11,True,True,https://d2afncas1tel3t.cloudfront.net/wp-content/uploads/201222_건강한크랩샐러드랩.jpg,,https://www.paris.co.kr/product/%ed%81%ac%eb%9e%a9-%ec%83%90%eb%9f%ac%eb%93%9c%eb%9e%a9/,2026-08-11,,,매장별 확인,,
파리바게뜨,크리스피 치킨 샐러드,샌드위치·샐러드,180.0,12.0,0.9,2.0,370.0,우유|대두|밀|닭고기|토마토,https://www.paris.co.kr/product/%ed%81%ac%eb%a6%ac%ec%8a%a4%ed%94%bc-%ec%b9%98%ed%82%a8-%ec%83%90%eb%9f%ac%eb%93%9c/,2026-08-11,True,True,https://d2afncas1tel3t.cloudfront.net/wp-content/uploads/2024/05/크리스피-치킨-샐러드.jpg,,https://www.paris.co.kr/product/%ed%81%ac%eb%a6%ac%ec%8a%a4%ed%94%bc-%ec%b9%98%ed%82%a8-%ec%83%90%eb%9f%ac%eb%93%9c/,2026-08-11,,,매장별 확인,,
파리바게뜨,탱글탱글 뽀드득 소시지,빵,355.0,14.0,6.0,11.0,780.0,계란|우유|대두|밀|돼지고기|쇠고기|토마토,https://www.paris.co.kr/product/%ed%83%b1%ea%b8%80%ed%83%b1%ea%b8%80-%eb%bd%80%eb%93%9c%eb%93%9d-%ec%86%8c%ec%8b%9c%ec%a7%80/,2026-08-11,True,True,https://d2afncas1tel3t.cloudfront.net/wp-content/uploads/2023/06/탱글탱글뽀드득소시지-전면-1.jpg,,https://www.paris.co.kr/product/%ed%83%b1%ea%b8%80%ed%83%b1%ea%b8%80-%eb%bd%80%eb%93%9c%eb%93%9d-%ec%86%8c%ec%8b%9c%ec%a7%80/,2026-08-11,,,매장별 확인,,
파리바게뜨,트러플오일&버섯크림 파스타,간편식,560.0,14.0,14.0,5.0,880.0,우유|대두|밀|닭고기,https://www.paris.co.kr/product/%ed%8a%b8%eb%9f%ac%ed%94%8c%ec%98%a4%ec%9d%bc%eb%b2%84%ec%84%af%ed%81%ac%eb%a6%bc-%ed%8c%8c%ec%8a%a4%ed%83%80/,2026-08-11,True,True,https://d2afncas1tel3t.cloudfront.net/wp-content/uploads/2022/07/트러플오일버섯크림파스타_1_1000x1000.jpg,,https://www.paris.co.kr/product/%ed%8a%b8%eb%9f%ac%ed%94%8c%ec%98%a4%ec%9d%bc%eb%b2%84%ec%84%af%ed%81%ac%eb%a6%bc-%ed%8c%8c%ec%8a%a4%ed%83%80/,2026-08-11,,,매장별 확인,,
파리바게뜨,팥아이스캔디,디저트·스낵,150.0,2.0,1.4,11.0,5.0,우유,https://www.paris.co.kr/product/%ed%8c%a5-%ec%95%84%ec%9d%b4%ec%8a%a4%ec%ba%94%eb%94%94/,2026-08-11,True,True,https://d2afncas1tel3t.cloudfront.net/wp-content/uploads/2025/03/팥-아이스캔디-썸넬.jpg,,https://www.paris.co.kr/product/%ed%8c%a5-%ec%95%84%ec%9d%b4%ec%8a%a4%ec%ba%94%eb%94%94/,2026-08-11,,,매장별 확인,,
파리바게뜨,핫도그도넛,빵,295.0,6.0,2.4,6.0,380.0,계란|대두|밀|돼지고기|쇠고기|토마토,https://www.paris.co.kr/product/%ed%95%ab%eb%8f%84%ea%b7%b8%eb%8f%84%eb%84%9b/,2026-08-11,True,True,https://d2afncas1tel3t.cloudfront.net/wp-content/uploads/2026/07/핫도그도넛-누끼.png,,https://www.paris.co.kr/product/%ed%95%ab%eb%8f%84%ea%b7%b8%eb%8f%84%eb%84%9b/,2026-08-11,,,매장별 확인,,
파리바게뜨,햄치즈 오리지널 머핀,샌드위치·샐러드,325.0,13.0,4.0,3.0,1110.0,계란|우유|대두|밀|돼지고기|쇠고기|조개류,https://www.paris.co.kr/product/%ed%96%84%ec%b9%98%ec%a6%88-%ec%98%a4%eb%a6%ac%ec%a7%80%eb%84%90-%eb%a8%b8%ed%95%80/,2026-08-11,True,True,https://d2afncas1tel3t.cloudfront.net/wp-content/uploads/2024/05/햄에그모닝-1280x1280-2.jpg,,https://www.paris.co.kr/product/%ed%96%84%ec%b9%98%ec%a6%88-%ec%98%a4%eb%a6%ac%ec%a7%80%eb%84%90-%eb%a8%b8%ed%95%80/,2026-08-11,,,매장별 확인,,
파리바게뜨,햄치즈 크라상 샌드위치,샌드위치·샐러드,375.0,10.0,13.0,9.0,670.0,계란|우유|대두|밀|돼지고기|쇠고기|토마토,https://www.paris.co.kr/product/%ed%96%84%ec%b9%98%ec%a6%88-%ed%81%ac%eb%9d%bc%ec%83%81-%ec%83%8c%eb%93%9c%ec%9c%84%ec%b9%98/,2026-08-11,True,True,https://d2afncas1tel3t.cloudfront.net/wp-content/uploads/2023/08/323049햄치즈크라상샌드위치-1280x1280.jpg,,https://www.paris.co.kr/product/%ed%96%84%ec%b9%98%ec%a6%88-%ed%81%ac%eb%9d%bc%ec%83%81-%ec%83%8c%eb%93%9c%ec%9c%84%ec%b9%98/,2026-08-11,,,매장별 확인,,
파리바게뜨,호두아몬드 크림치즈빵,빵,455.0,12.0,8.0,16.0,470.0,계란|우유|대두|밀|쇠고기,https://www.paris.co.kr/product/%ed%98%b8%eb%91%90%ec%95%84%eb%aa%ac%eb%93%9c-%ed%81%ac%eb%a6%bc%ec%b9%98%ec%a6%88%eb%b9%b5/,2026-08-11,True,True,https://d2afncas1tel3t.cloudfront.net/wp-content/uploads/2023/07/호두아몬드-크림치즈빵-1280x1280.jpg,,https://www.paris.co.kr/product/%ed%98%b8%eb%91%90%ec%95%84%eb%aa%ac%eb%93%9c-%ed%81%ac%eb%a6%bc%ec%b9%98%ec%a6%88%eb%b9%b5/,2026-08-11,,,매장별 확인,,
파리바게뜨,후르티아오젤리 석류,디저트·스낵,115.0,0.0,0.8,23.0,130.0,계란|우유|대두|밀|땅콩|새우|게|돼지고기|쇠고기|닭고기|토마토|오징어|조개류|복숭아,https://www.paris.co.kr/product/%ed%9b%84%eb%a5%b4%ed%8b%b0%ec%95%84%ec%98%a4%ec%a0%a4%eb%a6%ac-%ec%84%9d%eb%a5%98/,2026-08-11,True,True,https://d2afncas1tel3t.cloudfront.net/wp-content/uploads/210104_후르티아오젤리석류.jpg,,https://www.paris.co.kr/product/%ed%9b%84%eb%a5%b4%ed%8b%b0%ec%95%84%ec%98%a4%ec%a0%a4%eb%a6%ac-%ec%84%9d%eb%a5%98/,2026-08-11,,,매장별 확인,,
파리바게뜨,11곡 미숫가루 프로틴 쉐이크,음료,175.0,14.0,0.6,6.0,150.0,우유|대두,https://www.paris.co.kr/product/11-grains-powder-shake/,2026-08-11,True,True,https://d2afncas1tel3t.cloudfront.net/wp-content/uploads/2024/03/0327_상품등록_썸네일_1000x1000.png,,https://www.paris.co.kr/product/11-grains-powder-shake/,2026-08-11,,,매장별 확인,,
파리바게뜨,세 조각 카스테라(가성비),빵,395.0,8.0,0.7,41.0,110.0,계란|대두|밀,https://www.paris.co.kr/product/3-piece-castella/,2026-08-11,True,True,https://d2afncas1tel3t.cloudfront.net/wp-content/uploads/2026/03/세조각카스테라.png,,https://www.paris.co.kr/product/3-piece-castella/,2026-08-11,,,매장별 확인,,
파리바게뜨,애플망고 POP빙수,음료,560.0,6.0,5.0,88.0,100.0,우유,https://www.paris.co.kr/product/apple-mango-pop-shaved-ice/,2026-08-11,True,True,https://d2afncas1tel3t.cloudfront.net/wp-content/uploads/2025/11/애플망고-빙수.png,,https://www.paris.co.kr/product/apple-mango-pop-shaved-ice/,2026-08-11,,,매장별 확인,,
파리바게뜨,사각사각 애플파이,빵,245.0,3.0,10.0,4.0,230.0,우유|대두|밀,https://www.paris.co.kr/product/apple-pie/,2026-08-11,True,True,https://d2afncas1tel3t.cloudfront.net/wp-content/uploads/2023/10/02사각사각애플파이_단면.jpg,,https://www.paris.co.kr/product/apple-pie/,2026-08-11,,,매장별 확인,,
파리바게뜨,BELT샌드위치,샌드위치·샐러드,440.0,16.0,3.3,9.0,870.0,계란|우유|대두|밀|돼지고기|쇠고기|토마토|조개류,https://www.paris.co.kr/product/bacon-egg-lettuce-tomato-sandwich/,2026-08-11,True,True,https://d2afncas1tel3t.cloudfront.net/wp-content/uploads/2024/11/BELT-샌드위치-썸넬.png,,https://www.paris.co.kr/product/bacon-egg-lettuce-tomato-sandwich/,2026-08-11,,,매장별 확인,,
파리바게뜨,[파란라벨]바질페스토 치킨토스트,샌드위치·샐러드,490.0,24.0,6.0,9.0,990.0,계란|우유|대두|밀|닭고기,https://www.paris.co.kr/product/basil-chicken-toast/,2026-08-11,True,True,https://d2afncas1tel3t.cloudfront.net/wp-content/uploads/2025/09/바질페스토-치킨토스트_썸넬.png,,https://www.paris.co.kr/product/basil-chicken-toast/,2026-08-11,,,매장별 확인,,
파리바게뜨,바질콘 피자빵,빵,245.0,7.0,2.1,3.0,320.0,계란|우유|대두|밀,https://www.paris.co.kr/product/basil-corn-pizza-bread/,2026-08-11,True,True,https://d2afncas1tel3t.cloudfront.net/wp-content/uploads/2026/05/바질콘치즈피자빵_45도.png,,https://www.paris.co.kr/product/basil-corn-pizza-bread/,2026-08-11,,,매장별 확인,,
파리바게뜨,[파란라벨]바질리코타 호밀샌드위치,샌드위치·샐러드,545.0,17.0,10.0,6.0,800.0,계란|우유|대두|밀|돼지고기|토마토,https://www.paris.co.kr/product/basil-ricotta-sandwich/,2026-08-11,True,True,https://d2afncas1tel3t.cloudfront.net/wp-content/uploads/2025/02/바질리코타-호밀-샌드위치.jpg,,https://www.paris.co.kr/product/basil-ricotta-sandwich/,2026-08-11,,,매장별 확인,,
파리바게뜨,바질 리코타 토마토 파스타,간편식,430.0,13.0,5.0,9.0,1260.0,계란|우유|대두|밀|쇠고기|닭고기|토마토|조개류,https://www.paris.co.kr/product/basil-ricotta-tomato-pasta/,2026-08-11,True,True,https://d2afncas1tel3t.cloudfront.net/wp-content/uploads/2026/04/HMR-바질-리코타-토마토-파스타_시뮬제품.png,,https://www.paris.co.kr/product/basil-ricotta-tomato-pasta/,2026-08-11,,,매장별 확인,,
파리바게뜨,곰곰이 베리 하트해,선물,695.0,8.0,27.0,37.0,110.0,우유|대두,https://www.paris.co.kr/product/bear-heart-chocolate-2/,2026-08-11,True,True,https://d2afncas1tel3t.cloudfront.net/wp-content/uploads/2026/01/곰곰이베리하트해.jpg,,https://www.paris.co.kr/product/bear-heart-chocolate-2/,2026-08-11,,,매장별 확인,,
파리바게뜨,곰곰이 젤리해(망고&포도),디저트·스낵,230.0,4.0,0.0,34.0,0.0,돼지고기,https://www.paris.co.kr/product/bear-jelly-mango-grape/,2026-08-11,True,True,https://d2afncas1tel3t.cloudfront.net/wp-content/uploads/2023/07/곰곰이-젤리해망고포도.png,,https://www.paris.co.kr/product/bear-jelly-mango-grape/,2026-08-11,,,매장별 확인,,
파리바게뜨,베리 오트밀 쿠키,디저트·스낵,165.0,3.0,3.3,11.0,130.0,계란|우유|대두|밀,https://www.paris.co.kr/product/berry-oatmeal-cookie/,2026-08-11,True,True,https://d2afncas1tel3t.cloudfront.net/wp-content/uploads/2025/03/베리-오트밀-쿠키.png,,https://www.paris.co.kr/product/berry-oatmeal-cookie/,2026-08-11,,,매장별 확인,,
파리바게뜨,빅 아이스 아메리카노,음료,15.0,1.0,0.0,0.0,20.0,,https://www.paris.co.kr/product/big-ice-americano/,2026-08-11,True,True,https://d2afncas1tel3t.cloudfront.net/wp-content/uploads/211001_빅아이스아메리카노-1280.jpg,,https://www.paris.co.kr/product/big-ice-americano/,2026-08-11,,,매장별 확인,,
파리바게뜨,빅! 우피파이,빵,166.0,3.0,2.0,14.0,62.0,계란|우유|대두|밀|돼지고기|쇠고기,https://www.paris.co.kr/product/big-whoopie-pie/,2026-08-11,True,True,https://d2afncas1tel3t.cloudfront.net/wp-content/uploads/2026/05/빅우피파이.png,,https://www.paris.co.kr/product/big-whoopie-pie/,2026-08-11,,,매장별 확인,,
파리바게뜨,[파란라벨]흑보리 깜빠뉴,빵,1095.0,36.0,6.0,20.0,1650.0,우유|대두|밀,https://www.paris.co.kr/product/black-barley-bread/,2026-08-11,True,True,https://d2afncas1tel3t.cloudfront.net/wp-content/uploads/2026/02/흑보리깜빠뉴.png,,https://www.paris.co.kr/product/black-barley-bread/,2026-08-11,,,매장별 확인,,
파리바게뜨,흑미보리차,기타,12.0,0.0,0.0,0.0,15.0,,https://www.paris.co.kr/product/black-barley-tea/,2026-08-11,True,True,https://d2afncas1tel3t.cloudfront.net/wp-content/uploads/2021/05/흑미보리차하프라벨.jpg,,https://www.paris.co.kr/product/black-barley-tea/,2026-08-11,,,매장별 확인,,
파리바게뜨,촉촉한 바나나케익,빵,345.0,10.0,3.3,7.0,770.0,우유|대두|밀,https://www.paris.co.kr/product/black-olive-cheese-bagel/,2026-08-11,True,True,https://d2afncas1tel3t.cloudfront.net/wp-content/uploads/2023/02/블랙올리브치즈베이글_001.jpg,블랙올리브 고소한 롤치즈가 들어간 짭조름하게 맛있는 베이글,https://www.paris.co.kr/product/black-olive-cheese-bagel/,2026-08-11,,,매장별 확인,,
파리바게뜨,블랙올리브 치즈 치아바타 샌드위치,샌드위치·샐러드,415.0,17.0,4.4,5.0,1070.0,계란|우유|대두|밀|돼지고기|쇠고기|닭고기|토마토,https://www.paris.co.kr/product/black-olive-cheese-ciabatta-sandwich/,2026-08-11,True,True,https://d2afncas1tel3t.cloudfront.net/wp-content/uploads/2024/04/블랙올리브치즈치아바타-누끼컷-2.png,,https://www.paris.co.kr/product/black-olive-cheese-ciabatta-sandwich/,2026-08-11,,,매장별 확인,,
파리바게뜨,흑임자 베이글,빵,345.0,10.0,1.7,11.0,530.0,우유|대두|밀,https://www.paris.co.kr/product/black-sesame-bagel/,2026-08-11,True,True,https://d2afncas1tel3t.cloudfront.net/wp-content/uploads/2026/07/흑임자베이글.png,,https://www.paris.co.kr/product/black-sesame-bagel/,2026-08-11,,,매장별 확인,,
파리바게뜨,유자가나슈 마카롱,디저트·스낵,90.0,1.0,1.9,10.0,10.0,계란|우유|대두,https://www.paris.co.kr/product/blueberry-macaron/,2026-08-11,True,True,https://d2afncas1tel3t.cloudfront.net/wp-content/uploads/574740-블루베리-마카롱_썸네일1.png,부드러운 크림 사이에 상큼한 블루베리잼이 어우러진 블루베리 마카롱,https://www.paris.co.kr/product/blueberry-macaron/,2026-08-11,,,매장별 확인,,
파리바게뜨,블루베리 머핀,빵,310.0,4.0,3.4,18.0,180.0,계란|우유|대두|밀,https://www.paris.co.kr/product/blueberry-muffin/,2026-08-11,True,True,https://d2afncas1tel3t.cloudfront.net/wp-content/uploads/2026/05/블루베리머핀.png,,https://www.paris.co.kr/product/blueberry-muffin/,2026-08-11,,,매장별 확인,,
파리바게뜨,인생크림빵 소보루,빵,415.0,6.0,4.9,23.0,340.0,계란|우유|대두|밀,https://www.paris.co.kr/product/brown-sugar-hotteok/,2026-08-11,True,True,https://d2afncas1tel3t.cloudfront.net/wp-content/uploads/574755-쫀득흑당호떡_썸네일1.jpg,달콤한 흑당이 듬뿍~고소한 견과류로 고소하게 즐기는 쫀득흑당호떡,https://www.paris.co.kr/product/brown-sugar-hotteok/,2026-08-11,,,매장별 확인,,
파리바게뜨,불고기 에그 샐러드랩,샌드위치·샐러드,425.0,14.0,4.7,11.0,1100.0,계란|우유|대두|밀|돼지고기|쇠고기|토마토,https://www.paris.co.kr/product/bulgogi-egg-salad-wrap/,2026-08-11,True,True,https://d2afncas1tel3t.cloudfront.net/wp-content/uploads/2024/03/건강한-불고기에그-샐러드랩_1000x1000.png,,https://www.paris.co.kr/product/bulgogi-egg-salad-wrap/,2026-08-11,,,매장별 확인,,
파리바게뜨,불고기 샐러드,샌드위치·샐러드,231.0,11.0,3.1,0.8,620.0,계란|우유|대두|밀|돼지고기|쇠고기|닭고기|토마토|조개류,https://www.paris.co.kr/product/bulgogi-salad/,2026-08-11,True,True,https://d2afncas1tel3t.cloudfront.net/wp-content/uploads/2026/04/9000276-불고기샐러드.png,,https://www.paris.co.kr/product/bulgogi-salad/,2026-08-11,,,매장별 확인,,
파리바게뜨,버터 크라상 파이(낱개),빵,75.0,1.0,2.1,4.0,70.0,계란|우유|대두|밀,https://www.paris.co.kr/product/butter-croissant-pie-2/,2026-08-11,True,True,https://d2afncas1tel3t.cloudfront.net/wp-content/uploads/2025/08/버터크라상파이-썸넬.jpg,,https://www.paris.co.kr/product/butter-croissant-pie-2/,2026-08-11,,,매장별 확인,,
파리바게뜨,버터 크라상 파이(8개입),선물,600.0,8.0,16.8,32.0,560.0,계란|우유|대두|밀,https://www.paris.co.kr/product/butter-croissant-pie-set/,2026-08-11,True,True,https://d2afncas1tel3t.cloudfront.net/wp-content/uploads/2025/08/버터크라상파이-리뉴얼-썸넬.png,,https://www.paris.co.kr/product/butter-croissant-pie-set/,2026-08-11,,,매장별 확인,,
파리바게뜨,[파란라벨]치킨에그 통곡물 샌드위치,샌드위치·샐러드,635.0,23.0,6.0,13.0,1360.0,계란|우유|대두|밀|쇠고기|닭고기|토마토|조개류,https://www.paris.co.kr/product/caesar-chicken-egg-sandwich/,2026-08-11,True,True,https://d2afncas1tel3t.cloudfront.net/wp-content/uploads/2025/02/시저치킨에그-통곡물-샌드위치.jpg,,https://www.paris.co.kr/product/caesar-chicken-egg-sandwich/,2026-08-11,,,매장별 확인,,
파리바게뜨,시저치킨 샐러드,샌드위치·샐러드,253.0,17.0,4.1,5.0,700.0,계란|우유|대두|밀|쇠고기|닭고기|토마토|조개류,https://www.paris.co.kr/product/caesar-chicken-salad/,2026-08-11,True,True,https://d2afncas1tel3t.cloudfront.net/wp-content/uploads/2026/04/9000275-시저치킨샐러드.png,,https://www.paris.co.kr/product/caesar-chicken-salad/,2026-08-11,,,매장별 확인,,
파리바게뜨,시저치킨 멀티그레인 샌드위치,샌드위치·샐러드,495.0,19.0,2.6,6.0,850.0,계란|우유|대두|밀|쇠고기|닭고기|토마토|조개류,https://www.paris.co.kr/product/caesar-chicken-sandwich-with-multigrain-bread/,2026-08-11,True,True,https://d2afncas1tel3t.cloudfront.net/wp-content/uploads/2026/02/시저치킨멀티그레인샌드위치.png,,https://www.paris.co.kr/product/caesar-chicken-sandwich-with-multigrain-bread/,2026-08-11,,,매장별 확인,,
파리바게뜨,카페 아다지오 크림라떼,음료,179.0,5.0,4.7,23.0,70.0,우유,https://www.paris.co.kr/product/cafe-adagio-cream-latte/,2026-08-11,True,True,https://d2afncas1tel3t.cloudfront.net/wp-content/uploads/2025/06/카페아다지오-컵커피-크림라떼-썸넬.jpg,,https://www.paris.co.kr/product/cafe-adagio-cream-latte/,2026-08-11,,,매장별 확인,,
파리바게뜨,카페 아다지오 딥쇼콜라라떼,음료,190.0,5.0,4.5,24.0,164.0,우유|대두,https://www.paris.co.kr/product/cafe-adagio-mocha-latte/,2026-08-11,True,True,https://d2afncas1tel3t.cloudfront.net/wp-content/uploads/2025/06/카페아다지오-컵커피-딥쇼콜라-라떼-썸넬.jpg,,https://www.paris.co.kr/product/cafe-adagio-mocha-latte/,2026-08-11,,,매장별 확인,,
파리바게뜨,카라멜 라떼 크림빵,빵,240.0,4.0,5.0,11.0,230.0,계란|우유|대두|밀,https://www.paris.co.kr/product/caramel-latte-cream-bread/,2026-08-11,True,True,https://d2afncas1tel3t.cloudfront.net/wp-content/uploads/2025/06/카라멜-라떼-크림빵-썸넬3.jpg,,https://www.paris.co.kr/product/caramel-latte-cream-bread/,2026-08-11,,,매장별 확인,,
파리바게뜨,당근이세요? 케이크,케이크,435.0,8.0,7.0,23.0,230.0,계란|우유|대두|밀,https://www.paris.co.kr/product/carrot-cake/,2026-08-11,True,True,https://d2afncas1tel3t.cloudfront.net/wp-content/uploads/2026/06/당근이세요-케이크.png,,https://www.paris.co.kr/product/carrot-cake/,2026-08-11,,,매장별 확인,,
파리바게뜨,카스테라생크림도넛,빵,285.0,3.0,6.0,9.0,160.0,계란|우유|대두|밀,https://www.paris.co.kr/product/castella-cream-donut/,2026-08-11,True,True,https://d2afncas1tel3t.cloudfront.net/wp-content/uploads/2025/07/카스테라-생크림-도넛단면-썸넬.png,,https://www.paris.co.kr/product/castella-cream-donut/,2026-08-11,,,매장별 확인,,
파리바게뜨,황치즈 페스츄리,빵,230.0,5.0,7.0,6.0,310.0,계란|우유|대두|밀|닭고기,https://www.paris.co.kr/product/cheddar-cheese-pastry/,2026-08-11,True,True,https://d2afncas1tel3t.cloudfront.net/wp-content/uploads/2026/05/황치즈롤페스츄리.png,,https://www.paris.co.kr/product/cheddar-cheese-pastry/,2026-08-11,,,매장별 확인,,
파리바게뜨,[파란라벨]롤치즈 브레드,빵,590.0,24.0,15.0,9.0,1460.0,우유|대두|밀,https://www.paris.co.kr/product/cheese-bread/,2026-08-11,True,True,https://d2afncas1tel3t.cloudfront.net/wp-content/uploads/2025/08/롤치즈브레드_썸넬.jpg,,https://www.paris.co.kr/product/cheese-bread/,2026-08-11,,,매장별 확인,,
파리바게뜨,고소한 치즈 핑거스틱,빵,320.0,8.0,9.0,13.0,430.0,계란|우유|대두|밀,https://www.paris.co.kr/product/cheese-finger-stick/,2026-08-11,True,True,https://d2afncas1tel3t.cloudfront.net/wp-content/uploads/2026/05/고소한-치즈-핑거스틱.jpg,,https://www.paris.co.kr/product/cheese-finger-stick/,2026-08-11,,,매장별 확인,,
파리바게뜨,[파란라벨]치즈감자 치아바타,빵,370.0,21.0,2.9,6.0,730.0,우유|대두|밀,https://www.paris.co.kr/product/cheese-potato-ciabatta/,2026-08-11,True,True,https://d2afncas1tel3t.cloudfront.net/wp-content/uploads/2025/08/치즈감자치아바타_썸넬2.jpg,,https://www.paris.co.kr/product/cheese-potato-ciabatta/,2026-08-11,,,매장별 확인,,
파리바게뜨,치즈 파운드,빵,130.0,2.0,4.5,10.0,90.0,계란|우유|대두|밀,https://www.paris.co.kr/product/cheese-pound/,2026-08-11,True,True,https://d2afncas1tel3t.cloudfront.net/wp-content/uploads/2026/05/치즈-슬라이스-파운드.png,,https://www.paris.co.kr/product/cheese-pound/,2026-08-11,,,매장별 확인,,
파리바게뜨,체리 젤라또,디저트·스낵,110.0,2.0,1.5,18.0,15.0,우유,https://www.paris.co.kr/product/cherry-gelato/,2026-08-11,True,True,https://d2afncas1tel3t.cloudfront.net/wp-content/uploads/2025/03/체리-젤라또-썸넬-new.jpg,,https://www.paris.co.kr/product/cherry-gelato/,2026-08-11,,,매장별 확인,,
파리바게뜨,밤양갱,선물,155.0,1.0,0.1,27.0,20.0,우유|대두,https://www.paris.co.kr/product/chestnut-jelly/,2026-08-11,True,True,https://d2afncas1tel3t.cloudfront.net/wp-content/uploads/2025/11/밤-양갱-썸넬.png,,https://www.paris.co.kr/product/chestnut-jelly/,2026-08-11,,,매장별 확인,,
파리바게뜨,복덕밤만주,선물,990.0,18.0,6.0,108.0,630.0,계란|우유|대두|밀,https://www.paris.co.kr/product/chestnut-manju/,2026-08-11,True,True,https://d2afncas1tel3t.cloudfront.net/wp-content/uploads/2025/02/복덕밤만주_제품.jpg,,https://www.paris.co.kr/product/chestnut-manju/,2026-08-11,,,매장별 확인,,
파리바게뜨,곡물 가득 치킨 아몬드 샌드위치,샌드위치·샐러드,410.0,15.0,2.1,8.0,680.0,계란|우유|대두|밀|쇠고기|닭고기|토마토,https://www.paris.co.kr/product/chicken-almond-sandwich/,2026-08-11,True,True,https://d2afncas1tel3t.cloudfront.net/wp-content/uploads/2025/09/곡물가득-치킨아몬드-샌드위치_썸넬.png,,https://www.paris.co.kr/product/chicken-almond-sandwich/,2026-08-11,,,매장별 확인,,
파리바게뜨,치킨디럭스 샌드위치,샌드위치·샐러드,445.0,19.0,6.0,7.0,900.0,계란|우유|대두|밀|돼지고기|닭고기|토마토,https://www.paris.co.kr/product/chicken-deluxe-sandwich/,2026-08-11,True,True,https://d2afncas1tel3t.cloudfront.net/wp-content/uploads/2024/07/치킨디럭스샌드위치-1280x1280.png,,https://www.paris.co.kr/product/chicken-deluxe-sandwich/,2026-08-11,,,매장별 확인,,
파리바게뜨,단백질 듬뿍 치킨 에그샐러드,샌드위치·샐러드,190.0,15.0,2.1,2.0,560.0,계란|우유|대두|닭고기|토마토,https://www.paris.co.kr/product/chicken-egg-sandwich/,2026-08-11,True,True,https://d2afncas1tel3t.cloudfront.net/wp-content/uploads/2024/05/단백질-듬뿍-에그-샐러드.jpg,,https://www.paris.co.kr/product/chicken-egg-sandwich/,2026-08-11,,,매장별 확인,,
파리바게뜨,중화풍 잡채볶음밥,간편식,320.0,7.0,1.4,6.0,1200.0,대두|밀|돼지고기|닭고기,https://www.paris.co.kr/product/chinese-style-japchae-fried-rice/,2026-08-11,True,True,https://d2afncas1tel3t.cloudfront.net/wp-content/uploads/2025/08/중화풍잡채볶음밥-썸넬.png,,https://www.paris.co.kr/product/chinese-style-japchae-fried-rice/,2026-08-11,,,매장별 확인,,
파리바게뜨,중화 울면,간편식,350.0,14.0,0.8,9.0,2260.0,계란|대두|밀|새우|돼지고기|쇠고기|오징어|조개류,https://www.paris.co.kr/product/chinese-ulmyeon/,2026-08-11,True,True,https://d2afncas1tel3t.cloudfront.net/wp-content/uploads/2025/04/중화울면-썸넬2.jpg,,https://www.paris.co.kr/product/chinese-ulmyeon/,2026-08-11,,,매장별 확인,,
파리바게뜨,초코카스테라,선물,285.0,6.0,3.5,23.0,120.0,계란|우유|대두|밀,https://www.paris.co.kr/product/choco-castella/,2026-08-11,True,True,https://d2afncas1tel3t.cloudfront.net/wp-content/uploads/2024/12/초코카스테라-썸넬1.jpg,,https://www.paris.co.kr/product/choco-castella/,2026-08-11,,,매장별 확인,,
파리바게뜨,초코칩 월넛 쿠키,기타,175.0,2.0,3.6,14.0,115.0,계란|우유|대두|밀,https://www.paris.co.kr/product/choco-chip-walnut-cookie/,2026-08-11,True,True,https://d2afncas1tel3t.cloudfront.net/wp-content/uploads/2026/06/초코칩-월넛-쿠키.png,,https://www.paris.co.kr/product/choco-chip-walnut-cookie/,2026-08-11,,,매장별 확인,,
파리바게뜨,초코티라미수 랑그드샤,선물,290.0,4.0,9.0,19.0,85.0,계란|우유|대두|밀|쇠고기,https://www.paris.co.kr/product/choco-tiramisu-langue-de-chat/,2026-08-11,True,True,https://d2afncas1tel3t.cloudfront.net/wp-content/uploads/2025/04/PB-랑그드샤_초코.jpg,,https://www.paris.co.kr/product/choco-tiramisu-langue-de-chat/,2026-08-11,,,매장별 확인,,
파리바게뜨,쇼콜라 사브레,선물,450.0,6.0,15.0,18.0,120.0,계란|우유|대두|밀,https://www.paris.co.kr/product/chocolat-sable/,2026-08-11,True,True,https://d2afncas1tel3t.cloudfront.net/wp-content/uploads/2025/08/쇼콜라-샤브레-썸넬.png,,https://www.paris.co.kr/product/chocolat-sable/,2026-08-11,,,매장별 확인,,
파리바게뜨,초코바게뜨,빵,350.0,9.0,3.9,17.0,480.0,우유|대두|밀,https://www.paris.co.kr/product/chocolate-baguette/,2026-08-11,True,True,https://d2afncas1tel3t.cloudfront.net/wp-content/uploads/2026/06/초코바게뜨.png,,https://www.paris.co.kr/product/chocolate-baguette/,2026-08-11,,,매장별 확인,,
파리바게뜨,LA쫀득도넛,빵,235.0,2.0,7.0,9.0,95.0,계란|우유|대두|밀,https://www.paris.co.kr/product/chocolate-chewy-donut/,2026-08-11,True,True,https://d2afncas1tel3t.cloudfront.net/wp-content/uploads/2026/01/LA쫀득도넛.jpg,,https://www.paris.co.kr/product/chocolate-chewy-donut/,2026-08-11,,,매장별 확인,,
파리바게뜨,초코 청크스콘,디저트·스낵,405.0,7.0,13.0,18.0,380.0,계란|우유|대두|밀,https://www.paris.co.kr/product/chocolate-chunk-scone/,2026-08-11,True,True,https://d2afncas1tel3t.cloudfront.net/wp-content/uploads/2026/06/초코청크스콘.png,,https://www.paris.co.kr/product/chocolate-chunk-scone/,2026-08-11,,,매장별 확인,,
파리바게뜨,쇼콜라크림도넛,빵,240.0,5.0,6.0,8.0,210.0,계란|우유|대두|밀,https://www.paris.co.kr/product/chocolate-cream-donut/,2026-08-11,True,True,https://d2afncas1tel3t.cloudfront.net/wp-content/uploads/2026/04/쇼콜라크림도넛.png,,https://www.paris.co.kr/product/chocolate-cream-donut/,2026-08-11,,,매장별 확인,,
파리바게뜨,초코마카롱,디저트·스낵,90.0,2.0,1.7,8.0,5.0,계란|우유|대두,https://www.paris.co.kr/product/chocolate-macaron/,2026-08-11,True,True,https://d2afncas1tel3t.cloudfront.net/wp-content/uploads/574734-초코마카롱_썸네일1-1280x1280.png,초코 본연의 깊고 진한 맛을 즐길 수 있는 초코 마카롱,https://www.paris.co.kr/product/chocolate-macaron/,2026-08-11,,,매장별 확인,,
파리바게뜨,초코초코 롤리초코,선물,116.0,1.0,4.7,10.0,10.0,우유|대두,https://www.paris.co.kr/product/chocolate-shape-stick-chocolate/,2026-08-11,True,True,https://d2afncas1tel3t.cloudfront.net/wp-content/uploads/2026/01/초코초코롤리초코.jpg,,https://www.paris.co.kr/product/chocolate-shape-stick-chocolate/,2026-08-11,,,매장별 확인,,
파리바게뜨,초코멜로베어 밀크,디저트·스낵,155.0,2.0,2.0,22.0,15.0,우유|대두|쇠고기,https://www.paris.co.kr/product/chocomallow-bear-milk/,2026-08-11,True,True,https://d2afncas1tel3t.cloudfront.net/wp-content/uploads/2026/01/초코멜로베어-밀크_제품.png,,https://www.paris.co.kr/product/chocomallow-bear-milk/,2026-08-11,,,매장별 확인,,
파리바게뜨,촉촉한 클래식 치즈케이크,케이크,305.0,6.0,7.0,20.0,200.0,계란|우유|대두|밀,https://www.paris.co.kr/product/classic-cheese-cake/,2026-08-11,True,True,https://d2afncas1tel3t.cloudfront.net/wp-content/uploads/2025/04/촉촉한-클래식-치즈케이크-썸넬.jpg,,https://www.paris.co.kr/product/classic-cheese-cake/,2026-08-11,,,매장별 확인,,
파리바게뜨,쿠키 앤 치즈 케이크,케이크,450.0,5.0,16.0,23.0,180.0,계란|우유|대두|밀|돼지고기,https://www.paris.co.kr/product/cookie-and-cheese-cake/,2026-08-11,True,True,https://d2afncas1tel3t.cloudfront.net/wp-content/uploads/2026/06/쿠키앤치즈-케이크.png,,https://www.paris.co.kr/product/cookie-and-cheese-cake/,2026-08-11,,,매장별 확인,,
파리바게뜨,크랜베리 치킨 브라운 샌드위치,샌드위치·샐러드,490.0,14.0,3.4,11.0,690.0,계란|우유|대두|밀|쇠고기|닭고기|토마토,https://www.paris.co.kr/product/cranberry-chicken-grain-sandwich/,2026-08-11,True,True,https://d2afncas1tel3t.cloudfront.net/wp-content/uploads/2024/11/크랜베리치킨-브라운-샌드위치-썸넬.png,,https://www.paris.co.kr/product/cranberry-chicken-grain-sandwich/,2026-08-11,,,매장별 확인,,
파리바게뜨,[파란라벨]크랜베리 호밀 깜빠뉴,빵,630.0,24.0,1.6,20.0,1400.0,우유|대두|밀,https://www.paris.co.kr/product/cranberry-rye-bread/,2026-08-11,True,True,https://d2afncas1tel3t.cloudfront.net/wp-content/uploads/2025/02/크랜베리호밀깜빠뉴-슬라이스.jpg,,https://www.paris.co.kr/product/cranberry-rye-bread/,2026-08-11,,,매장별 확인,,
파리바게뜨,크랜베리 사브레,선물,445.0,5.0,16.0,13.0,100.0,계란|우유|밀,https://www.paris.co.kr/product/cranberry-sable/,2026-08-11,True,True,https://d2afncas1tel3t.cloudfront.net/wp-content/uploads/2026/01/크랜베리-사브레.jpg,,https://www.paris.co.kr/product/cranberry-sable/,2026-08-11,,,매장별 확인,,
파리바게뜨,짱구는 못말려 청포도맛(PET),음료,78.0,0.0,0.0,17.0,5.0,,https://www.paris.co.kr/product/crayon-shinchan-green-grape-juice/,2026-08-11,True,True,https://d2afncas1tel3t.cloudfront.net/wp-content/uploads/2023/11/짱구는-못말려.png,,https://www.paris.co.kr/product/crayon-shinchan-green-grape-juice/,2026-08-11,,,매장별 확인,,
파리바게뜨,크림치즈롤 페스츄리,빵,130.0,2.0,4.0,4.0,130.0,계란|우유|대두|밀|쇠고기,https://www.paris.co.kr/product/cream-cheese-pasty/,2026-08-11,True,True,https://d2afncas1tel3t.cloudfront.net/wp-content/uploads/2025/02/크림치즈롤-썸넬2.jpg,,https://www.paris.co.kr/product/cream-cheese-pasty/,2026-08-11,,,매장별 확인,,
파리바게뜨,크림치즈 프레즐,빵,160.0,4.0,2.6,3.0,390.0,우유|대두|밀|쇠고기,https://www.paris.co.kr/product/cream-cheese-pretzel/,2026-08-11,True,True,https://d2afncas1tel3t.cloudfront.net/wp-content/uploads/2024/02/크림치즈-프레즐-1280x1280.png,,https://www.paris.co.kr/product/cream-cheese-pretzel/,2026-08-11,,,매장별 확인,,
파리바게뜨,크레이프 케이크 (조각),케이크,430.0,6.0,3.2,17.0,105.0,계란|우유|대두|밀,https://www.paris.co.kr/product/crepe-cake-piece/,2026-08-11,True,True,https://d2afncas1tel3t.cloudfront.net/wp-content/uploads/2025/05/크레이프케이크-썸넬-업뎃.jpg,,https://www.paris.co.kr/product/crepe-cake-piece/,2026-08-11,,,매장별 확인,,
파리바게뜨,슈크림빵,빵,250.0,6.0,3.1,13.0,180.0,계란|우유|대두|밀,https://www.paris.co.kr/product/custard-cream-bread/,2026-08-11,True,True,https://d2afncas1tel3t.cloudfront.net/wp-content/uploads/2019/11/슈크림빵점포조리-썸넬.jpg,,https://www.paris.co.kr/product/custard-cream-bread/,2026-08-11,,,매장별 확인,,
파리바게뜨,데일리주스 복숭아&망고,음료,135.0,0.0,0.0,33.0,0.0,복숭아,https://www.paris.co.kr/product/daily-juice-peach-mango/,2026-08-11,True,True,https://d2afncas1tel3t.cloudfront.net/wp-content/uploads/2023/07/썸네일_데일리주스_02_피치망고.jpg,,https://www.paris.co.kr/product/daily-juice-peach-mango/,2026-08-11,,,매장별 확인,,
파리바게뜨,진한 초코 브라우니 쿠키,디저트·스낵,520.0,7.0,15.0,33.0,260.0,계란|우유|대두|밀,https://www.paris.co.kr/product/deep-chocolate-brownie-cookie/,2026-08-11,True,True,https://d2afncas1tel3t.cloudfront.net/wp-content/uploads/2026/02/진한초코브라우니쿠키.png,,https://www.paris.co.kr/product/deep-chocolate-brownie-cookie/,2026-08-11,,,매장별 확인,,
파리바게뜨,브라운 디럭스 샌드위치,샌드위치·샐러드,455.0,14.0,5.0,9.0,920.0,계란|우유|대두|밀|돼지고기|토마토,https://www.paris.co.kr/product/deluxe-grain-sandwich/,2026-08-11,True,True,https://d2afncas1tel3t.cloudfront.net/wp-content/uploads/2024/11/브라운디럭스샌드위치-썸넬.png,,https://www.paris.co.kr/product/deluxe-grain-sandwich/,2026-08-11,,,매장별 확인,,
파리바게뜨,두쫀 타르트,디저트·스낵,295.0,4.0,6.0,13.0,80.0,계란|우유|대두|밀|땅콩|쇠고기,https://www.paris.co.kr/product/dubai-style-chewy-tart/,2026-08-11,True,True,https://d2afncas1tel3t.cloudfront.net/wp-content/uploads/2026/01/두쫀타르트.jpg,,https://www.paris.co.kr/product/dubai-style-chewy-tart/,2026-08-11,,,매장별 확인,,
파리바게뜨,에그샐러드샌드위치,샌드위치·샐러드,475.0,16.0,6.0,6.0,890.0,계란|우유|대두|밀|돼지고기|닭고기,https://www.paris.co.kr/product/egg-salad-sandwich/,2026-08-11,True,True,https://d2afncas1tel3t.cloudfront.net/wp-content/uploads/2023/06/에그샐러드샌드위치-1280x1280.png,,https://www.paris.co.kr/product/egg-salad-sandwich/,2026-08-11,,,매장별 확인,,
파리바게뜨,한입만 에그마요롤(가성비),샌드위치·샐러드,195.0,5.0,2.3,4.0,240.0,계란|우유|대두|밀,https://www.paris.co.kr/product/egg-sandwich/,2026-08-11,True,True,https://d2afncas1tel3t.cloudfront.net/wp-content/uploads/2026/02/한입만에그마요롤.png,,https://www.paris.co.kr/product/egg-sandwich/,2026-08-11,,,매장별 확인,,
파리바게뜨,에그쉬림프 샌드위치,샌드위치·샐러드,470.0,18.0,4.2,9.0,730.0,계란|우유|대두|밀|새우|토마토,https://www.paris.co.kr/product/egg-shrimp-sandwich/,2026-08-11,True,True,https://d2afncas1tel3t.cloudfront.net/wp-content/uploads/2024/08/에그쉬림프-샌드위치-1280x1280.png,,https://www.paris.co.kr/product/egg-shrimp-sandwich/,2026-08-11,,,매장별 확인,,
파리바게뜨,치즈듬뿍 치킨로제 도리아,간편식,555.0,22.0,13.0,9.0,1740.0,우유|대두|밀|쇠고기|닭고기|토마토|조개류,https://www.paris.co.kr/product/extra-cheesy-chicken-rose-doria/,2026-08-11,True,True,https://d2afncas1tel3t.cloudfront.net/wp-content/uploads/2026/04/HMR-치즈듬뿍-치킨로제-도리아.png,,https://www.paris.co.kr/product/extra-cheesy-chicken-rose-doria/,2026-08-11,,,매장별 확인,,
파리바게뜨,프렌치 붓세(가성비),빵,151.0,2.0,3.0,12.0,45.0,계란|우유|대두|밀,https://www.paris.co.kr/product/french-bouchee/,2026-08-11,True,True,https://d2afncas1tel3t.cloudfront.net/wp-content/uploads/2026/02/프렌치붓세.png,,https://www.paris.co.kr/product/french-bouchee/,2026-08-11,,,매장별 확인,,
파리바게뜨,프랑스정통바게뜨(H),빵,365.0,12.0,0.5,4.0,650.0,밀,https://www.paris.co.kr/product/french-style-baguette-half/,2026-08-11,True,True,https://d2afncas1tel3t.cloudfront.net/wp-content/uploads/2025/03/프랑스-정통-바게뜨-썸넬2.jpg,,https://www.paris.co.kr/product/french-style-baguette-half/,2026-08-11,,,매장별 확인,,
파리바게뜨,프랑스정통바게뜨,빵,730.0,23.0,1.1,8.0,1300.0,밀,https://www.paris.co.kr/product/french-style-baguette/,2026-08-11,True,True,https://d2afncas1tel3t.cloudfront.net/wp-content/uploads/2025/03/프랑스-정통-바게뜨-썸넬1.jpg,,https://www.paris.co.kr/product/french-style-baguette/,2026-08-11,,,매장별 확인,,
파리바게뜨,부드러운 후레쉬 크림빵,빵,305.0,5.0,9.0,14.0,260.0,계란|우유|대두|밀,https://www.paris.co.kr/product/fresh-cream-bread/,2026-08-11,True,True,https://d2afncas1tel3t.cloudfront.net/wp-content/uploads/2024/12/부드러운후레쉬크림빵-썸넬3.jpg,,https://www.paris.co.kr/product/fresh-cream-bread/,2026-08-11,,,매장별 확인,,
파리바게뜨,우유 생크림 카스테라,선물,435.0,8.0,10.0,30.0,140.0,계란|우유|대두|밀,https://www.paris.co.kr/product/fresh-milk-cream-castella/,2026-08-11,True,True,https://d2afncas1tel3t.cloudfront.net/wp-content/uploads/2026/06/우유생크림카스테라-제품.png,,https://www.paris.co.kr/product/fresh-milk-cream-castella/,2026-08-11,,,매장별 확인,,
파리바게뜨,부드러운 초코가나슈 케이크,케이크,355.0,5.0,14.0,18.0,65.0,계란|우유|대두|밀,https://www.paris.co.kr/product/ganache-chocolate-cake/,2026-08-11,True,True,https://d2afncas1tel3t.cloudfront.net/wp-content/uploads/2024/03/thum_부드러운-초코가나슈-케이크.png,,https://www.paris.co.kr/product/ganache-chocolate-cake/,2026-08-11,,,매장별 확인,,
파리바게뜨,NEW 마늘바게뜨,빵,800.0,22.0,7.0,15.0,1410.0,계란|우유|대두|밀,https://www.paris.co.kr/product/garlic-baguette/,2026-08-11,True,True,https://d2afncas1tel3t.cloudfront.net/wp-content/uploads/2024/03/NEW마늘바게뜨_1000x1000.jpg,,https://www.paris.co.kr/product/garlic-baguette/,2026-08-11,,,매장별 확인,,
파리바게뜨,마늘빵 (5개입),빵,355.0,7.0,4.3,17.0,460.0,계란|우유|대두|밀,https://www.paris.co.kr/product/garlic-bread-5p/,2026-08-11,True,True,https://d2afncas1tel3t.cloudfront.net/wp-content/uploads/2024/03/712cb759-50a9-4521-a01c-2100e3716007.png,,https://www.paris.co.kr/product/garlic-bread-5p/,2026-08-11,,,매장별 확인,,
파리바게뜨,마늘빵,빵,70.0,1.0,0.9,3.0,90.0,계란|우유|대두|밀,https://www.paris.co.kr/product/garlic-bread/,2026-08-11,True,True,https://d2afncas1tel3t.cloudfront.net/wp-content/uploads/2024/03/마늘빵_1000x1000.jpg,,https://www.paris.co.kr/product/garlic-bread/,2026-08-11,,,매장별 확인,,
파리바게뜨,갈릭 꼬구마(가성비),빵,75.0,1.0,2.0,3.0,90.0,계란|우유|대두|밀,https://www.paris.co.kr/product/garlic-sweet-potato-pastry/,2026-08-11,True,True,https://d2afncas1tel3t.cloudfront.net/wp-content/uploads/2026/02/1.-갈릭-꼬구마.png,,https://www.paris.co.kr/product/garlic-sweet-potato-pastry/,2026-08-11,,,매장별 확인,,
파리바게뜨,생강레몬 캔디,디저트·스낵,285.0,0.0,0.0,55.0,0.0,대두,https://www.paris.co.kr/product/ginger-lemon-candy/,2026-08-11,True,True,https://d2afncas1tel3t.cloudfront.net/wp-content/uploads/2026/04/생강레몬캔디-제품.png,,https://www.paris.co.kr/product/ginger-lemon-candy/,2026-08-11,,,매장별 확인,,
파리바게뜨,고추장 불고기 샌드위치,샌드위치·샐러드,395.0,13.0,2.7,20.0,970.0,계란|우유|대두|밀|돼지고기|쇠고기|닭고기|조개류,https://www.paris.co.kr/product/gochujang-bulgogi-sandwich/,2026-08-11,True,True,https://d2afncas1tel3t.cloudfront.net/wp-content/uploads/2026/07/고추장불고기샌드위치.png,,https://www.paris.co.kr/product/gochujang-bulgogi-sandwich/,2026-08-11,,,매장별 확인,,
파리바게뜨,황치즈 쫀득 츄러스,빵,210.0,3.0,4.2,5.0,250.0,계란|우유|대두|밀,https://www.paris.co.kr/product/golden-cheese-chewy-churros/,2026-08-11,True,True,https://d2afncas1tel3t.cloudfront.net/wp-content/uploads/2026/06/황치즈쫀득츄러스.png,,https://www.paris.co.kr/product/golden-cheese-chewy-churros/,2026-08-11,,,매장별 확인,,
파리바게뜨,3가지맛 굿모닝 샌드위치,샌드위치·샐러드,560.0,13.0,5.0,15.0,740.0,계란|우유|대두|밀|돼지고기|토마토,https://www.paris.co.kr/product/good-morning-sandwich/,2026-08-11,True,True,https://d2afncas1tel3t.cloudfront.net/wp-content/uploads/2024/11/3가지맛-굿모닝-샌드위치-썸넬.jpg,,https://www.paris.co.kr/product/good-morning-sandwich/,2026-08-11,,,매장별 확인,,
파리바게뜨,그릴치즈 베이컨포테이토,빵,315.0,11.0,4.7,4.0,450.0,계란|우유|대두|밀|돼지고기|쇠고기|토마토,https://www.paris.co.kr/product/grilled-cheese-bacon-potato/,2026-08-11,True,True,https://d2afncas1tel3t.cloudfront.net/wp-content/uploads/2025/12/그릴치즈베이컨토마토-1.jpg,,https://www.paris.co.kr/product/grilled-cheese-bacon-potato/,2026-08-11,,,매장별 확인,,
파리바게뜨,그릴치즈 바질토마토,빵,305.0,12.0,6.0,3.0,560.0,계란|우유|대두|밀|돼지고기|쇠고기|토마토,https://www.paris.co.kr/product/grilled-cheese-basil-tomato/,2026-08-11,True,True,https://d2afncas1tel3t.cloudfront.net/wp-content/uploads/2025/12/그릴치즈바질토마토.jpg,,https://www.paris.co.kr/product/grilled-cheese-basil-tomato/,2026-08-11,,,매장별 확인,,
파리바게뜨,반반 후.크.샌 연유와 옥수수,빵,880.0,18.0,20.0,33.0,810.0,계란|우유|대두|밀,https://www.paris.co.kr/product/half-and-half-cream-sand-bread_fresh-corn/,2026-08-11,True,True,https://d2afncas1tel3t.cloudfront.net/wp-content/uploads/2025/07/반반-후크센_연유옥수수-썸넬1.png,,https://www.paris.co.kr/product/half-and-half-cream-sand-bread_fresh-corn/,2026-08-11,,,매장별 확인,,
파리바게뜨,반반 후.크.샌 연유와 땅콩,빵,875.0,18.0,20.0,27.0,820.0,계란|우유|대두|밀|땅콩,https://www.paris.co.kr/product/half-and-half-cream-sand-bread_fresh-peanut/,2026-08-11,True,True,https://d2afncas1tel3t.cloudfront.net/wp-content/uploads/2025/11/반반-후크샌-썸네일1.jpg,,https://www.paris.co.kr/product/half-and-half-cream-sand-bread_fresh-peanut/,2026-08-11,,,매장별 확인,,
파리바게뜨,반반 연유 딸기 바게뜨,빵,550.0,9.0,14.0,19.0,580.0,우유|대두|밀,https://www.paris.co.kr/product/half-half-cream-baguette-fresh-strawberry/,2026-08-11,True,True,https://d2afncas1tel3t.cloudfront.net/wp-content/uploads/2026/01/반반-연유-딸기-바게뜨제품.png,,https://www.paris.co.kr/product/half-half-cream-baguette-fresh-strawberry/,2026-08-11,,,매장별 확인,,
파리바게뜨,반반 후.크.샌 연유와 딸기,빵,920.0,20.0,30.0,18.0,960.0,계란|우유|대두|밀,https://www.paris.co.kr/product/half-half-cream-sand-bread-fresh-strawberry/,2026-08-11,True,True,https://d2afncas1tel3t.cloudfront.net/wp-content/uploads/2026/01/반반-후크샌-연유와-딸기제품.png,,https://www.paris.co.kr/product/half-half-cream-sand-bread-fresh-strawberry/,2026-08-11,,,매장별 확인,,
파리바게뜨,햄치즈 피크닉 샌드위치,샌드위치·샐러드,225.0,8.0,5.0,5.0,470.0,계란|우유|대두|밀|돼지고기,https://www.paris.co.kr/product/ham-and-cheese-picnic-sandwich/,2026-08-11,True,True,https://d2afncas1tel3t.cloudfront.net/wp-content/uploads/2026/04/두입만햄치즈샌드위치-제품.png,,https://www.paris.co.kr/product/ham-and-cheese-picnic-sandwich/,2026-08-11,,,매장별 확인,,
파리바게뜨,햄&치즈 샌드위치,샌드위치·샐러드,420.0,14.0,5.0,7.0,860.0,계란|우유|대두|밀|돼지고기|쇠고기|토마토,https://www.paris.co.kr/product/ham-and-cheese-sandwich/,2026-08-11,True,True,https://d2afncas1tel3t.cloudfront.net/wp-content/uploads/2025/04/햄앤치즈샌드위치-썸넬.png,,https://www.paris.co.kr/product/ham-and-cheese-sandwich/,2026-08-11,,,매장별 확인,,
파리바게뜨,햄치즈 베이글 샌드위치,샌드위치·샐러드,435.0,16.0,6.0,6.0,960.0,계란|우유|대두|밀|돼지고기|조개류,https://www.paris.co.kr/product/ham-cheese-bagel-sandwich/,2026-08-11,True,True,https://d2afncas1tel3t.cloudfront.net/wp-content/uploads/2024/10/햄치즈-베이글-샌드위치web-1280x1280.jpg,,https://www.paris.co.kr/product/ham-cheese-bagel-sandwich/,2026-08-11,,,매장별 확인,,
파리바게뜨,에그듬뿍햄치즈든든토스트,샌드위치·샐러드,265.0,10.0,4.2,2.0,560.0,계란|우유|대두|밀|돼지고기,https://www.paris.co.kr/product/ham-cheese-egg-toast/,2026-08-11,True,True,https://d2afncas1tel3t.cloudfront.net/wp-content/uploads/2024/05/321719-2.jpg,,https://www.paris.co.kr/product/ham-cheese-egg-toast/,2026-08-11,,,매장별 확인,,
파리바게뜨,햄에그 컵 샐러드,샌드위치·샐러드,215.0,9.0,2.9,4.0,400.0,계란|우유|대두|밀|돼지고기|토마토,https://www.paris.co.kr/product/ham-egg-cup-salad/,2026-08-11,True,True,https://d2afncas1tel3t.cloudfront.net/wp-content/uploads/2026/07/햄에그컵샐러드.png,,https://www.paris.co.kr/product/ham-egg-cup-salad/,2026-08-11,,,매장별 확인,,
파리바게뜨,한입만 햄치즈롤(가성비),샌드위치·샐러드,125.0,4.0,1.8,4.0,270.0,계란|우유|대두|밀|돼지고기|토마토,https://www.paris.co.kr/product/hamcheese-sandwich/,2026-08-11,True,True,https://d2afncas1tel3t.cloudfront.net/wp-content/uploads/2026/02/한입만햄치즈롤.png,,https://www.paris.co.kr/product/hamcheese-sandwich/,2026-08-11,,,매장별 확인,,
파리바게뜨,고운단팥행복만주(낱개),선물,150.0,3.0,0.5,10.0,60.0,계란|우유|대두|밀,https://www.paris.co.kr/product/happy-clover-redbean-bread-3/,2026-08-11,True,True,https://d2afncas1tel3t.cloudfront.net/wp-content/uploads/2024/10/행복만주-웹3.jpg,,https://www.paris.co.kr/product/happy-clover-redbean-bread-3/,2026-08-11,,,매장별 확인,,
파리바게뜨,치킨커틀릿 샐러드랩,샌드위치·샐러드,400.0,17.0,3.2,18.0,1000.0,계란|우유|대두|밀|쇠고기|닭고기|토마토,https://www.paris.co.kr/product/healthy-chicken-cutlet-salad-wrap/,2026-08-11,True,True,https://d2afncas1tel3t.cloudfront.net/wp-content/uploads/2025/09/치킨커틀릿샐러드랩-썸넬_251110.png,,https://www.paris.co.kr/product/healthy-chicken-cutlet-salad-wrap/,2026-08-11,,,매장별 확인,,
파리바게뜨,하트초코 프레첼,선물,325.0,6.0,9.0,13.0,410.0,우유|대두|밀|아황산류,https://www.paris.co.kr/product/heart-choco-pretzel/,2026-08-11,True,True,https://d2afncas1tel3t.cloudfront.net/wp-content/uploads/2025/04/하트초코프레첼-썸넬-1.png,,https://www.paris.co.kr/product/heart-choco-pretzel/,2026-08-11,,,매장별 확인,,
파리바게뜨,통통하트 롤리팝,선물,101.0,1.0,3.9,11.0,13.0,우유|대두,https://www.paris.co.kr/product/heart-shape-stick-chocolate/,2026-08-11,True,True,https://d2afncas1tel3t.cloudfront.net/wp-content/uploads/2026/01/통통하트롤리팝.jpg,,https://www.paris.co.kr/product/heart-shape-stick-chocolate/,2026-08-11,,,매장별 확인,,
파리바게뜨,하트딸기 프레첼,선물,330.0,7.0,11.0,19.0,380.0,우유|대두|밀|아황산류,https://www.paris.co.kr/product/heart-strawberry-pretzel/,2026-08-11,True,True,https://d2afncas1tel3t.cloudfront.net/wp-content/uploads/2025/04/딸기초코프레첼-썸넬2.png,,https://www.paris.co.kr/product/heart-strawberry-pretzel/,2026-08-11,,,매장별 확인,,
파리바게뜨,카페라떼,음료,140.0,7.0,5.0,9.0,100.0,우유,https://www.paris.co.kr/product/hot-cafe-latte/,2026-08-11,True,True,https://d2afncas1tel3t.cloudfront.net/wp-content/uploads/2023/10/200406_HOT라떼-1280x1280-1.jpg,,https://www.paris.co.kr/product/hot-cafe-latte/,2026-08-11,,,매장별 확인,,
파리바게뜨,카페모카,음료,220.0,6.0,4.5,25.0,115.0,우유,https://www.paris.co.kr/product/hot-cafe-mocha/,2026-08-11,True,True,https://d2afncas1tel3t.cloudfront.net/wp-content/uploads/200507_핫초코.jpg,,https://www.paris.co.kr/product/hot-cafe-mocha/,2026-08-11,,,매장별 확인,,
파리바게뜨,(HOT) 아메리카노,음료,15.0,1.0,0.0,0.0,10.0,,https://www.paris.co.kr/product/hot-caramel-macchiato-2/,2026-08-11,True,True,https://d2afncas1tel3t.cloudfront.net/wp-content/uploads/2023/10/200406_HOT아메리카노-1280x1280-1.jpg,,https://www.paris.co.kr/product/hot-caramel-macchiato-2/,2026-08-11,,,매장별 확인,,
파리바게뜨,카라멜 마끼아또,음료,220.0,6.0,4.5,24.0,110.0,우유,https://www.paris.co.kr/product/hot-caramel-macchiato/,2026-08-11,True,True,https://d2afncas1tel3t.cloudfront.net/wp-content/uploads/2026/05/310302-카라멜-마끼아또-핫.jpg,,https://www.paris.co.kr/product/hot-caramel-macchiato/,2026-08-11,,,매장별 확인,,
파리바게뜨,핫초코포레누아,음료,280.0,9.0,6.0,27.0,110.0,우유|대두,https://www.paris.co.kr/product/hot-choco-black-forest/,2026-08-11,True,True,https://d2afncas1tel3t.cloudfront.net/wp-content/uploads/2024/11/핫초코포레누아.jpg,,https://www.paris.co.kr/product/hot-choco-black-forest/,2026-08-11,,,매장별 확인,,
파리바게뜨,(HOT) 문경 오미자 차,기타,155.0,0.0,0.0,36.0,10.0,,https://www.paris.co.kr/product/hotmungyeong-schisandra-tea/,2026-08-11,True,True,https://d2afncas1tel3t.cloudfront.net/wp-content/uploads/2025/04/문경오미자차핫.png,,https://www.paris.co.kr/product/hotmungyeong-schisandra-tea/,2026-08-11,,,매장별 확인,,
파리바게뜨,(ICE) 아메리카노,음료,15.0,1.0,0.0,0.0,10.0,,https://www.paris.co.kr/product/ice-americano/,2026-08-11,True,True,https://d2afncas1tel3t.cloudfront.net/wp-content/uploads/2023/10/아메리카노-1280x1280-1.jpg,,https://www.paris.co.kr/product/ice-americano/,2026-08-11,,,매장별 확인,,
파리바게뜨,아이스 카라멜 마끼아또,음료,210.0,5.0,3.5,23.0,100.0,우유,https://www.paris.co.kr/product/ice-caramel-macchiato/,2026-08-11,True,True,https://d2afncas1tel3t.cloudfront.net/wp-content/uploads/2026/05/310297-카라멜-마끼아또-아이스.jpg,,https://www.paris.co.kr/product/ice-caramel-macchiato/,2026-08-11,,,매장별 확인,,
파리바게뜨,아이스초코포레누아,음료,300.0,10.0,7.0,28.0,130.0,우유|대두,https://www.paris.co.kr/product/ice-choco-black-forest/,2026-08-11,True,True,https://d2afncas1tel3t.cloudfront.net/wp-content/uploads/2024/11/아이스초코포레누아.jpg,,https://www.paris.co.kr/product/ice-choco-black-forest/,2026-08-11,,,매장별 확인,,
파리바게뜨,(ICE) 바닐라라떼,음료,200.0,5.0,3.5,30.0,80.0,우유,https://www.paris.co.kr/product/iced-vanilla-latte/,2026-08-11,True,True,https://d2afncas1tel3t.cloudfront.net/wp-content/uploads/2023/12/아이스바닐라라떼.png,,https://www.paris.co.kr/product/iced-vanilla-latte/,2026-08-11,,,매장별 확인,,
파리바게뜨,[파란라벨]잠봉치즈 머쉬룸 멀티그레인,샌드위치·샐러드,380.0,18.0,5.0,3.0,610.0,계란|우유|대두|밀|돼지고기,https://www.paris.co.kr/product/jambon-cheese-mushroom-sandwich/,2026-08-11,True,True,https://d2afncas1tel3t.cloudfront.net/wp-content/uploads/2025/09/잠봉치즈-머쉬룸-멀티그레인_썸넬.png,,https://www.paris.co.kr/product/jambon-cheese-mushroom-sandwich/,2026-08-11,,,매장별 확인,,
파리바게뜨,제주 천혜향 파운드,빵,160.0,3.0,2.8,12.0,75.0,계란|우유|대두|밀,https://www.paris.co.kr/product/jeju-cheonhyehyang-pound/,2026-08-11,True,True,https://d2afncas1tel3t.cloudfront.net/wp-content/uploads/2026/05/제주천혜향-슬라이스-파운드.png,,https://www.paris.co.kr/product/jeju-cheonhyehyang-pound/,2026-08-11,,,매장별 확인,,
파리바게뜨,제주 말차 라떼,음료,195.0,6.1,3.3,9.0,79.6,우유,https://www.paris.co.kr/product/jeju-matcha-latte/,2026-08-11,True,True,https://d2afncas1tel3t.cloudfront.net/wp-content/uploads/2025/09/제주말차라떼-핫-썸넬.jpg,,https://www.paris.co.kr/product/jeju-matcha-latte/,2026-08-11,,,매장별 확인,,
파리바게뜨,제주 우도 땅콩빵,선물,1098.0,14.0,22.0,63.0,630.0,계란|우유|대두|밀|땅콩,https://www.paris.co.kr/product/jeju-udo-peanut-bread/,2026-08-11,True,True,https://d2afncas1tel3t.cloudfront.net/wp-content/uploads/2026/04/제주우도땅콩빵-제품.png,,https://www.paris.co.kr/product/jeju-udo-peanut-bread/,2026-08-11,,,매장별 확인,,
파리바게뜨,젤리베어 네가지과일맛,디저트·스낵,230.0,4.0,0.0,38.0,5.0,돼지고기|복숭아,https://www.paris.co.kr/product/jelly-bear-peach-orange-mango-green-apple/,2026-08-11,True,True,https://d2afncas1tel3t.cloudfront.net/wp-content/uploads/2026/07/젤리베어.png,,https://www.paris.co.kr/product/jelly-bear-peach-orange-mango-green-apple/,2026-08-11,,,매장별 확인,,
파리바게뜨,젤리베어 사우어 청사과맛,디저트·스낵,232.0,4.0,0.0,39.0,40.0,돼지고기,https://www.paris.co.kr/product/jelly-bear-sour-green-apple/,2026-08-11,True,True,https://d2afncas1tel3t.cloudfront.net/wp-content/uploads/2026/07/젤리베어_청사과맛.png,,https://www.paris.co.kr/product/jelly-bear-sour-green-apple/,2026-08-11,,,매장별 확인,,
파리바게뜨,젤리베어 사우어 메론소다맛,디저트·스낵,235.0,3.0,0.0,36.0,55.0,돼지고기,https://www.paris.co.kr/product/jelly-bear-sour-melon-soda/,2026-08-11,True,True,https://d2afncas1tel3t.cloudfront.net/wp-content/uploads/2026/07/젤리베어_메론소다맛.png,,https://www.paris.co.kr/product/jelly-bear-sour-melon-soda/,2026-08-11,,,매장별 확인,,
파리바게뜨,주스레드 (JUS레드),음료,92.0,0.0,0.0,20.0,25.0,,https://www.paris.co.kr/product/juice-red-jus-red/,2026-08-11,True,True,https://d2afncas1tel3t.cloudfront.net/wp-content/uploads/2022/09/주스레드-JUS레드_1000x1000.jpg,,https://www.paris.co.kr/product/juice-red-jus-red/,2026-08-11,,,매장별 확인,,
파리바게뜨,주스옐로우 (JUS옐로우),음료,99.0,0.8,0.0,21.0,15.0,,https://www.paris.co.kr/product/juice-yellow-jus-yellow/,2026-08-11,True,True,https://d2afncas1tel3t.cloudfront.net/wp-content/uploads/JUS-주스-옐로우.jpg,상큼 과즙 가득한 오렌지와 건강한 당근이 들어간 주스,https://www.paris.co.kr/product/juice-yellow-jus-yellow/,2026-08-11,,,매장별 확인,,
파리바게뜨,양갱미감,선물,1920.0,16.0,0.4,364.0,400.0,우유|대두,https://www.paris.co.kr/product/korean-traditional-jelly-gift-set/,2026-08-11,True,True,https://d2afncas1tel3t.cloudfront.net/wp-content/uploads/2025/10/양갱미감.jpg,,https://www.paris.co.kr/product/korean-traditional-jelly-gift-set/,2026-08-11,,,매장별 확인,,
파리바게뜨,프렌치 뀐아망,빵,325.0,4.0,13.0,17.0,340.0,계란|우유|밀,https://www.paris.co.kr/product/kouign-amann/,2026-08-11,True,True,https://d2afncas1tel3t.cloudfront.net/wp-content/uploads/2024/04/201007_뀐아망-탑-1_1000x1000.png,,https://www.paris.co.kr/product/kouign-amann/,2026-08-11,,,매장별 확인,,
파리바게뜨,LA초코볼(3개입),빵,375.0,11.0,4.7,15.0,470.0,우유|대두|밀|땅콩,https://www.paris.co.kr/product/la-choco-ball-bread/,2026-08-11,True,True,https://d2afncas1tel3t.cloudfront.net/wp-content/uploads/2026/04/LA초코볼.png,,https://www.paris.co.kr/product/la-choco-ball-bread/,2026-08-11,,,매장별 확인,,
파리바게뜨,LA초코쫀득도넛,빵,225.0,2.0,7.0,9.0,95.0,계란|우유|대두|밀,https://www.paris.co.kr/product/la-chocolate-chewy-donut/,2026-08-11,True,True,https://d2afncas1tel3t.cloudfront.net/wp-content/uploads/2026/04/LA초코쫀득도넛.png,,https://www.paris.co.kr/product/la-chocolate-chewy-donut/,2026-08-11,,,매장별 확인,,
파리바게뜨,LA우피파이,빵,90.0,2.0,1.0,9.0,60.0,계란|우유|대두|밀|돼지고기|쇠고기,https://www.paris.co.kr/product/la-whoopie-pie/,2026-08-11,True,True,https://d2afncas1tel3t.cloudfront.net/wp-content/uploads/2026/01/LAFC_우피파이.jpg,,https://www.paris.co.kr/product/la-whoopie-pie/,2026-08-11,,,매장별 확인,,
파리바게뜨,라고 카카오 웨하스,선물,640.0,7.3,30.1,47.0,191.3,우유|대두|밀,https://www.paris.co.kr/product/lago-cacao-wafers/,2026-08-11,True,True,https://d2afncas1tel3t.cloudfront.net/wp-content/uploads/2026/05/신규-라고_카카오.png,,https://www.paris.co.kr/product/lago-cacao-wafers/,2026-08-11,,,매장별 확인,,
파리바게뜨,라고 헤이즐넛 웨하스,선물,640.0,7.5,30.0,48.0,180.0,우유|대두|밀,https://www.paris.co.kr/product/lago-hazelnut-wafers/,2026-08-11,True,True,https://d2afncas1tel3t.cloudfront.net/wp-content/uploads/2026/05/신규-라고_헤이즐넛.png,,https://www.paris.co.kr/product/lago-hazelnut-wafers/,2026-08-11,,,매장별 확인,,
파리바게뜨,라고 바닐라 웨하스,선물,655.0,5.0,30.0,38.0,185.0,우유|대두|밀,https://www.paris.co.kr/product/lago-vanilla-wafers/,2026-08-11,True,True,https://d2afncas1tel3t.cloudfront.net/wp-content/uploads/2026/05/신규-라고_바닐라.png,,https://www.paris.co.kr/product/lago-vanilla-wafers/,2026-08-11,,,매장별 확인,,
파리바게뜨,레몬 크림 마들렌,선물,920.0,16.0,11.2,104.0,600.0,계란|우유|대두|밀,https://www.paris.co.kr/product/lemon-cream-madeleine-set/,2026-08-11,True,True,https://d2afncas1tel3t.cloudfront.net/wp-content/uploads/2026/07/레몬크림마들렌-제품.png,,https://www.paris.co.kr/product/lemon-cream-madeleine-set/,2026-08-11,,,매장별 확인,,
파리바게뜨,저당 베리 통밀 쿠키,디저트·스낵,330.0,4.0,8.0,3.0,300.0,계란|우유|밀,https://www.paris.co.kr/product/low-sugar-berry-and-whole-wheat-cookie/,2026-08-11,True,True,https://d2afncas1tel3t.cloudfront.net/wp-content/uploads/2026/06/저당-베리-통밀-쿠키.png,,https://www.paris.co.kr/product/low-sugar-berry-and-whole-wheat-cookie/,2026-08-11,,,매장별 확인,,
파리바게뜨,[파란라벨]저당 카카오 케이크(조각),케이크,350.0,5.0,13.0,2.0,90.0,계란|우유|대두|밀|돼지고기,https://www.paris.co.kr/product/low-sugar-cacao-cake-2/,2026-08-11,True,True,https://d2afncas1tel3t.cloudfront.net/wp-content/uploads/2026/02/저당카카오케이크-조각.png,,https://www.paris.co.kr/product/low-sugar-cacao-cake-2/,2026-08-11,,,매장별 확인,,
파리바게뜨,[파란라벨]저당 닭가슴살 샌드위치,샌드위치·샐러드,485.0,20.0,3.4,9.0,1010.0,계란|우유|대두|밀|돼지고기|쇠고기|닭고기|토마토,https://www.paris.co.kr/product/low-sugar-chicken-breast-sandwich/,2026-08-11,True,True,https://d2afncas1tel3t.cloudfront.net/wp-content/uploads/2026/02/저당닭가슴살SW.png,,https://www.paris.co.kr/product/low-sugar-chicken-breast-sandwich/,2026-08-11,,,매장별 확인,,
파리바게뜨,저당 초코 오트밀 쿠키,디저트·스낵,335.0,5.0,9.0,3.0,300.0,계란|우유|대두|밀,https://www.paris.co.kr/product/low-sugar-choco-oatmeal-cookie/,2026-08-11,True,True,https://d2afncas1tel3t.cloudfront.net/wp-content/uploads/2025/08/저당쿠키_초코호두_썸넬.png,,https://www.paris.co.kr/product/low-sugar-choco-oatmeal-cookie/,2026-08-11,,,매장별 확인,,
파리바게뜨,저당 그래놀라,디저트·스낵,160.0,4.0,2.8,1.0,32.0,대두|밀,https://www.paris.co.kr/product/low-sugar-granola/,2026-08-11,True,True,https://d2afncas1tel3t.cloudfront.net/wp-content/uploads/2025/09/저당-그래놀라_썸넬1.png,,https://www.paris.co.kr/product/low-sugar-granola/,2026-08-11,,,매장별 확인,,
파리바게뜨,저당 그릭요거트 케이크(조각),케이크,230.0,4.0,9.0,4.0,75.0,계란|우유|대두|밀|돼지고기,https://www.paris.co.kr/product/low-sugar-greek-yogurt-cake/,2026-08-11,True,True,https://d2afncas1tel3t.cloudfront.net/wp-content/uploads/2026/01/저당-그릭요거트-케이크조각.jpg,,https://www.paris.co.kr/product/low-sugar-greek-yogurt-cake/,2026-08-11,,,매장별 확인,,
파리바게뜨,저당 할라피뇨&랜치 드레싱,샌드위치·샐러드,90.0,0.3,1.2,0.8,340.0,계란|우유|대두,https://www.paris.co.kr/product/low-sugar-jalapenoranch-dressing/,2026-08-11,True,True,https://d2afncas1tel3t.cloudfront.net/wp-content/uploads/2026/03/9000196-저당할라피뇨랜치드레싱.png,,https://www.paris.co.kr/product/low-sugar-jalapenoranch-dressing/,2026-08-11,,,매장별 확인,,
파리바게뜨,아이스 말차 라떼,음료,170.0,8.0,6.0,13.0,130.0,우유,https://www.paris.co.kr/product/low-sugar-matcha-latte-iced/,2026-08-11,True,True,https://d2afncas1tel3t.cloudfront.net/wp-content/uploads/2025/09/제주말차라떼-아이스-썸넬.jpg,,https://www.paris.co.kr/product/low-sugar-matcha-latte-iced/,2026-08-11,,,매장별 확인,,
파리바게뜨,[파란라벨]저당 요거트크림빵,빵,335.0,6.0,12.0,4.0,250.0,계란|우유|대두|밀,https://www.paris.co.kr/product/low-sugar-yogurt-cream-bread/,2026-08-11,True,True,https://d2afncas1tel3t.cloudfront.net/wp-content/uploads/2026/05/저당요거트크림빵.png,,https://www.paris.co.kr/product/low-sugar-yogurt-cream-bread/,2026-08-11,,,매장별 확인,,
파리바게뜨,저당 요거트 쉐이크,음료,290.0,11.0,5.6,12.8,181.4,우유|대두,https://www.paris.co.kr/product/low-sugar-yogurtshake/,2026-08-11,True,True,https://d2afncas1tel3t.cloudfront.net/wp-content/uploads/2025/07/PSD-저당-요거트-쉐이크-홍보물-썸네일.png,,https://www.paris.co.kr/product/low-sugar-yogurtshake/,2026-08-11,,,매장별 확인,,
파리바게뜨,망고밤 샌드,샌드위치·샐러드,465.0,9.0,9.0,29.0,440.0,우유|대두|밀,https://www.paris.co.kr/product/mango-bomb-sandwich/,2026-08-11,True,True,https://d2afncas1tel3t.cloudfront.net/wp-content/uploads/2026/07/망고밤샌드포장.png,,https://www.paris.co.kr/product/mango-bomb-sandwich/,2026-08-11,,,매장별 확인,,
파리바게뜨,마르게리타 피자,간편식,664.0,26.0,10.0,9.0,1115.0,우유|대두|밀|쇠고기|닭고기|토마토|조개류,https://www.paris.co.kr/product/margherita-pizza/,2026-08-11,True,True,https://d2afncas1tel3t.cloudfront.net/wp-content/uploads/2025/10/HMR_마르게리따피자.png,,https://www.paris.co.kr/product/margherita-pizza/,2026-08-11,,,매장별 확인,,
파리바게뜨,말차라떼 랑그드샤,선물,290.0,4.0,10.0,22.0,60.0,계란|우유|대두|밀|쇠고기,https://www.paris.co.kr/product/matcha-chocolate-langue-de-chat/,2026-08-11,True,True,https://d2afncas1tel3t.cloudfront.net/wp-content/uploads/2026/01/PB-랑그드샤_말차.jpg,,https://www.paris.co.kr/product/matcha-chocolate-langue-de-chat/,2026-08-11,,,매장별 확인,,
파리바게뜨,말차 젤라또,디저트·스낵,95.0,2.0,0.3,13.0,0.0,우유,https://www.paris.co.kr/product/matcha-gelato/,2026-08-11,True,True,https://d2afncas1tel3t.cloudfront.net/wp-content/uploads/2025/03/말차-젤라또-썸넬.jpg,,https://www.paris.co.kr/product/matcha-gelato/,2026-08-11,,,매장별 확인,,
파리바게뜨,명품 고기잡채고로케,빵,275.0,9.0,2.5,5.0,520.0,계란|우유|대두|밀|돼지고기|닭고기|조개류,https://www.paris.co.kr/product/meat-japchae-croquette/,2026-08-11,True,True,https://d2afncas1tel3t.cloudfront.net/wp-content/uploads/2023/10/04잡채고로케_단면-1.jpg,,https://www.paris.co.kr/product/meat-japchae-croquette/,2026-08-11,,,매장별 확인,,
파리바게뜨,미트볼 토마토 파스타,간편식,505.0,27.0,7.0,11.0,1360.0,계란|우유|대두|밀|돼지고기|쇠고기|닭고기|토마토|조개류,https://www.paris.co.kr/product/meatball-tomato-pasta/,2026-08-11,True,True,https://d2afncas1tel3t.cloudfront.net/wp-content/uploads/2026/04/HMR-미트볼-토마토-파스타_시뮬제품.png,,https://www.paris.co.kr/product/meatball-tomato-pasta/,2026-08-11,,,매장별 확인,,
파리바게뜨,미트볼&트러플오일 까르보나라,간편식,645.0,17.0,14.0,5.0,1140.0,계란|우유|대두|밀|돼지고기|쇠고기|닭고기|토마토|조개류,https://www.paris.co.kr/product/meatball-truffle-oil-carbonara/,2026-08-11,True,True,https://d2afncas1tel3t.cloudfront.net/wp-content/uploads/2022/08/00.png,,https://www.paris.co.kr/product/meatball-truffle-oil-carbonara/,2026-08-11,,,매장별 확인,,
파리바게뜨,인생크림빵 메론,빵,315.0,5.0,10.0,14.0,210.0,계란|우유|대두|밀,https://www.paris.co.kr/product/melon-fresh-cream-bread/,2026-08-11,True,True,https://d2afncas1tel3t.cloudfront.net/wp-content/uploads/2026/04/인생크림빵-메론.png,,https://www.paris.co.kr/product/melon-fresh-cream-bread/,2026-08-11,,,매장별 확인,,
파리바게뜨,멕시칸소시지페스츄리(2개입),빵,290.0,7.0,9.0,3.0,480.0,계란|우유|대두|밀|돼지고기|쇠고기|토마토,https://www.paris.co.kr/product/mexican-sausage-pastry-2/,2026-08-11,True,True,https://d2afncas1tel3t.cloudfront.net/wp-content/uploads/2026/05/멕시칸소시지페스츄리_45도.png,,https://www.paris.co.kr/product/mexican-sausage-pastry-2/,2026-08-11,,,매장별 확인,,
파리바게뜨,멕시칸소시지페스츄리,빵,145.0,4.0,4.6,2.0,240.0,계란|우유|대두|밀|돼지고기|쇠고기|토마토,https://www.paris.co.kr/product/mexican-sausage-pastry/,2026-08-11,True,True,https://d2afncas1tel3t.cloudfront.net/wp-content/uploads/2026/05/멕시칸소시지페스츄리_45도.png,,https://www.paris.co.kr/product/mexican-sausage-pastry/,2026-08-11,,,매장별 확인,,
파리바게뜨,우유크림도넛,빵,230.0,5.0,4.8,8.0,220.0,계란|우유|대두|밀,https://www.paris.co.kr/product/milk-cream-donut/,2026-08-11,True,True,https://d2afncas1tel3t.cloudfront.net/wp-content/uploads/2026/04/우유크림도넛.png,,https://www.paris.co.kr/product/milk-cream-donut/,2026-08-11,,,매장별 확인,,
파리바게뜨,우유 팥빙수,음료,640.0,10.0,4.0,101.0,210.0,우유|대두|밀,https://www.paris.co.kr/product/milk-red-bean-shaved-ice/,2026-08-11,True,True,https://d2afncas1tel3t.cloudfront.net/wp-content/uploads/2025/05/우유-팥빙수.png,,https://www.paris.co.kr/product/milk-red-bean-shaved-ice/,2026-08-11,,,매장별 확인,,
파리바게뜨,한입 프레즐(6개입),빵,315.0,9.0,5.0,6.0,770.0,우유|대두|밀|쇠고기,https://www.paris.co.kr/product/mini-cream-cheese-pretzel/,2026-08-11,True,True,https://d2afncas1tel3t.cloudfront.net/wp-content/uploads/2024/06/한입프레즐-2.jpg,,https://www.paris.co.kr/product/mini-cream-cheese-pretzel/,2026-08-11,,,매장별 확인,,
파리바게뜨,매콤할라 소시지빵(4개입),빵,395.0,12.0,12.0,5.0,720.0,계란|우유|대두|밀|돼지고기|쇠고기,https://www.paris.co.kr/product/mini-jalapeno-sausage-bread/,2026-08-11,True,True,https://d2afncas1tel3t.cloudfront.net/wp-content/uploads/2025/07/매콤할라-소시지빵-4개입-썸넬.jpg,,https://www.paris.co.kr/product/mini-jalapeno-sausage-bread/,2026-08-11,,,매장별 확인,,
파리바게뜨,미스베어,디저트·스낵,115.0,1.0,4.4,7.0,55.0,계란|우유|대두|밀,https://www.paris.co.kr/product/miss-bear-madeleine/,2026-08-11,True,True,https://d2afncas1tel3t.cloudfront.net/wp-content/uploads/2025/03/미스베어-썸넬1.jpg,앙증맞은 곰 모양의 플레인 마들렌,https://www.paris.co.kr/product/miss-bear-madeleine/,2026-08-11,,,매장별 확인,,
파리바게뜨,모카크림샌드빵,빵,855.0,13.0,23.0,39.0,760.0,계란|우유|대두|밀,https://www.paris.co.kr/product/mocha-cream-bread/,2026-08-11,True,True,https://d2afncas1tel3t.cloudfront.net/wp-content/uploads/2024/12/모카크림샌드빵-썸넬.jpg,,https://www.paris.co.kr/product/mocha-cream-bread/,2026-08-11,,,매장별 확인,,
파리바게뜨,바삭한 우리찹쌀 모나카,선물,1156.0,12.0,0.0,196.0,220.0,우유|대두,https://www.paris.co.kr/product/monaka-traditional-gift-set/,2026-08-11,True,True,https://d2afncas1tel3t.cloudfront.net/wp-content/uploads/2026/01/모나카제품.png,,https://www.paris.co.kr/product/monaka-traditional-gift-set/,2026-08-11,,,매장별 확인,,
파리바게뜨,쏘유 저당 렌틸콩 두유,음료,135.0,3.6,3.2,17.0,100.0,우유,https://www.paris.co.kr/product/morning-banana-milk-200ml/,2026-08-11,True,True,https://d2afncas1tel3t.cloudfront.net/wp-content/uploads/아침엔바나나우유200ml_썸네일1.jpg,신선한 우유에 달콤한 바나나과즙을 더한 바나나우유,https://www.paris.co.kr/product/morning-banana-milk-200ml/,2026-08-11,,,매장별 확인,,
파리바게뜨,미스터베어,디저트·스낵,120.0,2.0,4.5,7.0,75.0,계란|우유|대두|밀,https://www.paris.co.kr/product/mr-bear-madeleine/,2026-08-11,True,True,https://d2afncas1tel3t.cloudfront.net/wp-content/uploads/2025/03/미스터베어-썸넬2.jpg,앙증맞은 곰 모양의 초코 마들렌,https://www.paris.co.kr/product/mr-bear-madeleine/,2026-08-11,,,매장별 확인,,
파리바게뜨,브라운 햄에그 샌드위치,샌드위치·샐러드,450.0,18.0,5.0,6.0,840.0,계란|우유|대두|밀|돼지고기|토마토,https://www.paris.co.kr/product/multigrain-ham-egg-sandwich/,2026-08-11,True,True,https://d2afncas1tel3t.cloudfront.net/wp-content/uploads/2025/04/브라운-햄에그-샌드위치-썸넬.png,,https://www.paris.co.kr/product/multigrain-ham-egg-sandwich/,2026-08-11,,,매장별 확인,,
파리바게뜨,[파란라벨]오트그레인 깜빠뉴,빵,435.0,11.0,0.8,17.0,740.0,우유|대두|밀,https://www.paris.co.kr/product/multigrain-oat-bread/,2026-08-11,True,True,https://d2afncas1tel3t.cloudfront.net/wp-content/uploads/2026/03/오트그레인깜빠뉴.png,,https://www.paris.co.kr/product/multigrain-oat-bread/,2026-08-11,,,매장별 확인,,
파리바게뜨,[파란라벨]멀티그레인 호밀빵,빵,690.0,24.0,4.9,8.0,870.0,우유|대두|밀,https://www.paris.co.kr/product/multigrain-rye-bread/,2026-08-11,True,True,https://d2afncas1tel3t.cloudfront.net/wp-content/uploads/2025/02/멀티그레인-호밀빵.jpg2_.jpg,,https://www.paris.co.kr/product/multigrain-rye-bread/,2026-08-11,,,매장별 확인,,
파리바게뜨,문경 오미자 에이드,기타,130.0,0.0,0.0,31.0,10.0,,https://www.paris.co.kr/product/mungyeong-schisandra-ade/,2026-08-11,True,True,https://d2afncas1tel3t.cloudfront.net/wp-content/uploads/2025/04/문경오미자에이드.png,,https://www.paris.co.kr/product/mungyeong-schisandra-ade/,2026-08-11,,,매장별 확인,,
파리바게뜨,갈릭고구마페스츄리,빵,345.0,5.0,9.0,13.0,390.0,계란|우유|대두|밀,https://www.paris.co.kr/product/new-%ea%b0%88%eb%a6%ad%ea%b3%a0%ea%b5%ac%eb%a7%88%ed%8e%98%ec%8a%a4%ec%b8%84%eb%a6%ac/,2026-08-11,True,True,https://d2afncas1tel3t.cloudfront.net/wp-content/uploads/574756-갈릭고구마페스츄리_썸네일1.jpg,"겹겹이 바삭한 페스츄리에, 달콤한 고구마 앙금이 가득. 마늘풍미까지 더해 더 맛있는 단짠단짠 갈릭고구마페스츄리",https://www.paris.co.kr/product/new-%ea%b0%88%eb%a6%ad%ea%b3%a0%ea%b5%ac%eb%a7%88%ed%8e%98%ec%8a%a4%ec%b8%84%eb%a6%ac/,2026-08-11,,,매장별 확인,,
파리바게뜨,명가명품 제주말차 카스테라,기타,555.0,13.0,2.8,75.0,180.0,계란|대두|밀,https://www.paris.co.kr/product/new-%ea%b7%b8%eb%a6%b0-%eb%a7%90%ec%b0%a8-%eb%b3%b8%eb%8d%b8%eb%a6%ac%ec%8a%88/,2026-08-11,True,True,https://d2afncas1tel3t.cloudfront.net/wp-content/uploads/2022/11/그린말차본델리슈_썸네일1.jpg,제주 말차의 진한 풍미에 목초란의 부드러움을 더한 그린 말차 카스텔라,https://www.paris.co.kr/product/new-%ea%b7%b8%eb%a6%b0-%eb%a7%90%ec%b0%a8-%eb%b3%b8%eb%8d%b8%eb%a6%ac%ec%8a%88/,2026-08-11,,,매장별 확인,,
파리바게뜨,단팥 도넛,빵,260.0,4.0,2.5,9.0,260.0,계란|우유|대두|밀,https://www.paris.co.kr/product/new-%ea%bd%88%eb%b0%b0%ea%b8%b0%eb%8f%84%eb%84%9b/,2026-08-11,True,True,https://d2afncas1tel3t.cloudfront.net/wp-content/uploads/574748-꽈배기도넛_썸네일01-1280x1280.jpg,쫄깃 촉촉 부드러움 삼박자를 고루 갖춘 시나몬 향이 은은한 꽈배기도넛,https://www.paris.co.kr/product/new-%ea%bd%88%eb%b0%b0%ea%b8%b0%eb%8f%84%eb%84%9b/,2026-08-11,,,매장별 확인,,
파리바게뜨,다크초코츄잉스타,빵,250.0,2.0,8.0,10.0,105.0,계란|우유|대두|밀,https://www.paris.co.kr/product/new-%eb%8b%a4%ed%81%ac%ec%b4%88%ec%bd%94%ec%b8%84%ec%9e%89%ec%8a%a4%ed%83%80/,2026-08-11,True,True,https://d2afncas1tel3t.cloudfront.net/wp-content/uploads/다크초코츄잉스타_썸네일1.jpg,,https://www.paris.co.kr/product/new-%eb%8b%a4%ed%81%ac%ec%b4%88%ec%bd%94%ec%b8%84%ec%9e%89%ec%8a%a4%ed%83%80/,2026-08-11,,,매장별 확인,,
파리바게뜨,초코소라빵,빵,220.0,6.0,2.2,15.0,200.0,계란|우유|대두|밀,https://www.paris.co.kr/product/new-%eb%8b%a8%ed%8c%a5%eb%b9%b5/,2026-08-11,True,True,https://d2afncas1tel3t.cloudfront.net/wp-content/uploads/572785-단팥빵_썸네일1.png,통팥앙금이 들어간 남녀노소 모두가 좋아하는 단팥빵,https://www.paris.co.kr/product/new-%eb%8b%a8%ed%8c%a5%eb%b9%b5/,2026-08-11,,,매장별 확인,,
파리바게뜨,꽈배기도넛,빵,325.0,7.0,1.0,17.0,250.0,계란|우유|대두|밀,https://www.paris.co.kr/product/new-%eb%8b%a8%ed%8c%a5-%eb%8f%84%eb%84%9b-2/,2026-08-11,True,True,https://d2afncas1tel3t.cloudfront.net/wp-content/uploads/단팥도넛_썸네일1_수정-768x768.png,달콤한 단팥이 가득한 단팥도넛,https://www.paris.co.kr/product/new-%eb%8b%a8%ed%8c%a5-%eb%8f%84%eb%84%9b-2/,2026-08-11,,,매장별 확인,,
파리바게뜨,달콤고소한 밤소보루브레드,빵,635.0,19.0,9.0,32.0,890.0,계란|우유|대두|밀|땅콩,https://www.paris.co.kr/product/new-%eb%8b%ac%ec%bd%a4%ea%b3%a0%ec%86%8c%ed%95%9c-%eb%b0%a4%ec%86%8c%eb%b3%b4%eb%a3%a8%eb%b8%8c%eb%a0%88%eb%93%9c/,2026-08-11,True,True,https://d2afncas1tel3t.cloudfront.net/wp-content/uploads/574788-달콤고소한-밤소보루브레드_썸네일1.jpg,,https://www.paris.co.kr/product/new-%eb%8b%ac%ec%bd%a4%ea%b3%a0%ec%86%8c%ed%95%9c-%eb%b0%a4%ec%86%8c%eb%b3%b4%eb%a3%a8%eb%b8%8c%eb%a0%88%eb%93%9c/,2026-08-11,,,매장별 확인,,
파리바게뜨,달콤 꽈배기도넛,빵,260.0,4.0,2.5,9.0,260.0,계란|우유|대두|밀,https://www.paris.co.kr/product/new-%eb%8b%ac%ec%bd%a4-%ea%bd%88%eb%b0%b0%ea%b8%b0%eb%8f%84%eb%84%9b/,2026-08-11,True,True,https://d2afncas1tel3t.cloudfront.net/wp-content/uploads/달콤꽈배기도넛_썸네일1.jpg,,https://www.paris.co.kr/product/new-%eb%8b%ac%ec%bd%a4-%ea%bd%88%eb%b0%b0%ea%b8%b0%eb%8f%84%eb%84%9b/,2026-08-11,,,매장별 확인,,
파리바게뜨,데리야끼 치킨 샐러드,샌드위치·샐러드,230.0,13.0,2.4,6.0,450.0,계란|우유|대두|밀|돼지고기|쇠고기|닭고기|토마토|조개류,https://www.paris.co.kr/product/new-%eb%8d%b0%eb%a6%ac%ec%95%bc%eb%81%bc%ec%b9%98%ed%82%a8%ec%83%90%eb%9f%ac%eb%93%9c/,2026-08-11,True,True,https://d2afncas1tel3t.cloudfront.net/wp-content/uploads/2024/05/데리야끼-치킨-샐러드.jpg,,https://www.paris.co.kr/product/new-%eb%8d%b0%eb%a6%ac%ec%95%bc%eb%81%bc%ec%b9%98%ed%82%a8%ec%83%90%eb%9f%ac%eb%93%9c/,2026-08-11,,,매장별 확인,,
파리바게뜨,모닝토스트,빵,790.0,25.0,16.0,13.0,1520.0,우유|대두|밀,https://www.paris.co.kr/product/new-%eb%9c%af%ec%96%b4%eb%a8%b9%eb%8a%94-%eb%a1%a4%ec%b9%98%ec%a6%88-%eb%b8%8c%eb%a0%88%eb%93%9c1-2/,2026-08-11,True,True,https://d2afncas1tel3t.cloudfront.net/wp-content/uploads/302343-뜯어먹는-롤치즈-브레드_썸네일1.png,쫄깃담백한 빵에 감칠맛 나면서도 짭쪼름한 롤치즈가 쏙쏙 박혀 뜯어먹으면 더 맛있는 브레드,https://www.paris.co.kr/product/new-%eb%9c%af%ec%96%b4%eb%a8%b9%eb%8a%94-%eb%a1%a4%ec%b9%98%ec%a6%88-%eb%b8%8c%eb%a0%88%eb%93%9c1-2/,2026-08-11,,,매장별 확인,,
파리바게뜨,[파란라벨]홀그레인 오트 식빵,빵,1500.0,31.0,31.0,28.0,1830.0,우유|대두|밀,https://www.paris.co.kr/product/new-%eb%aa%a8%eb%8b%9d%ed%86%a0%ec%8a%a4%ed%8a%b8/,2026-08-11,True,True,https://d2afncas1tel3t.cloudfront.net/wp-content/uploads/574698-모닝토스트_썸네일1-1280x1280.jpg,"페스츄리 결이 살아있어 바삭하고, 속은 더 촉촉해진 담백한 페스츄리 식빵",https://www.paris.co.kr/product/new-%eb%aa%a8%eb%8b%9d%ed%86%a0%ec%8a%a4%ed%8a%b8/,2026-08-11,,,매장별 확인,,
파리바게뜨,토종효모빵 햄&에그 샌드위치,샌드위치·샐러드,570.0,17.0,9.0,22.0,1130.0,계란|우유|대두|밀|돼지고기|쇠고기|닭고기|토마토|조개류,https://www.paris.co.kr/product/new-%eb%af%b8%eb%8b%88%eb%b2%84%ea%b1%b0-%ec%83%8c%eb%93%9c%ec%9c%84%ec%b9%98/,2026-08-11,True,True,https://d2afncas1tel3t.cloudfront.net/wp-content/uploads/300542-미니버거-샌드위치_썸네일1-1280x1280.jpg,"부드러운 모닝롤빵에 불고기맛 버거패티와 아삭한 프릴레터스, 다양한 야채가 어우러진 파바 스테디셀러 미니버거 샌드위치",https://www.paris.co.kr/product/new-%eb%af%b8%eb%8b%88%eb%b2%84%ea%b1%b0-%ec%83%8c%eb%93%9c%ec%9c%84%ec%b9%98/,2026-08-11,,,매장별 확인,,
파리바게뜨,미니 찹쌀도넛,빵,140.0,2.0,0.5,6.0,140.0,우유|대두|밀,https://www.paris.co.kr/product/new-%eb%af%b8%eb%8b%88-%ec%b0%b9%ec%8c%80%eb%8f%84%eb%84%9b/,2026-08-11,True,True,https://d2afncas1tel3t.cloudfront.net/wp-content/uploads/572334-미니찹쌀도넛_썸네일1.jpg,,https://www.paris.co.kr/product/new-%eb%af%b8%eb%8b%88-%ec%b0%b9%ec%8c%80%eb%8f%84%eb%84%9b/,2026-08-11,,,매장별 확인,,
파리바게뜨,밤소보루 맘모스,빵,830.0,18.0,11.0,49.0,560.0,계란|우유|대두|밀|땅콩,https://www.paris.co.kr/product/new-%eb%b0%a4%ec%86%8c%eb%b3%b4%eb%a3%a8-%eb%a7%98%eb%aa%a8%ec%8a%a4/,2026-08-11,True,True,https://d2afncas1tel3t.cloudfront.net/wp-content/uploads/574786-밤소보루-맘모스_썸네일1.jpg,,https://www.paris.co.kr/product/new-%eb%b0%a4%ec%86%8c%eb%b3%b4%eb%a3%a8-%eb%a7%98%eb%aa%a8%ec%8a%a4/,2026-08-11,,,매장별 확인,,
파리바게뜨,후레쉬 식빵,빵,1145.0,30.0,16.0,37.0,1310.0,계란|우유|대두|밀|땅콩,https://www.paris.co.kr/product/new-%eb%b0%a4%ec%8b%9d%eb%b9%b5/,2026-08-11,True,True,https://d2afncas1tel3t.cloudfront.net/wp-content/uploads/574706-밤식빵_썸네일1-1280x1280.jpg,달콤한 밤 다이스와 풍미 가득 밤 페이스트를 듬뿍 넣은 NEW밤식빵,https://www.paris.co.kr/product/new-%eb%b0%a4%ec%8b%9d%eb%b9%b5/,2026-08-11,,,매장별 확인,,
파리바게뜨,감자 크로켓,빵,400.0,7.0,11.0,13.0,400.0,계란|우유|대두|밀,https://www.paris.co.kr/product/new-%ec%95%84%eb%8b%a4%ec%a7%80%ec%98%a4%ec%bb%a4%ed%94%bc%eb%b2%88/,2026-08-11,True,True,https://d2afncas1tel3t.cloudfront.net/wp-content/uploads/574745-아다지오-커피번_썸네일1-768x768.png,파리바게뜨의 아다지오 원두를 넣은 깊은 커피 풍미의 커피번,https://www.paris.co.kr/product/new-%ec%95%84%eb%8b%a4%ec%a7%80%ec%98%a4%ec%bb%a4%ed%94%bc%eb%b2%88/,2026-08-11,,,매장별 확인,,
파리바게뜨,스파클링 라임,음료,130.0,5.0,2.0,20.0,90.0,우유,https://www.paris.co.kr/product/new-%ec%95%84%ec%b9%a8%ec%97%94%eb%94%b8%ea%b8%b0%ec%9a%b0%ec%9c%a0-200%e3%8e%96/,2026-08-11,True,True,https://d2afncas1tel3t.cloudfront.net/wp-content/uploads/아침엔딸기우유200ml_썸네일1.jpg,신선한 우유에 달콤한 딸기과즙을 더한 딸기우유,https://www.paris.co.kr/product/new-%ec%95%84%ec%b9%a8%ec%97%94%eb%94%b8%ea%b8%b0%ec%9a%b0%ec%9c%a0-200%e3%8e%96/,2026-08-11,,,매장별 확인,,
파리바게뜨,데일리주스포도,음료,135.0,6.0,2.3,18.0,60.0,우유,https://www.paris.co.kr/product/new-%ec%95%84%ec%b9%a8%ec%97%94%ec%b4%88%ec%bd%94%ec%9a%b0%ec%9c%a0-200%e3%8e%96/,2026-08-11,True,True,https://d2afncas1tel3t.cloudfront.net/wp-content/uploads/아침초코-우유-200㎖_썸네일1-1.jpg,신선한 우유에 달콤한 코코아분말을 더한 초코우유,https://www.paris.co.kr/product/new-%ec%95%84%ec%b9%a8%ec%97%94%ec%b4%88%ec%bd%94%ec%9a%b0%ec%9c%a0-200%e3%8e%96/,2026-08-11,,,매장별 확인,,
파리바게뜨,아침엔초코우유 200㎖,음료,135.0,6.0,5.0,10.0,100.0,우유,https://www.paris.co.kr/product/new-%ec%95%84%ec%b9%a8%ed%9b%84%eb%a0%88%ec%89%ac%ec%9a%b0%ec%9c%a0-200%e3%8e%96/,2026-08-11,True,True,https://d2afncas1tel3t.cloudfront.net/wp-content/uploads/아침후레쉬우유-200㎖_썸네일1-1.jpg,목장의 신선함이 살아있는 1등급 원유에 칼슘이 들어간 강화우유,https://www.paris.co.kr/product/new-%ec%95%84%ec%b9%a8%ed%9b%84%eb%a0%88%ec%89%ac%ec%9a%b0%ec%9c%a0-200%e3%8e%96/,2026-08-11,,,매장별 확인,,
파리바게뜨,아침엔딸기우유 200㎖,음료,310.0,14.0,11.0,23.0,225.0,우유,https://www.paris.co.kr/product/new-%ec%95%84%ec%b9%a8%ed%9b%84%eb%a0%88%ec%89%ac%ec%9a%b0%ec%9c%a0-450%e3%8e%96/,2026-08-11,True,True,https://d2afncas1tel3t.cloudfront.net/wp-content/uploads/아침후레쉬우유-450㎖_썸네일1.jpg,목장의 신선함이 살아있는 1등급 원유에 칼슘이 들어간 강화우유,https://www.paris.co.kr/product/new-%ec%95%84%ec%b9%a8%ed%9b%84%eb%a0%88%ec%89%ac%ec%9a%b0%ec%9c%a0-450%e3%8e%96/,2026-08-11,,,매장별 확인,,
파리바게뜨,단호박 스프,간편식,249.0,3.0,14.0,3.0,460.0,우유|밀|닭고기,https://www.paris.co.kr/product/new-%ec%96%91%ec%86%a1%ec%9d%b4-%ec%8a%a4%ed%94%84/,2026-08-11,True,True,https://d2afncas1tel3t.cloudfront.net/wp-content/uploads/2025/02/HMR-양송이스프-썸넬.jpg,양송이의 맛과 향이 그대로 살아있는 진하고 부드러운 풍미의 프리미엄 스프,https://www.paris.co.kr/product/new-%ec%96%91%ec%86%a1%ec%9d%b4-%ec%8a%a4%ed%94%84/,2026-08-11,,,매장별 확인,,
파리바게뜨,양파치즈브레드,빵,795.0,21.0,10.0,15.0,1160.0,계란|우유|대두|밀,https://www.paris.co.kr/product/new-%ec%96%91%ed%8c%8c%ec%b9%98%ec%a6%88%eb%b8%8c%eb%a0%88%eb%93%9c/,2026-08-11,True,True,https://d2afncas1tel3t.cloudfront.net/wp-content/uploads/2023/02/양파치즈브레드_썸네일_01.jpg,,https://www.paris.co.kr/product/new-%ec%96%91%ed%8c%8c%ec%b9%98%ec%a6%88%eb%b8%8c%eb%a0%88%eb%93%9c/,2026-08-11,,,매장별 확인,,
파리바게뜨,찹쌀도넛,빵,310.0,5.0,1.2,16.0,230.0,대두|밀,https://www.paris.co.kr/product/new-%ec%b0%b9%ec%8c%80%eb%8f%84%eb%84%9b-2/,2026-08-11,True,True,https://d2afncas1tel3t.cloudfront.net/wp-content/uploads/572789-찹쌀도넛_썸네일1.jpg,국내산 찹쌀과 달콤한 통단팥으로 만든 쫄깃한 도넛,https://www.paris.co.kr/product/new-%ec%b0%b9%ec%8c%80%eb%8f%84%eb%84%9b-2/,2026-08-11,,,매장별 확인,,
파리바게뜨,치즈듬뿍 치킨로제도리아,간편식,515.0,32.0,10.0,9.0,1660.0,우유|대두|밀|쇠고기|닭고기|토마토|조개류,https://www.paris.co.kr/product/new-%ec%b9%98%ec%a6%88%eb%93%ac%eb%bf%8d-%eb%a1%9c%ec%a0%9c%ec%b9%98%ed%82%a8%eb%8f%84%eb%a6%ac%ec%95%84/,2026-08-11,True,True,https://d2afncas1tel3t.cloudfront.net/wp-content/uploads/2022/07/치즈듬뿍치킨로제도리아_1_1000x1000.jpg,,https://www.paris.co.kr/product/new-%ec%b9%98%ec%a6%88%eb%93%ac%eb%bf%8d-%eb%a1%9c%ec%a0%9c%ec%b9%98%ed%82%a8%eb%8f%84%eb%a6%ac%ec%95%84/,2026-08-11,,,매장별 확인,,
파리바게뜨,세가지 치즈베이글,빵,255.0,5.0,2.6,22.0,85.0,계란|우유|대두|밀,https://www.paris.co.kr/product/new-%ec%b9%b4%ec%8a%a4%ed%85%8c%eb%9d%bc/,2026-08-11,True,True,https://d2afncas1tel3t.cloudfront.net/wp-content/uploads/2019/11/191023_1_140006.jpg,건강한 우리 꿀로 더 맛있고 촉촉한 카스테라,https://www.paris.co.kr/product/new-%ec%b9%b4%ec%8a%a4%ed%85%8c%eb%9d%bc/,2026-08-11,,,매장별 확인,,
파리바게뜨,파리의 토스트,샌드위치·샐러드,240.0,10.0,4.7,5.0,790.0,계란|우유|대두|밀|돼지고기|토마토|조개류,https://www.paris.co.kr/product/new-%ed%8c%8c%eb%a6%ac%ec%9d%98-%ed%86%a0%ec%8a%a4%ed%8a%b8/,2026-08-11,True,True,https://d2afncas1tel3t.cloudfront.net/wp-content/uploads/535293-파리의-토스트_썸네일1-768x768.png,"에그패티와 햄, 치즈를 넣어 든든하게 즐기는 토스트",https://www.paris.co.kr/product/new-%ed%8c%8c%eb%a6%ac%ec%9d%98-%ed%86%a0%ec%8a%a4%ed%8a%b8/,2026-08-11,,,매장별 확인,,
파리바게뜨,피자고로케,빵,290.0,5.0,7.0,14.0,220.0,계란|우유|대두|밀,https://www.paris.co.kr/product/new-%ed%95%9c%ec%9e%85%ec%97%90-%eb%91%90%eb%b2%88-%eb%b0%98%ed%95%9c-%eb%8b%a8%ed%8c%a5%ed%81%ac%eb%a6%bc%eb%b9%b5/,2026-08-11,True,True,https://d2afncas1tel3t.cloudfront.net/wp-content/uploads/110149-한입에-두번-반한-단팥크림빵_썸네일1-1280x1280.png,부드럽고 달콤한 통팥앙금과 크림을 동시에 즐기는 간식빵,https://www.paris.co.kr/product/new-%ed%95%9c%ec%9e%85%ec%97%90-%eb%91%90%eb%b2%88-%eb%b0%98%ed%95%9c-%eb%8b%a8%ed%8c%a5%ed%81%ac%eb%a6%bc%eb%b9%b5/,2026-08-11,,,매장별 확인,,
파리바게뜨,한입에 두 번 반한 단팥크림빵,빵,1020.0,19.0,32.0,29.0,920.0,계란|우유|대두|밀,https://www.paris.co.kr/product/new-%ed%9b%84%eb%a0%88%ec%89%ac-%ed%81%ac%eb%a6%bc%ec%83%8c%eb%93%9c%eb%b9%b5/,2026-08-11,True,True,https://d2afncas1tel3t.cloudfront.net/wp-content/uploads/570764-후레쉬-크림샌드빵_썸네일1.jpg,부드럽고 달콤한 크림을 먹기 좋은 크기로 샌드한 간식용빵,https://www.paris.co.kr/product/new-%ed%9b%84%eb%a0%88%ec%89%ac-%ed%81%ac%eb%a6%bc%ec%83%8c%eb%93%9c%eb%b9%b5/,2026-08-11,,,매장별 확인,,
파리바게뜨,치키 피치티,음료,145.0,0.0,0.0,31.0,25.0,복숭아,https://www.paris.co.kr/product/new-cheeky-peach-tea/,2026-08-11,True,True,https://d2afncas1tel3t.cloudfront.net/wp-content/uploads/2024/01/음료.png,,https://www.paris.co.kr/product/new-cheeky-peach-tea/,2026-08-11,,,매장별 확인,,
파리바게뜨,프렌치바게뜨,빵,615.0,22.0,0.0,1.0,1330.0,밀,https://www.paris.co.kr/product/new-french-baguette/,2026-08-11,True,True,https://d2afncas1tel3t.cloudfront.net/wp-content/uploads/프렌치바게뜨_썸네일1.jpg,,https://www.paris.co.kr/product/new-french-baguette/,2026-08-11,,,매장별 확인,,
파리바게뜨,부드러운 모닝롤(4개입),빵,480.0,9.0,5.0,27.0,540.0,대두|밀,https://www.paris.co.kr/product/new-raisin-morning-roll-4pics/,2026-08-11,True,True,https://d2afncas1tel3t.cloudfront.net/wp-content/uploads/2025/02/부드러운-모닝롤.jpg,,https://www.paris.co.kr/product/new-raisin-morning-roll-4pics/,2026-08-11,,,매장별 확인,,
파리바게뜨,쏘유두유검은콩,음료,134.0,6.0,1.0,10.0,160.0,대두,https://www.paris.co.kr/product/new-soyu-black-beans/,2026-08-11,True,True,https://d2afncas1tel3t.cloudfront.net/wp-content/uploads/2023/12/소유두유검은콩.png,,https://www.paris.co.kr/product/new-soyu-black-beans/,2026-08-11,,,매장별 확인,,
파리바게뜨,온브레드 크림치즈(갈릭),디저트·스낵,233.0,5.0,14.0,3.0,320.0,우유,https://www.paris.co.kr/product/on-bread-cream-cheese-garlic/,2026-08-11,True,True,https://d2afncas1tel3t.cloudfront.net/wp-content/uploads/2025/08/온브레드-크림치즈-갈릭-썸넬.png,,https://www.paris.co.kr/product/on-bread-cream-cheese-garlic/,2026-08-11,,,매장별 확인,,
파리바게뜨,온브레드 크림치즈 딸기(미니),디저트·스낵,92.0,2.0,4.9,2.0,110.0,우유,https://www.paris.co.kr/product/on-bread-cream-cheese-strawberry-mini/,2026-08-11,True,True,https://d2afncas1tel3t.cloudfront.net/wp-content/uploads/2025/08/온브레드-크림치즈-딸기-미니-썸넬.png,,https://www.paris.co.kr/product/on-bread-cream-cheese-strawberry-mini/,2026-08-11,,,매장별 확인,,
파리바게뜨,어니언 크로크무슈,샌드위치·샐러드,235.0,9.0,4.7,3.0,520.0,우유|대두|밀|돼지고기,https://www.paris.co.kr/product/onion-croque-monsieur/,2026-08-11,True,True,https://d2afncas1tel3t.cloudfront.net/wp-content/uploads/2024/04/2Q4A5559_1000x1000.png,,https://www.paris.co.kr/product/onion-croque-monsieur/,2026-08-11,,,매장별 확인,,
파리바게뜨,오리지널 쫀득 츄러스,빵,215.0,2.0,3.4,6.0,150.0,계란|우유|대두|밀,https://www.paris.co.kr/product/original-chewy-churros/,2026-08-11,True,True,https://d2afncas1tel3t.cloudfront.net/wp-content/uploads/2026/06/오리지널쫀득츄러스.png,,https://www.paris.co.kr/product/original-chewy-churros/,2026-08-11,,,매장별 확인,,
파리바게뜨,복숭아 아이스티,음료,130.0,0.0,0.0,33.0,5.0,복숭아,https://www.paris.co.kr/product/peach-iced-tea/,2026-08-11,True,True,https://d2afncas1tel3t.cloudfront.net/wp-content/uploads/2019/11/복숭아아이스티-사이즈업-1280x1280.jpg,,https://www.paris.co.kr/product/peach-iced-tea/,2026-08-11,,,매장별 확인,,
파리바게뜨,아삭복숭아 젤리,디저트·스낵,113.0,0.0,0.0,23.0,90.0,복숭아,https://www.paris.co.kr/product/peach-jelly/,2026-08-11,True,True,https://d2afncas1tel3t.cloudfront.net/wp-content/uploads/2025/04/아삭복숭아.png,,https://www.paris.co.kr/product/peach-jelly/,2026-08-11,,,매장별 확인,,
파리바게뜨,배도라지 캔디,디저트·스낵,285.0,0.0,0.0,59.0,0.0,대두,https://www.paris.co.kr/product/pear-doraji-candy/,2026-08-11,True,True,https://d2afncas1tel3t.cloudfront.net/wp-content/uploads/2026/04/배도라지캔디-제품.png,,https://www.paris.co.kr/product/pear-doraji-candy/,2026-08-11,,,매장별 확인,,
파리바게뜨,피칸 더블초코 쿠키,디저트·스낵,175.0,2.0,3.6,14.0,110.0,계란|우유|대두|밀,https://www.paris.co.kr/product/pecan-double-choco-cookie/,2026-08-11,True,True,https://d2afncas1tel3t.cloudfront.net/wp-content/uploads/2026/06/피칸-더블초코-쿠키.png,,https://www.paris.co.kr/product/pecan-double-choco-cookie/,2026-08-11,,,매장별 확인,,
파리바게뜨,페퍼로니 피자빵,빵,245.0,7.0,3.4,3.0,420.0,계란|우유|대두|밀|돼지고기|쇠고기|토마토,https://www.paris.co.kr/product/pepperoni-pizza-bread/,2026-08-11,True,True,https://d2afncas1tel3t.cloudfront.net/wp-content/uploads/2026/05/페퍼로니피자빵_45도.png,,https://www.paris.co.kr/product/pepperoni-pizza-bread/,2026-08-11,,,매장별 확인,,
파리바게뜨,더블 페퍼로니 피자,간편식,690.0,30.0,12.0,8.0,1390.0,우유|대두|밀|돼지고기|쇠고기|닭고기|토마토|조개류,https://www.paris.co.kr/product/pepperoni-pizza/,2026-08-11,True,True,https://d2afncas1tel3t.cloudfront.net/wp-content/uploads/2024/06/2Q4A3885_1000x1000.jpg,,https://www.paris.co.kr/product/pepperoni-pizza/,2026-08-11,,,매장별 확인,,
파리바게뜨,[파란라벨]포크 루벤샌드위치,샌드위치·샐러드,460.0,24.0,6.0,13.0,1180.0,계란|우유|대두|밀|돼지고기|토마토,https://www.paris.co.kr/product/pork-reuben-sandwich/,2026-08-11,True,True,https://d2afncas1tel3t.cloudfront.net/wp-content/uploads/2025/09/포크루벤-샌드위치_썸넬.png,,https://www.paris.co.kr/product/pork-reuben-sandwich/,2026-08-11,,,매장별 확인,,
파리바게뜨,뽀로로 롤리초코,디저트·스낵,116.0,1.0,4.7,10.0,15.0,우유|대두,https://www.paris.co.kr/product/pororo-lolli-choco/,2026-08-11,True,True,https://d2afncas1tel3t.cloudfront.net/wp-content/uploads/2022/12/뽀로로롤리초코_배경-1280x1280.png,,https://www.paris.co.kr/product/pororo-lolli-choco/,2026-08-11,,,매장별 확인,,
파리바게뜨,포테이토 크랩 샌드위치,샌드위치·샐러드,195.0,6.0,2.2,2.0,480.0,계란|우유|대두|밀|게|돼지고기|토마토,https://www.paris.co.kr/product/potato-crab-sandwich/,2026-08-11,True,True,https://d2afncas1tel3t.cloudfront.net/wp-content/uploads/2026/07/포테이토크랩포장.png,,https://www.paris.co.kr/product/potato-crab-sandwich/,2026-08-11,,,매장별 확인,,
파리바게뜨,감자 크로켓(2개입),빵,305.0,3.0,3.9,9.0,330.0,계란|우유|대두|밀|닭고기,https://www.paris.co.kr/product/potato-croquette-2/,2026-08-11,True,True,https://d2afncas1tel3t.cloudfront.net/wp-content/uploads/2026/05/감자크로켓.png,,https://www.paris.co.kr/product/potato-croquette-2/,2026-08-11,,,매장별 확인,,
파리바게뜨,단백가득 닭가슴살바 청양고추,간편식,142.0,18.0,2.6,3.0,590.0,우유|대두|밀|돼지고기|쇠고기|닭고기,https://www.paris.co.kr/product/protein-filled-chicken-breast-bar-cheongyang-peppe/,2026-08-11,True,True,https://d2afncas1tel3t.cloudfront.net/wp-content/uploads/2022/07/단백가득닭가슴살바청양고추_1000x1000.jpg,,https://www.paris.co.kr/product/protein-filled-chicken-breast-bar-cheongyang-peppe/,2026-08-11,,,매장별 확인,,
파리바게뜨,단팥소보루빵,빵,250.0,6.0,3.4,16.0,180.0,계란|우유|대두|밀|땅콩,https://www.paris.co.kr/product/red-bean-soboro-bread/,2026-08-11,True,True,https://d2afncas1tel3t.cloudfront.net/wp-content/uploads/2026/08/단팥-소보루빵_패키지.png,,https://www.paris.co.kr/product/red-bean-soboro-bread/,2026-08-11,,,매장별 확인,,
파리바게뜨,인생크림빵 말차단팥,빵,335.0,6.0,7.0,19.0,200.0,계란|우유|대두|밀,https://www.paris.co.kr/product/redbean-and-matcha-fresh-cream-bread/,2026-08-11,True,True,https://d2afncas1tel3t.cloudfront.net/wp-content/uploads/2025/06/인생크림빵-말차단팥-썸넬.png,,https://www.paris.co.kr/product/redbean-and-matcha-fresh-cream-bread/,2026-08-11,,,매장별 확인,,
파리바게뜨,초코가 달콤한 시간,빵,740.0,8.0,25.0,52.0,280.0,계란|우유|대두|밀,https://www.paris.co.kr/product/rich-chocolate-cake-2/,2026-08-11,True,True,https://d2afncas1tel3t.cloudfront.net/wp-content/uploads/2026/03/초코가달콤한시간.png,,https://www.paris.co.kr/product/rich-chocolate-cake-2/,2026-08-11,,,매장별 확인,,
파리바게뜨,리코타 토마토 파스타,간편식,535.0,12.0,6.0,10.0,1010.0,계란|우유|대두|밀|쇠고기|닭고기|토마토|조개류,https://www.paris.co.kr/product/ricotta-tomato-pasta/,2026-08-11,True,True,https://d2afncas1tel3t.cloudfront.net/wp-content/uploads/2025/04/리코타-토마토-파스타-썸넬2.jpg,,https://www.paris.co.kr/product/ricotta-tomato-pasta/,2026-08-11,,,매장별 확인,,
파리바게뜨,야채샐러드롤,샌드위치·샐러드,515.0,12.0,6.0,18.0,770.0,계란|우유|대두|밀|돼지고기|닭고기|토마토,https://www.paris.co.kr/product/salad-roll/,2026-08-11,True,True,https://d2afncas1tel3t.cloudfront.net/wp-content/uploads/2025/03/야채샐러드롤-파란라벨-썸넬.jpg,,https://www.paris.co.kr/product/salad-roll/,2026-08-11,,,매장별 확인,,
파리바게뜨,소금버터식빵(1/2),빵,340.0,8.0,8.0,6.0,540.0,우유|대두|밀,https://www.paris.co.kr/product/salted-butter-bread/,2026-08-11,True,True,https://d2afncas1tel3t.cloudfront.net/wp-content/uploads/2026/05/솔티버터식빵-단면.png,,https://www.paris.co.kr/product/salted-butter-bread/,2026-08-11,,,매장별 확인,,
파리바게뜨,도넛 깨찰이(가성비),빵,145.0,1.0,1.1,2.0,160.0,계란|우유|대두|밀,https://www.paris.co.kr/product/seasame-chewy-donut/,2026-08-11,True,True,https://d2afncas1tel3t.cloudfront.net/wp-content/uploads/2026/02/3.-도넛-깨찰이.png,,https://www.paris.co.kr/product/seasame-chewy-donut/,2026-08-11,,,매장별 확인,,
파리바게뜨,알록달록 레인보우 케이크,케이크,285.0,4.0,7.0,15.0,115.0,계란|우유|대두|밀,https://www.paris.co.kr/product/seven-colors-short-cake/,2026-08-11,True,True,https://d2afncas1tel3t.cloudfront.net/wp-content/uploads/2024/03/thum_알록달록레인보우케이크.png,,https://www.paris.co.kr/product/seven-colors-short-cake/,2026-08-11,,,매장별 확인,,
파리바게뜨,상어가족 젤로미 롤리팝,디저트·스낵,135.0,0.0,0.0,26.0,36.0,,https://www.paris.co.kr/product/shark-family-jellomi-lollipop/,2026-08-11,True,True,https://d2afncas1tel3t.cloudfront.net/wp-content/uploads/2023/05/230530_파리바게뜨_상어가족2-확대.png,,https://www.paris.co.kr/product/shark-family-jellomi-lollipop/,2026-08-11,,,매장별 확인,,
파리바게뜨,상어가족 롤리초코,디저트·스낵,120.0,1.0,4.8,10.0,5.0,우유|대두,https://www.paris.co.kr/product/shark-family-lolli-choco/,2026-08-11,True,True,https://d2afncas1tel3t.cloudfront.net/wp-content/uploads/2019/11/230530_파리바게뜨_상어가족-확대.png,,https://www.paris.co.kr/product/shark-family-lolli-choco/,2026-08-11,,,매장별 확인,,
파리바게뜨,샤인머스캣 젤리,디저트·스낵,107.0,0.0,0.7,21.0,120.0,,https://www.paris.co.kr/product/shine-muscat-jelly/,2026-08-11,True,True,https://d2afncas1tel3t.cloudfront.net/wp-content/uploads/2026/07/샤인머스캣.png,,https://www.paris.co.kr/product/shine-muscat-jelly/,2026-08-11,,,매장별 확인,,
파리바게뜨,새우갈릭볶음밥,간편식,325.0,8.0,1.7,4.0,980.0,우유|대두|밀|새우|쇠고기|조개류,https://www.paris.co.kr/product/shrimp-garlic-fried-rice/,2026-08-11,True,True,https://d2afncas1tel3t.cloudfront.net/wp-content/uploads/2025/08/새우갈릭볶음밥-썸넬.png,,https://www.paris.co.kr/product/shrimp-garlic-fried-rice/,2026-08-11,,,매장별 확인,,
파리바게뜨,쉬림프 투움바 파스타,간편식,465.0,15.0,10.0,5.0,1520.0,계란|우유|대두|밀|새우|돼지고기|쇠고기|닭고기|토마토|조개류,https://www.paris.co.kr/product/shrimp-toowoomba-pasta/,2026-08-11,True,True,https://d2afncas1tel3t.cloudfront.net/wp-content/uploads/2026/04/HMR-쉬림프-투움바-파스타_시뮬제품.png,,https://www.paris.co.kr/product/shrimp-toowoomba-pasta/,2026-08-11,,,매장별 확인,,
파리바게뜨,시칠리아 레몬 에이드,음료,190.0,0.0,0.0,13.0,5.0,,https://www.paris.co.kr/product/sicily-lemon-ade/,2026-08-11,True,True,https://d2afncas1tel3t.cloudfront.net/wp-content/uploads/2026/06/시칠리아-레몬에이드.png,,https://www.paris.co.kr/product/sicily-lemon-ade/,2026-08-11,,,매장별 확인,,
파리바게뜨,스모어 쿠키,디저트·스낵,195.0,3.0,3.5,17.0,105.0,계란|우유|대두|밀|돼지고기,https://www.paris.co.kr/product/smore-cookie/,2026-08-11,True,True,https://d2afncas1tel3t.cloudfront.net/wp-content/uploads/2026/05/스모어-쿠키.png,,https://www.paris.co.kr/product/smore-cookie/,2026-08-11,,,매장별 확인,,
파리바게뜨,스모어 마시멜로우 타르트,디저트·스낵,215.0,3.0,7.0,14.0,70.0,계란|우유|대두|밀|쇠고기,https://www.paris.co.kr/product/smore-marshmallow-tart/,2026-08-11,True,True,https://d2afncas1tel3t.cloudfront.net/wp-content/uploads/2025/02/스모어-마시멜로우-타르트.2.jpg,,https://www.paris.co.kr/product/smore-marshmallow-tart/,2026-08-11,,,매장별 확인,,
파리바게뜨,애플망고가 상큼한 시간,빵,530.0,11.0,18.0,36.0,360.0,계란|우유|대두|밀,https://www.paris.co.kr/product/soft-apple-mango-cheese-cake/,2026-08-11,True,True,https://d2afncas1tel3t.cloudfront.net/wp-content/uploads/2026/06/애플망고가상큼한시간-제품.png,,https://www.paris.co.kr/product/soft-apple-mango-cheese-cake/,2026-08-11,,,매장별 확인,,
파리바게뜨,쏘유두유플레인,음료,120.0,6.0,2.9,9.0,115.0,대두,https://www.paris.co.kr/product/soyu-soymilk-plain/,2026-08-11,True,True,https://d2afncas1tel3t.cloudfront.net/wp-content/uploads/2019/11/00.png,,https://www.paris.co.kr/product/soyu-soymilk-plain/,2026-08-11,,,매장별 확인,,
파리바게뜨,매콤 고추잡채고로케,빵,310.0,8.0,3.8,5.0,380.0,계란|우유|대두|밀|돼지고기|닭고기|조개류,https://www.paris.co.kr/product/spicy-japchae-croquet/,2026-08-11,True,True,https://d2afncas1tel3t.cloudfront.net/wp-content/uploads/2025/07/매콤-고추잡채고로케-썸넬.jpg,,https://www.paris.co.kr/product/spicy-japchae-croquet/,2026-08-11,,,매장별 확인,,
파리바게뜨,매콤할라 소시지빵,빵,395.0,12.0,12.0,5.0,720.0,계란|우유|대두|밀|돼지고기|쇠고기,https://www.paris.co.kr/product/spicy-sausage-bread/,2026-08-11,True,True,https://d2afncas1tel3t.cloudfront.net/wp-content/uploads/2025/07/매콤할라-소시지빵-썸넬.jpg,,https://www.paris.co.kr/product/spicy-sausage-bread/,2026-08-11,,,매장별 확인,,
파리바게뜨,시금치버터빵(1/2),빵,215.0,6.0,6.0,4.0,520.0,우유|대두|밀,https://www.paris.co.kr/product/spinach-butter-bread-half/,2026-08-11,True,True,https://d2afncas1tel3t.cloudfront.net/wp-content/uploads/2026/06/시금치버터빵-하프.png,,https://www.paris.co.kr/product/spinach-butter-bread-half/,2026-08-11,,,매장별 확인,,
파리바게뜨,시금치버터빵,빵,445.0,12.0,11.0,7.0,1050.0,우유|대두|밀,https://www.paris.co.kr/product/spinach-butter-bread/,2026-08-11,True,True,https://d2afncas1tel3t.cloudfront.net/wp-content/uploads/2026/05/시금치버터빵-홀.png,,https://www.paris.co.kr/product/spinach-butter-bread/,2026-08-11,,,매장별 확인,,
파리바게뜨,소보루빵,빵,335.0,7.0,6.0,16.0,220.0,계란|우유|대두|밀|땅콩,https://www.paris.co.kr/product/steusel-bread/,2026-08-11,True,True,https://d2afncas1tel3t.cloudfront.net/wp-content/uploads/2019/11/소보루빵점포조리-썸넬.jpg,,https://www.paris.co.kr/product/steusel-bread/,2026-08-11,,,매장별 확인,,
파리바게뜨,딸기롤페스츄리(3개입),빵,360.0,5.0,9.0,25.0,310.0,계란|우유|대두|밀,https://www.paris.co.kr/product/strawberry-jam-pastry-3ea/,2026-08-11,True,True,https://d2afncas1tel3t.cloudfront.net/wp-content/uploads/2025/04/딸기롤-썸넬-1-1.jpg,,https://www.paris.co.kr/product/strawberry-jam-pastry-3ea/,2026-08-11,,,매장별 확인,,
파리바게뜨,딸기롤페스츄리,빵,120.0,2.0,2.9,8.0,105.0,계란|우유|대두|밀,https://www.paris.co.kr/product/strawberry-jam-pastry/,2026-08-11,True,True,https://d2afncas1tel3t.cloudfront.net/wp-content/uploads/2025/04/딸기롤-기본썸넬-1.jpg,,https://www.paris.co.kr/product/strawberry-jam-pastry/,2026-08-11,,,매장별 확인,,
파리바게뜨,딸기라떼 랑그드샤,선물,309.0,4.0,11.0,18.0,90.0,계란|우유|대두|밀|쇠고기,https://www.paris.co.kr/product/strawberry-langue-de-chat/,2026-08-11,True,True,https://d2afncas1tel3t.cloudfront.net/wp-content/uploads/2025/04/PB-랑그드샤_딸기.jpg,,https://www.paris.co.kr/product/strawberry-langue-de-chat/,2026-08-11,,,매장별 확인,,
파리바게뜨,블루베리 마카롱,디저트·스낵,90.0,1.0,1.1,8.0,0.0,계란|우유|대두|쇠고기,https://www.paris.co.kr/product/strawberry-macaron/,2026-08-11,True,True,https://d2afncas1tel3t.cloudfront.net/wp-content/uploads/574735-딸기가나슈-마카롱-_썸네일1-1280x1280.png,상큼한 딸기와 달콤한 가나슈가 어우러진 새콤달콤한 맛의 딸기 마카롱,https://www.paris.co.kr/product/strawberry-macaron/,2026-08-11,,,매장별 확인,,
파리바게뜨,단팥빵,빵,275.0,8.0,2.5,18.0,190.0,계란|우유|대두|밀,https://www.paris.co.kr/product/sweet-red-bean-bread/,2026-08-11,True,True,https://d2afncas1tel3t.cloudfront.net/wp-content/uploads/2019/11/단팥빵-점포조리-썸넬.jpg,,https://www.paris.co.kr/product/sweet-red-bean-bread/,2026-08-11,,,매장별 확인,,
파리바게뜨,단짠 쏘시지(가성비),빵,90.0,3.0,1.7,2.0,210.0,계란|우유|대두|밀|돼지고기|쇠고기|토마토,https://www.paris.co.kr/product/sweet-salty-sausage-bread/,2026-08-11,True,True,https://d2afncas1tel3t.cloudfront.net/wp-content/uploads/2026/02/2.-단짠-쏘시지.png,,https://www.paris.co.kr/product/sweet-salty-sausage-bread/,2026-08-11,,,매장별 확인,,
파리바게뜨,빠삭 꿔바로우,간편식,915.0,37.0,6.0,41.0,1290.0,대두|밀|돼지고기,https://www.paris.co.kr/product/sweet-sour-pork/,2026-08-11,True,True,https://d2afncas1tel3t.cloudfront.net/wp-content/uploads/2025/09/빠삭-꿔바로우-썸넬1.jpg,,https://www.paris.co.kr/product/sweet-sour-pork/,2026-08-11,,,매장별 확인,,
파리바게뜨,티라미수 케이크 (조각),케이크,319.0,5.0,10.0,14.0,110.0,계란|우유|대두|밀|돼지고기,https://www.paris.co.kr/product/tiramisu-cake-piece/,2026-08-11,True,True,https://d2afncas1tel3t.cloudfront.net/wp-content/uploads/2025/02/티라미수-조각-뉴-썸넬.png,,https://www.paris.co.kr/product/tiramisu-cake-piece/,2026-08-11,,,매장별 확인,,
파리바게뜨,티라미수 젤라또바,디저트·스낵,110.0,2.0,2.9,15.0,30.0,우유,https://www.paris.co.kr/product/tiramisu-gelato-ice-cream/,2026-08-11,True,True,https://d2afncas1tel3t.cloudfront.net/wp-content/uploads/2026/02/티라미수-젤라또바.png,,https://www.paris.co.kr/product/tiramisu-gelato-ice-cream/,2026-08-11,,,매장별 확인,,
파리바게뜨,두부크런치 아몬드 피칸,디저트·스낵,225.0,6.0,2.6,6.0,55.0,계란|우유|대두,https://www.paris.co.kr/product/tofu-crunch-almond-pecan/,2026-08-11,True,True,https://d2afncas1tel3t.cloudfront.net/wp-content/uploads/2025/09/두부크런치_아몬드피칸_썸넬1.png,,https://www.paris.co.kr/product/tofu-crunch-almond-pecan/,2026-08-11,,,매장별 확인,,
파리바게뜨,두부크런치 오트 현미,디저트·스낵,185.0,4.0,2.8,6.0,75.0,계란|우유|대두,https://www.paris.co.kr/product/tofu-crunch-oat-brown-rice/,2026-08-11,True,True,https://d2afncas1tel3t.cloudfront.net/wp-content/uploads/2025/09/두부크런치_오트현미_썸넬1.png,,https://www.paris.co.kr/product/tofu-crunch-oat-brown-rice/,2026-08-11,,,매장별 확인,,
파리바게뜨,담백한 두부 샐러드,샌드위치·샐러드,170.0,6.0,1.3,4.0,350.0,계란|대두|밀|토마토,https://www.paris.co.kr/product/tofu-salad/,2026-08-11,True,True,https://d2afncas1tel3t.cloudfront.net/wp-content/uploads/2026/03/담백한두부샐러드.png,,https://www.paris.co.kr/product/tofu-salad/,2026-08-11,,,매장별 확인,,
파리바게뜨,트러플 에그 샌드위치,샌드위치·샐러드,645.0,18.0,6.0,13.0,930.0,계란|우유|대두|밀,https://www.paris.co.kr/product/truffle-egg-sandwich/,2026-08-11,True,True,https://d2afncas1tel3t.cloudfront.net/wp-content/uploads/2025/04/트러플에그샌드위치-썸넬.png,,https://www.paris.co.kr/product/truffle-egg-sandwich/,2026-08-11,,,매장별 확인,,
파리바게뜨,트러플오일 까르보나라,간편식,580.0,23.0,16.0,7.0,960.0,우유|대두|밀|돼지고기|쇠고기|닭고기,https://www.paris.co.kr/product/truffle-oil-carbonara-pasta/,2026-08-11,True,True,https://d2afncas1tel3t.cloudfront.net/wp-content/uploads/2026/04/HMR-트러플오일-까르보나라-파스타_시뮬제품.png,,https://www.paris.co.kr/product/truffle-oil-carbonara-pasta/,2026-08-11,,,매장별 확인,,
파리바게뜨,트러플오일 버섯크림 파스타,간편식,435.0,13.0,12.0,5.0,1020.0,우유|대두|밀|닭고기,https://www.paris.co.kr/product/truffle-oil-mushroom-cream-pasta/,2026-08-11,True,True,https://d2afncas1tel3t.cloudfront.net/wp-content/uploads/2026/04/HMR-트러플오일-버섯크림-파스타_시뮬제품.png,,https://www.paris.co.kr/product/truffle-oil-mushroom-cream-pasta/,2026-08-11,,,매장별 확인,,
파리바게뜨,케익꽈배기도넛,빵,285.0,4.0,4.9,9.0,260.0,계란|우유|대두|밀,https://www.paris.co.kr/product/twist-cake-donuts/,2026-08-11,True,True,https://d2afncas1tel3t.cloudfront.net/wp-content/uploads/2025/07/케익꽈배기도넛-썸넬.png,,https://www.paris.co.kr/product/twist-cake-donuts/,2026-08-11,,,매장별 확인,,
파리바게뜨,우베카페라떼,음료,235.0,6.0,9.0,16.0,90.0,우유|대두,https://www.paris.co.kr/product/ube-cafe-latte/,2026-08-11,True,True,https://d2afncas1tel3t.cloudfront.net/wp-content/uploads/2026/04/우베크림-카페라떼.png,,https://www.paris.co.kr/product/ube-cafe-latte/,2026-08-11,,,매장별 확인,,
파리바게뜨,우베코코넛워터,음료,195.0,1.0,8.0,14.0,55.0,우유|대두,https://www.paris.co.kr/product/ube-coconut-water/,2026-08-11,True,True,https://d2afncas1tel3t.cloudfront.net/wp-content/uploads/2026/04/우베코코넛워터.png,,https://www.paris.co.kr/product/ube-coconut-water/,2026-08-11,,,매장별 확인,,
파리바게뜨,우베컵빙수,음료,545.0,11.0,3.0,62.0,280.0,우유|대두|밀,https://www.paris.co.kr/product/ube-cup-shaved-ice/,2026-08-11,True,True,https://d2afncas1tel3t.cloudfront.net/wp-content/uploads/2026/04/우베컵빙수.png,,https://www.paris.co.kr/product/ube-cup-shaved-ice/,2026-08-11,,,매장별 확인,,
파리바게뜨,우베생크림빵,빵,290.0,5.0,11.0,14.0,220.0,계란|우유|대두|밀,https://www.paris.co.kr/product/ube-fresh-cream-bread/,2026-08-11,True,True,https://d2afncas1tel3t.cloudfront.net/wp-content/uploads/2026/04/우베생크림빵.png,,https://www.paris.co.kr/product/ube-fresh-cream-bread/,2026-08-11,,,매장별 확인,,
파리바게뜨,우베라떼,음료,285.0,8.0,6.0,25.0,140.0,우유|대두,https://www.paris.co.kr/product/ube-latte/,2026-08-11,True,True,https://d2afncas1tel3t.cloudfront.net/wp-content/uploads/2026/04/우베라떼.png,,https://www.paris.co.kr/product/ube-latte/,2026-08-11,,,매장별 확인,,
파리바게뜨,슈크림슈,디저트·스낵,60.0,1.0,0.7,2.0,15.0,계란|우유|대두|밀,https://www.paris.co.kr/product/vanilla-bean-custard-cream-choux/,2026-08-11,True,True,https://d2afncas1tel3t.cloudfront.net/wp-content/uploads/2025/07/바닐라빈슈크림-슈-썸넬.jpg,,https://www.paris.co.kr/product/vanilla-bean-custard-cream-choux/,2026-08-11,,,매장별 확인,,
파리바게뜨,바닐라라떼,음료,210.0,7.0,5.0,25.0,105.0,우유,https://www.paris.co.kr/product/vanilla-latte/,2026-08-11,True,True,https://d2afncas1tel3t.cloudfront.net/wp-content/uploads/200507_카페라떼.jpg,,https://www.paris.co.kr/product/vanilla-latte/,2026-08-11,,,매장별 확인,,
파리바게뜨,바닐라 마카롱,디저트·스낵,95.0,1.0,1.6,9.0,5.0,계란|우유|대두,https://www.paris.co.kr/product/vanilla-macaron/,2026-08-11,True,True,https://d2afncas1tel3t.cloudfront.net/wp-content/uploads/574737-바닐라-마카롱_썸네일1-1280x1280.png,바닐라빈의 풍부한 맛괴 향을 살린 바닐라 마카롱,https://www.paris.co.kr/product/vanilla-macaron/,2026-08-11,,,매장별 확인,,
파리바게뜨,바닐라 사브레,선물,445.0,5.0,14.0,18.0,150.0,계란|우유|밀,https://www.paris.co.kr/product/vanilla-sable/,2026-08-11,True,True,https://d2afncas1tel3t.cloudfront.net/wp-content/uploads/2025/08/바닐라-사브레-썸넬.png,,https://www.paris.co.kr/product/vanilla-sable/,2026-08-11,,,매장별 확인,,
파리바게뜨,야채감자 샐러드고로케,빵,345.0,7.0,3.5,7.0,430.0,계란|우유|대두|밀|돼지고기|닭고기,https://www.paris.co.kr/product/vegetable-potato-croquette/,2026-08-11,True,True,https://d2afncas1tel3t.cloudfront.net/wp-content/uploads/2023/10/07야차감자고로케_단면.jpg,,https://www.paris.co.kr/product/vegetable-potato-croquette/,2026-08-11,,,매장별 확인,,
파리바게뜨,[파란라벨]호두호밀 사워도우(H),빵,610.0,21.0,2.2,9.0,1040.0,밀,https://www.paris.co.kr/product/walnut-rye-sourdough-bread/,2026-08-11,True,True,https://d2afncas1tel3t.cloudfront.net/wp-content/uploads/2026/03/호두호밀-사워도우.png,,https://www.paris.co.kr/product/walnut-rye-sourdough-bread/,2026-08-11,,,매장별 확인,,
파리바게뜨,[파란라벨]통곡물 깜빠뉴,빵,790.0,25.0,3.9,19.0,1120.0,우유|대두|밀,https://www.paris.co.kr/product/whole-grain-bread/,2026-08-11,True,True,https://d2afncas1tel3t.cloudfront.net/wp-content/uploads/2025/02/통곡물깜빠뉴-01.jpg,,https://www.paris.co.kr/product/whole-grain-bread/,2026-08-11,,,매장별 확인,,
파리바게뜨,홀그레인 머핀,빵,305.0,5.0,2.4,14.0,200.0,계란|우유|대두|밀|땅콩,https://www.paris.co.kr/product/whole-grain-muffin/,2026-08-11,True,True,https://d2afncas1tel3t.cloudfront.net/wp-content/uploads/2026/04/홀그레인머핀-제품.png,,https://www.paris.co.kr/product/whole-grain-muffin/,2026-08-11,,,매장별 확인,,
파리바게뜨,[파란라벨]쫄깃담백 루스틱,빵,520.0,18.0,0.0,3.0,1050.0,우유|대두|밀,https://www.paris.co.kr/product/whole-grain-sourdough-bread/,2026-08-11,True,True,https://d2afncas1tel3t.cloudfront.net/wp-content/uploads/2025/02/쫄깃담백-루스틱-슬라이스.jpg,,https://www.paris.co.kr/product/whole-grain-sourdough-bread/,2026-08-11,,,매장별 확인,,
